Section	Key	English	Amharic	Oromo	Tigrinya	Somali
common	common.loading	Loading...	በመጫን ላይ...	Fe'aa jira...	ይጸዓን ኣሎ...	Waa la soo rarayaa...
common	common.save	Save	አስቀምጥ	Olchi	ኣቐምጥ	Kaydi
common	common.cancel	Cancel	ሰርዝ	Haqi	ሰርዝ	Ka noqo
common	common.delete	Delete	ሰርዝ	Haqi	ደምስስ	Tirtir
common	common.edit	Edit	አርትዕ	Gulaali	ኣርትዕ	Wax ka bedel
common	common.create	Create	ፍጠር	Uumi	ፍጠር	Samee
common	common.search	Search	ፈልግ	Barbaadi	ድለ	Raadi
common	common.filter	Filter	አጣራ	Calalii	ጸሪ	Shaandhee
common	common.export	Export	ላክ	Ergi	ስደድ	Dhoofso
common	common.import	Import	አስገባ	Galchi	ኣእቱ	Soo dhoofi
common	common.back	Back	ተመለስ	Duuba	ተመለስ	Dib u noqo
common	common.next	Next	ቀጣይ	Itti Aanee	ዝቕጽል	Xiga
common	common.submit	Submit	አስገባ	Galchi	ኣእቱ	Gudbi
common	common.confirm	Confirm	አረጋግጥ	Mirkaneessi	ኣረጋግጽ	Xaqiiji
common	common.close	Close	ዝጋ	Cufi	ዕጸው	Xidh
common	common.yes	Yes	አዎ	Eeyyee	እወ	Haa
common	common.no	No	አይ	Lakki	ኣይፋል	Maya
common	common.or	or	ወይም	ykn	ወይ	ama
common	common.and	and	እና	fi	ን	iyo
common	common.all	All	ሁሉም	Hundaa	ኩሉ	Dhammaan
common	common.none	None	ምንም	Homaa	ዋላሓደ	Midna
common	common.noResults	No results found	ምንም ውጤት አልተገኘም	Bu'aan hin argamne	ውጽኢት ኣይተረኽበን	Natiijo lama helin
common	common.viewAll	View all	ሁሉንም ይመልከቱ	Hundaa Ilaali	ኩሉ ርአ	Dhammaan arag
common	common.learnMore	Learn more	ተጨማሪ ይወቁ	Dabalata Barbaadi	ተወሳኺ ፍለጥ	Wax badan baro
common	common.getStarted	Get Started	ጀምር	Jalqabi	ጀምር	Bilow
common	common.signIn	Sign In	ግባ	Seeni	እቶ	Soo gal
common	common.signUp	Sign Up	ተመዝገብ	Galmaa'i	ተመዝገብ	Isdiiwaangeli
common	common.signOut	Sign Out	ውጣ	Ba'i	ውጻእ	Ka bax
common	common.continueBtn	Continue	ቀጥል	Itti Fufi	ቀጽል	Sii wad
common	common.refresh	Refresh	አድስ	Haaromsi	ኣሐድስ	Cusboonaysii
common	common.actions	Actions	ድርጊቶች	Gocha	ተግባራት	Ficilada
common	common.status	Status	ሁኔታ	Haala	ኩነታ	Xaalad
common	common.name	Name	ስም	Maqaa	ስም	Magac
common	common.description	Description	ገለጻ	Ibsa	መግለጺ	Sharaxaad
common	common.date	Date	ቀን	Guyyaa	ዕለት	Taariikh
common	common.type	Type	ዓይነት	Gosa	ዓይነት	Nooc
common	common.tags	Tags	መለያዎች	Mallattoolee	መለለዪታት	Summado
common	common.notes	Notes	ማስታወሻዎች	Yaadannoo	ማስታወሻታት	Qoraallo
common	common.project	Project	ፕሮጀክት	Pirojektii	ፕሮጀክት	Mashruuc
common	common.title	Title	ርዕስ	Mata-duree	ኣርእስቲ	Cinwaan
common	common.owner	Owner	ባለቤት	Abbaa Qabeenyaa	ዋና	Milkiilaha
common	common.lead	Lead	መሪ	Hogganaa	መራሒ	Hogaamiyaha
common	common.assignee	Assignee	ተመዳቢ	Itti Ramadame	ተመዳቢ	Qofka loo xilsaaray
common	common.unassigned	Unassigned	ያልተመደበ	Hin Ramadamne	ዘይተመደበ	La xilsaarin
common	common.priority	Priority	ቅድሚያ	Dursa	ቀዳምነት	Mudnaanta
common	common.dueDate	Due Date	የመጨረሻ ቀን	Guyyaa Xumuraa	ናይ ምውዳእ ዕለት	Taariikhda dhammaadka
common	common.startDate	Start Date	የመጀመሪያ ቀን	Guyyaa Jalqabaa	ናይ ምጅማር ዕለት	Taariikhda bilowga
common	common.createdDate	Created Date	የተፈጠረበት ቀን	Guyyaa Uumame	ዝተፈጥረሉ ዕለት	Taariikhda la sameeyey
common	common.notSet	Not set	አልተቀመጠም	Hin qindaa'in	ኣይተቐመጠን	Lama dejin
common	common.noDescription	No description	ገለጻ የለም	Ibsi hin jiru	መግለጺ የለን	Sharaxaad ma jirto
common	common.saving	Saving...	በማስቀመጥ ላይ...	Olchaa jira...	ይቕመጥ ኣሎ...	Waa la kaydiyaa...
common	common.creating	Creating...	በመፍጠር ላይ...	Uumaa jira...	ይፍጠር ኣሎ...	Waa la samaynayaa...
common	common.deleting	Deleting...	በመሰረዝ ላይ...	Haqaa jira...	ይድምሰስ ኣሎ...	Waa la tirtirayaa...
common	common.updating	Updating...	በማዘመን ላይ...	Haaromsaa jira...	ይሕደስ ኣሎ...	Waa la cusbooneysiinayaa...
common	common.uploading	Uploading...	በመስቀል ላይ...	Olkaa'aa jira...	ይጸዓን ኣሎ...	Waa la soo rarayaa...
common	common.analyzing	Analyzing...	በመተንተን ላይ...	Xiinxalaa jira...	ይተነትን ኣሎ...	Waa la falanqeynayaa...
common	common.processing	Processing...	በማስተናገድ ላይ...	Gaggeessaa jira...	ይስራሕ ኣሎ...	Waa la habeeynayaa...
common	common.approve	Approve	ፍቀድ	Hayyami	ኣጽድቕ	Ansiixi
common	common.reject	Reject	ውድቅ አድርግ	Didi	ንጸግ	Diid
common	common.active	Active	ንቁ	Hojii Irra	ንጡፍ	Firfircoon
common	common.inactive	Inactive	ንቁ ያልሆነ	Hojii Ala	ዘይንጡፍ	Aan firfircoonayn
common	common.pending	Pending	በመጠባበቅ ላይ	Eeggataa	ኣብ ምጽባይ	Waa la sugayaa
common	common.copy	Copy	ቅዳ	Garagalchi	ቅዳሕ	Koobbi
common	common.copied	Copied	ተቀድቷል	Garagalchame	ተቐዲሑ	La koobiyeeyey
common	common.retry	Retry	እንደገና ሞክር	Irra Deebi'i	ዳግማይ ፈትን	Mar kale isku day
common	common.download	Download	አውርድ	Buufadhu	ኣውርድ	Soo dejiso
common	common.upload	Upload	ስቀል	Olkaa'i	ጸዓን	Soo rar
common	common.remove	Remove	አስወግድ	Haqi	ኣልግስ	Ka saar
common	common.add	Add	ጨምር	Dabali	ወስኽ	Ku dar
common	common.new	New	አዲስ	Haaraa	ሓድሽ	Cusub
common	common.view	View	ይመልከቱ	Ilaali	ርአ	Arag
common	common.viewDetails	View Details	ዝርዝር ይመልከቱ	Bal'inaan Ilaali	ዝርዝር ርአ	Faahfaahin arag
common	common.manage	Manage	አስተዳድር	Bulchi	ኣመሓድር	Maamul
common	common.configure	Configure	አዋቅር	Qindeessi	ኣወዳድብ	Habeyn
common	common.enable	Enable	አንቃ	Dandeessisi	ኣብርህ	Daar
common	common.disable	Disable	አቦዝን	Dhaamsi	ኣጥፍእ	Dami
common	common.required	Required	አስፈላጊ	Dirqama	ግዴታ	Loo baahan yahay
common	common.optional	Optional	አማራጭ	Filannoo	ኣማራጺ	Ikhtiyaari
common	common.showing	Showing	በማሳየት ላይ	Mul'isaa jira	ይርአ ኣሎ	Waxaa muuqda
common	common.of	of	ከ	keessaa	ካብ	ka mid ah
common	common.page	Page	ገጽ	Fuula	ገጽ	Bogga
common	common.previous	Previous	ቀዳሚ	Duraanii	ዝሓለፈ	Hore
common	common.results	results	ውጤቶች	bu'aawwan	ውጽኢታት	natiijooyin
common	common.selected	Selected	የተመረጠ	Filatame	ዝተመርጸ	La doortay
common	common.selectAll	Select all	ሁሉንም ምረጥ	Hundaa fili	ኩሉ ምረጽ	Dhammaan dooro
common	common.clearAll	Clear all	ሁሉንም አጽዳ	Hundaa haqi	ኩሉ ኣጽሪ	Dhammaan tirtir
common	common.apply	Apply	ተግብር	Raawwadhu	ኣተግብር	Dabaq
common	common.reset	Reset	ዳግም አስጀምር	Deebi'i	ዳግማይ ጀምር	Dib u bilow
common	common.done	Done	ተጠናቅቋል	Xumurame	ተወዲኡ	La dhammeeyey
common	common.skip	Skip	ዝለል	Irra Darbi	ዝለል	Ka bood
common	common.total	Total	ጠቅላላ	Waliigalaa	ጠቕላላ	Wadarta
common	common.summary	Summary	ማጠቃለያ	Cuunfaa	ጽሟቕ	Soo koobid
common	common.details	Details	ዝርዝር	Bal'ina	ዝርዝር	Faahfaahin
common	common.overview	Overview	አጠቃላይ እይታ	Ilaalcha Waliigalaa	ሓፈሻዊ ትዕዝብቲ	Guud mar
common	common.size	Size	መጠን	Hanga	ዓቐን	Cabbirka
common	common.category	Category	ምድብ	Ramaddii	ክፍሊ	Qaybta
common	common.createdBy	Created By	የተፈጠረው በ	Kan Uume	ዝፈጠሮ	Waxaa sameeyey
common	common.updatedBy	Updated By	የተዘመነው በ	Kan Haaromse	ዝሓደሶ	Waxaa cusbooneysiiyey
common	common.lastUpdated	Last Updated	ለመጨረሻ ጊዜ የተዘመነ	Yeroo Dhiyoo Haaromfame	ናይ መወዳእታ ምሕዳስ	Markii ugu dambeysay la cusbooneysiiyey
common	common.searchPlaceholder	Search...	ፈልግ...	Barbaadi...	ድለ...	Raadi...
common	common.noData	No data available	ዳታ የለም	Daataan hin jiru	ዳታ ኣይተረኽበን	Xog lama hayo
common	common.comingSoon	Coming soon	በቅርቡ ይመጣል	Dhiyootti ni dhufa	ኣብ ቀረባ ይመጽእ	Waa iman doontaa dhowaan
common	common.beta	Beta	Beta	Beta	ቤታ	Beta
common	common.deprecated	Deprecated	ጊዜው ያለፈበት	Yeroon Isaa Darbe	ዘይንጥቀመሉ	Lama isticmaalo
common	common.expandSidebar	Expand sidebar	የጎን አሞሌ ዘርጋ	Cinaa-barruu bal'isi	ጎኒ ኣስፍሕ	Dhinaca ballaarso
common	common.collapseSidebar	Collapse sidebar	የጎን አሞሌ ሰብስብ	Cinaa-barruu dhiphisi	ጎኒ ጸባብ	Dhinaca yaree
common	common.skipToMainContent	Skip to main content	ወደ ዋና ይዘት ዝለል	Gara qabiyyee ijootti utaali	ናብ ቀንዲ ትሕዝቶ ዝለል	U bood qoraalka ugu muhiimsan
common	common.changeLanguage	Change language	ቋንቋ ቀይር	Afaan jijjiiri	ቋንቋ ቀይር	Luuqadda bedel
common	common.noGrouping	No grouping	ምንም ቡድን	Ramaddii malee	ዝኾነ ጉጅለ የለን	Kooxayn la'aan
common	common.listView	List View	ዝርዝር እይታ	Ilaalcha Tarree	ናይ ዝርዝር ትርኢት	Aragtida liiska
common	common.boardView	Board View	ቦርድ እይታ	Ilaalcha Boordii	ናይ ሰሌዳ ትርኢት	Aragtida sambalka
common	common.compactView	Compact View	ጥቅል እይታ	Ilaalcha Dhiphoo	ጽሙቕ ትርኢት	Aragtida kooban
common	common.more	More	ተጨማሪ	Dabalata	ተወሳኺ	Wax badan
common	common.items	items	ዕቃዎች	wantoota	ኣቑሑት	waxyaabo
common	common.createTask	Create task	ተግባር ፍጠር	Hojii uumi	ተግባር ፍጠር	Hawl samee
common	common.whatNeedsDone	What needs to be done?	ምን መሠራት አለበት?	Maaltu hojjetamuu qaba?	እንታይ ክግበር ኣለዎ?	Maxaa loo baahan yahay in la qabto?
common	common.noMatchFilters	No tasks match your current filters.	ከአሁኑ ማጣሪያዎችዎ ጋር የሚዛመድ ተግባር የለም።	Hojiin calaloo keessan waliin wal simu hin jiru.	ምስ ሕጂ ጸሪኻ ዝሰማማዕ ተግባር የለን።	Hawl la helin shaandhayaashaada hadda.
common	common.createFirstTask	Create your first task	የመጀመሪያ ተግባርዎን ይፍጠሩ	Hojii jalqabaa keessan uumaa	ቀዳማይ ተግባርካ ፍጠር	Hawshaada koowaad samee
nav	nav.home	Home	መነሻ	Fuula Jalqabaa	መበገሲ	Bogga hore
nav	nav.projects	Projects	ፕሮጀክቶች	Pirojektota	ፕሮጀክትታት	Mashruucyo
nav	nav.allProjects	All Projects	ሁሉም ፕሮጀክቶች	Pirojektota Hundaa	ኩሎም ፕሮጀክትታት	Dhammaan mashruucyada
nav	nav.issues	Issues	ጉዳዮች	Dhimmoota	ጉዳያት	Arrimaha
nav	nav.goals	Goals	ግቦች	Galmoota	ዕላማታት	Hadafyada
nav	nav.teams	Teams	ቡድኖች	Gareelee	ጋንታታት	Kooxaha
nav	nav.budget	Budget	በጀት	Baajeta	በጀት	Miisaaniyad
nav	nav.development	Development	ልማት	Misoomaa	ምዕባለ	Horumarinta
nav	nav.marketing	Marketing	ግብይት	Gabaa	ዕዳጋ	Suuq-geynta
nav	nav.operations	Operations	ተግባራት	Hojiiwwan	ስርሒታት	Hawlgallada
nav	nav.research	Research	ምርምር	Qorannoo	ምርምር	Cilmi baadhis
nav	nav.knowledge	Knowledge	እውቀት	Beekumsa	ፍልጠት	Aqoonta
nav	nav.docs	Docs & Spaces	ሰነዶች	Dokumantoota	ሰነዳት	Dukumentiyo
nav	nav.allSpaces	All Spaces	ሁሉም ቦታዎች	Iddoowwan Hundaa	ኩሎም ቦታታት	Dhammaan meelaha
nav	nav.recentPages	Recent Pages	የቅርብ ገጾች	Fuulota Dhiyoo	ናይ ቀረባ ገጻት	Bogagga dhowaan
nav	nav.settings	Settings	ቅንብሮች	Qindaa'ina	ቅጥዒታት	Dejinta
nav	nav.notifications	Notifications	ማሳወቂያዎች	Beeksisa	ሓበሬታታት	Ogeysiisyada
nav	nav.viewAllProjects	View all projects →	ሁሉንም ፕሮጀክቶች ይመልከቱ →	Pirojektota hundaa ilaali →	ኩሎም ፕሮጀክትታት ርአ →	Dhammaan mashruucyada arag →
nav	nav.backToHomepage	Return to Homepage	ወደ መነሻ ገጽ ተመለስ	Gara Fuula Jalqabaatti Deebi'i	ናብ መበገሲ ገጽ ተመለስ	Ku noqo Bogga Hore
nav	nav.searchPlaceholder	Search or jump to...	ፈልግ ወይም ዝለል ወደ...	Barbaadi ykn utaali gara...	ድለ ወይ ዝለል ናብ...	Raadi ama u bood...
nav	nav.createNew	+ Create	+ ፍጠር	+ Uumi	+ ፍጠር	+ Samee
nav	nav.calendar	Calendar	ቀን መቁጠሪያ	Kaaleendarii	ዓውደ-ኣዋርሕ	Kalandarka
nav	nav.timeline	Timeline	የጊዜ ሰሌዳ	Sarara Yeroo	ናይ ግዜ ሰሌዳ	Jadwalka waqtiga
nav	nav.reports	Reports	ሪፖርቶች	Gabaasaalee	ጸብጻባት	Warbixinno
nav	nav.automation	Automation	አውቶሜሽን	Ofumaan Hojjachuu	ኦቶመይሽን	Otomaatik
nav	nav.wiki	Wiki	ዊኪ	Wiikii	ዊኪ	Wiiki
nav	nav.aiDocuments	AI Documents	AI ሰነዶች	Dokumantoota AI	AI ሰነዳት	Dukumentiyada AI
nav	nav.starred	Starred	የተመረጡ	Urjii	ዝተመልከቱ	La xiddigaysanay
nav	nav.workspaces	Workspaces	የሥራ ቦታዎች	Iddoo Hojii	ናይ ስራሕ ቦታታት	Goobaha shaqada
nav	nav.backlog	Backlog	ባክሎግ	Tarree Eeggataa	ባክሎግ	Shaqada sugaysa
nav	nav.releases	Releases	ልቀቶች	Gadhiisota	ምልቃቓት	Sii daynta
nav	nav.codeReview	Code Review	ኮድ ግምገማ	Gamaaggama Koodii	ናይ ኮድ ግምገማ	Dib u eegista koodhka
nav	nav.socialMedia	Social Media	ማህበራዊ ሚዲያ	Miidiyaa Hawaasaa	ማሕበራዊ ሚድያ	Baraha bulshada
nav	nav.analytics	Analytics	ትንታኔ	Xiinxala	ትንተና	Falanqaynta
nav	nav.campaigns	Campaigns	ዘመቻዎች	Duulaawwan	ዘመተታት	Ololayaal
nav	nav.incidents	Incidents	ክስተቶች	Mudannoowwan	ፍጻመታት	Dhacdooyinka
nav	nav.monitoring	Monitoring	ክትትል	To'annoo	ክትትል	La socodka
nav	nav.checklists	Checklists	ቼክሊስቶች	Tarree Sakatta'iinsaa	ናይ መርኣያ ዝርዝር	Liiska hubinta
nav	nav.data	Data	ዳታ	Daataa	ዳታ	Xogta
nav	nav.findings	Findings	ግኝቶች	Argannoo	ረኽቦታት	Natiijooyinka
nav	nav.plans	Plans	ዕቅዶች	Karoora	ውጥናት	Qorshayaal
nav	nav.materials	Materials	ቁሳቁሶች	Meeshaalee	ኣቑሑት	Agabka
nav	nav.inspections	Inspections	ምርመራዎች	Sakatta'iinsa	ምርመራታት	Kormeernta
nav	nav.members	Members	አባላት	Miseensota	ኣባላት	Xubnaha
nav	nav.integrations	Integrations	ውህደቶች	Walitti Makamtii	ውህደታት	Isku xidhka
nav	nav.createIssue	Create Issue	ጉዳይ ፍጠር	Dhimma Uumi	ጉዳይ ፍጠር	Arrin samee
nav	nav.createProject	Create Project	ፕሮጀክት ፍጠር	Pirojektii Uumi	ፕሮጀክት ፍጠር	Mashruuc samee
nav	nav.uploadDocument	Upload Document	ሰነድ ስቀል	Dokumantii Olkaa'i	ሰነድ ጸዓን	Dukumenti soo rar
nav	nav.light	Light	ብሩህ	Ifaa	ብሩህ	Iftiinka
nav	nav.dark	Dark	ጨለማ	Dukkana	ጸልማት	Mugdiga
nav	nav.system	System	ስርዓት	Sirna	ስርዓት	Nidaamka
nav	nav.help	Help	እርዳታ	Gargaarsa	ሓገዝ	Caawimo
nav	nav.seePlans	See Plans	ዕቅዶች ይመልከቱ	Karoora Ilaali	ውጥናት ርአ	Qorshayaasha arag
nav	nav.issue	Issue	ጉዳይ	Dhimma	ጉዳይ	Arrin
nav	nav.wikiPage	Wiki Page	የዊኪ ገጽ	Fuula Wiikii	ናይ ዊኪ ገጽ	Bogga Wiiki
nav	nav.documents	Documents	ሰነዶች	Dokumantoota	ሰነዳት	Dukumentiyada
nav	nav.procurement	Procurement	ግዢ	Bittaa	ግዝኣት	Iibsashada
nav	nav.compliance	Compliance	ተገዢነት	Hordoffii Seeraa	ምትሕልላው	Waafaqsanaanta
nav	nav.grants	Grants	ድጎማዎች	Deeggarsota	ውህባት	Deeqaha
nav	nav.impact	Impact	ተፅዕኖ	Dhiibbaa	ጽልዋ	Saameynta
nav	nav.courses	Courses	ኮርሶች	Koorsiiwwan	ኮርሳት	Koorsooyin
nav	nav.sites	Sites	ቦታዎች	Iddoowwan	ቦታታት	Goobaha
nav	nav.equipment	Equipment	መሣሪያዎች	Meeshaalee	መሳርሒታት	Qalabka
nav	nav.safety	Safety	ደህንነት	Nageenya	ድሕነት	Badbaadada
nav	nav.facilities	Facilities	ተቋማት	Dhaabbilee	ትካላት	Xarumaha
nav	nav.medical	Medical	ሕክምና	Yaalaa	ሕክምና	Caafimaad
nav	nav.resources	Resources	ሀብቶች	Qabeenya	ጸጋታት	Kheyraadka
dashboard	dashboard.title	Dashboard	ዳሽቦርድ	Daashboordii	ዳሽቦርድ	Dashboork
dashboard	dashboard.welcome	Welcome back	እንኳን ደህና መጡ	Baga nagaan dhuftan	እንኳዕ ደሓን መጻእካ	Ku soo dhawoow
dashboard	dashboard.failedToLoad	Failed to load dashboard data	የዳሽቦርድ ዳታ መጫን አልተሳካም	Daataa daashboordii fe'uu hin dandeenye	ናይ ዳሽቦርድ ዳታ ምጽዓን ኣይከኣለን	Xogta dashboorkka soo dejin la waayay
dashboard	dashboard.tryRefreshing	Try refreshing the page or signing in again.	ገጹን ያድሱ ወይም እንደገና ይግቡ።	Fuula haaromsuun yaalaa ykn irra deebi'uun seenaa.	ገጹ ኣሐድሶ ወይ ዳግማይ እቶ።	Bogga cusboonaysii ama mar kale soo gal.
dashboard	dashboard.completed	Completed	የተጠናቀቁ	Xumuraman	ዝተወድኡ	La dhammeeyey
dashboard	dashboard.updated	Updated	የተዘመኑ	Haaromfaman	ዝተሓደሱ	La cusbooneysiiyey
dashboard	dashboard.created	Created	የተፈጠሩ	Uumaman	ዝተፈጥሩ	La sameeyey
dashboard	dashboard.dueSoon	Due Soon	ጊዜያቸው የቀረበ	Yeroon Dhiyaate	ግዜኡ ዝቐረበ	Dhowaan oo la gaadhayo
dashboard	dashboard.inLast7Days	in the last 7 days	ባለፉት 7 ቀናት	guyyoota 7 darban keessatti	ኣብ ዝሓለፉ 7 መዓልታት	7dii maalmood ee la soo dhaafay
dashboard	dashboard.inNext7Days	in the next 7 days	በሚቀጥሉት 7 ቀናት	guyyoota 7 dhufan keessatti	ኣብ ዝቕጽሉ 7 መዓልታት	7da maalmood ee soo socda
dashboard	dashboard.details	Details →	ዝርዝር →	Bal'inaan →	ዝርዝር →	Faahfaahin →
dashboard	dashboard.statusOverview	Status overview	የሁኔታ አጠቃላይ እይታ	Haala Waliigalaa	ሓፈሻዊ ኩነታ	Guud mar ka eeg xaaladda
dashboard	dashboard.statusDescription	Get a snapshot of the status of your work items. Click anywhere to drill down.	የሥራ ዕቃዎችዎን ሁኔታ ቅጽበታዊ ምስል ያግኙ። ለዝርዝር ጠቅ ያድርጉ።	Haala hojii keessanii ilaaladhaa. Bal'inaan ilaaluuf cuqaasaa.	ናይ ስራሕ ኣቑሑትካ ኩነታ ቅጽበታዊ ስእሊ ርአ። ንዝርዝር ጠውቕ።	Sawir degdeg ah ka hel xaaladda shaqadaada. Meelkasta guji si aad u qoto u dheeraato.
dashboard	dashboard.clickToViewDetails	Click to view details →	ዝርዝር ለማየት ጠቅ ያድርጉ →	Bal'inaan ilaaluuf cuqaasaa →	ዝርዝር ንምርኣይ ጠውቕ →	Guji si aad faahfaahin u aragto →
dashboard	dashboard.totalItems	Total items	ጠቅላላ ዕቃዎች	Wantoota Waliigalaa	ጠቕላላ ኣቑሑት	Wadarta waxyaabaha
dashboard	dashboard.recentActivity	Recent activity	የቅርብ ጊዜ እንቅስቃሴ	Soochii Dhiyoo	ናይ ቀረባ ግዜ ንጥፈታት	Dhaqdhaqaaqyada dhowaan
dashboard	dashboard.recentActivityDescription	Stay up to date with what's happening across your organization.	በድርጅትዎ ውስጥ ስለሚደረጉ ነገሮች ወቅታዊ ይሁኑ።	Waan dhaabbata keessan keessatti ta'aa jiru hordofaa.	ኣብ ትካልካ ዝካየድ ዘሎ ነገር ተኸታተል።	La soco waxa ka dhacaya hay'addaada oo dhan.
dashboard	dashboard.aiPowered	AI-Powered	AI-የተጎለበተ	AI-n Kan Deeggarame	ብAI ዝተሓየለ	AI ku shaqeeya
dashboard	dashboard.noActivityYet	No activity yet	እስካሁን ምንም እንቅስቃሴ የለም	Hanga ammaatti soochiin hin jiru	ክሳብ ሕጂ ንጥፈት የለን	Weli dhaqdhaqaaq ma jiro
dashboard	dashboard.noActivityDescription	Activity will appear here as team members work on tasks, projects, and goals.	የቡድን አባላት በተግባራት፣ በፕሮጀክቶች እና በግቦች ላይ ሲሰሩ እንቅስቃሴ እዚህ ይታያል።	Miseensonni garee hojii, pirojektii fi galma irratti yeroo hojjetan soochiin as mul'ata.	ኣባላት ጋንታ ኣብ ተግባራት፣ ፕሮጀክትታትን ዕላማታትን ክሰርሑ ከለዉ ንጥፈት ኣብዚ ይረአ።	Dhaqdhaqaaq halkan ayuu ka muuqan doonaa marka xubnaha kooxdu ay ku shaqeeyaan hawlaha, mashruucyada iyo hadafyada.
dashboard	dashboard.failedToLoadActivities	Failed to load activities	እንቅስቃሴዎችን መጫን አልተሳካም	Soochii fe'uu hin dandeenye	ንጥፈታት ምጽዓን ኣይከኣለን	Dhaqdhaqaaqyada soo dejin la waayay
dashboard	dashboard.priorityBreakdown	Priority breakdown	የቅድሚያ ክፍፍል	Qooddii Dursa	ናይ ቀዳምነት ክፍፍል	Kala soocidda mudnaanta
dashboard	dashboard.priorityDescription	Get a holistic view of how work is being prioritized.	ሥራ እንዴት ቅድሚያ እንደሚሰጠው አጠቃላይ እይታ ያግኙ።	Hojiin akkamitti dursa akka argatu ilaalcha waliigalaa argadhaa.	ስራሕ ከመይ ቀዳምነት ከም ዝወሃቦ ሓፈሻዊ ትዕዝብቲ ርአ።	Aragtida guud ee sida shaqada mudnaanta loo siinayo hel.
dashboard	dashboard.typesOfWork	Types of work	የሥራ ዓይነቶች	Gosa Hojii	ዓይነታት ስራሕ	Noocyada shaqada
dashboard	dashboard.viewAllItems	View all items	ሁሉንም ዕቃዎች ይመልከቱ	Wantoota hundaa ilaali	ኩሎም ኣቑሑት ርአ	Dhammaan waxyaabaha arag
dashboard	dashboard.sessionLoadingIssue	Session Loading Issue	የክፍለ ጊዜ መጫን ችግር	Rakkoo Seeshiinii Fe'uu	ናይ ሰሽን ምጽዓን ጸገም	Dhibaatada soo raritaanka fadhiga
dashboard	dashboard.sessionLoadingDesc	The session is taking longer than expected to load. This might be a configuration issue.	ክፍለ ጊዜው ከተጠበቀው በላይ ለመጫን ጊዜ እየወሰደ ነው። ይህ የውቅር ችግር ሊሆን ይችላል።	Seeshiiniin fe'amuuf yeroo eegame caalaa fudhachaa jira. Rakkoo qindaa'inaa ta'uu danda'a.	ሰሽን ካብ ዝጽበያዮ ንላዕሊ ግዜ ይወስድ ኣሎ። ናይ ኣወዳድባ ጸገም ክኸውን ይኽእል።	Fadhigu wuxuu qaadanayaa waqti ka badan inta la filayey. Tani waxay noqon kartaa dhibaato habayn.
dashboard	dashboard.goToSignIn	Go to Sign In	ወደ መግቢያ ሂድ	Gara Seensaatti Deemi	ናብ ምእታው ኪድ	U tag soo galitaanka
dashboard	dashboard.pleaseSignIn	Please sign in to view the calendar.	ቀን መቁጠሪያውን ለማየት እባክዎ ይግቡ።	Kaaleendarii ilaaluuf maaloo seenaa.	ዓውደ-ኣዋርሕ ንምርኣይ በጃኻ እቶ።	Fadlan soo gal si aad kalandarka u aragto.
dashboard	dashboard.loadingCalendar	Loading calendar...	ቀን መቁጠሪያ በመጫን ላይ...	Kaaleendarii fe'aa jira...	ዓውደ-ኣዋርሕ ይጸዓን ኣሎ...	Kalandarka waa la soo rarayaa...
dashboard	dashboard.manageMembers	Manage Members & Teams	አባላትን እና ቡድኖችን አስተዳድር	Miseensota fi Gareelee Bulchi	ኣባላትን ጋንታታትን ኣመሓድር	Maamul xubnaha & kooxaha
dashboard	dashboard.yourProjects	Your Projects	የእርስዎ ፕሮጀክቶች	Pirojektota Kee	ፕሮጀክትታትካ	Mashruucyadaada
dashboard	dashboard.loadingIssues	Loading issues...	ጉዳዮችን በመጫን ላይ...	Dhimmoota fe'aa jira...	ጉዳያት ይጸዓኑ ኣለዉ...	Arrimaha waa la soo rarayaa...
dashboard	dashboard.loadingBoard	Loading board...	ቦርድ በመጫን ላይ...	Boordii fe'aa jira...	ሰሌዳ ይጸዓን ኣሎ...	Sambalka waa la soo rarayaa...
dashboard	dashboard.pleaseSignInBoard	Please sign in to view the board.	ቦርዱን ለማየት እባክዎ ይግቡ።	Boordii ilaaluuf maaloo seenaa.	ሰሌዳ ንምርኣይ በጃኻ እቶ።	Fadlan soo gal si aad sambalka u aragto.
dashboard	dashboard.noTasks	No tasks	ተግባር የለም	Hojiin hin jiru	ተግባራት የለን	Hawl ma jirto
dashboard	dashboard.addTask	Add task	ተግባር ጨምር	Hojii dabali	ተግባር ወስኽ	Hawl ku dar
status	status.todo	To Do	የሚሠራ	Kan Hojjetamu	ዝግበር	La qaban doono
status	status.inProgress	In Progress	በሂደት ላይ	Hojii Irra Jira	ኣብ ሂደት	Wuu socdaa
status	status.inReview	In Review	በግምገማ ላይ	Gamaaggama Irra Jira	ኣብ ግምገማ	Dib u eegis
status	status.done	Done	የተጠናቀቀ	Xumurame	ተወዲኡ	La dhammeeyey
status	status.blocked	Blocked	የታገደ	Dhaabbate	ተዓጊቱ	La joojiyey
status	status.backlog	Backlog	ተራ ዝርዝር	Tarree Eeggataa	ናይ ምጽባይ ዝርዝር	Liiska sugitaanka
status	status.cancelled	Cancelled	የተሰረዘ	Haqame	ተሰሪዙ	La burinay
status	status.active	Active	ንቁ	Hojii Irra	ንጡፍ	Firfircoon
status	status.inactive	Inactive	ንቁ ያልሆነ	Hojii Ala	ዘይንጡፍ	Aan firfircoonayn
status	status.suspended	Suspended	የታገደ	Dhaabbatee Jira	ደው ዝበለ	La hakiyey
status	status.trial	Trial	ሙከራ	Yaalii	ፈተነ	Tijaabo
status	status.paid	Paid	የተከፈለ	Kaffalame	ዝተኸፈለ	La bixiyey
status	status.critical	Critical	ወሳኝ	Muddamaa	ህጹጽ	Aad u deg deg ah
priority	priority.highest	Highest	ከፍተኛው	Olaanaa	ዝለዓለ	Ugu sarreeya
priority	priority.high	High	ከፍተኛ	Ol'aanaa	ልዑል	Sare
priority	priority.medium	Medium	መካከለኛ	Giddugaleessa	ማእከላይ	Dhexdhexaad
priority	priority.low	Low	ዝቅተኛ	Gad-aanaa	ትሑት	Hoose
priority	priority.lowest	Lowest	ዝቅተኛው	Gadaanaa	ዝተሓተ	Ugu hooseeya
priority	priority.critical	Critical	ወሳኝ	Muddamaa	ህጹጽ	Aad u deg deg ah
priority	priority.none	None	ምንም	Homaa	ዋላሓደ	Midna
auth	auth.signInTitle	Sign in	ግባ	Seeni	እቶ	Soo gal
auth	auth.signUpTitle	Create an account	አዲስ መለያ ፍጠር	Herrega haaraa uumi	ሓድሽ ኣካውንት ፍጠር	Akoon cusub samee
auth	auth.welcomeBack	Welcome back	እንኳን ደህና መጡ	Baga nagaan dhuftan	እንኳዕ ደሓን መጻእካ	Ku soo dhawoow
auth	auth.toYourWorkspace	to your workspace	ወደ የሥራ ቦታዎ	gara iddoo hojii keessanii	ናብ ናይ ስራሕ ቦታኻ	goobta shaqadaada
auth	auth.email	Email	ኢሜይል	Imeelii	ኢመይል	Iimeyl
auth	auth.password	Password	የይለፍ ቃል	Jecha Darbii	ቃለ-ምስጢር	Furaha sirta ah
auth	auth.name	Full Name	ሙሉ ስም	Maqaa Guutuu	ምሉእ ስም	Magaca oo dhan
auth	auth.forgotPassword	Forgot?	ረሱት?	Dagattan?	ረሲዕካ?	Ilowday?
auth	auth.noAccount	Don't have an account?	መለያ የለዎትም?	Herrega hin qabdan?	ኣካውንት የብልካን?	Akoon ma lihid?
auth	auth.hasAccount	Already have an account?	ቀድሞውኑ መለያ አለዎት?	Duraan herrega qabdu?	ድሮ ኣካውንት ኣለካ?	Hore akoon u leedahay?
auth	auth.invalidCredentials	Invalid credentials	ልክ ያልሆነ መረጃ	Ragaan sirrii miti	ቅኑዕ ዘይኮነ ሓበሬታ	Aqoonsiga waa khaldan yahay
auth	auth.accountLocked	Account is locked due to too many failed login attempts.	ብዙ ያልተሳኩ የመግቢያ ሙከራዎች ምክንያት መለያው ተቆልፏል።	Yaalii seensaa dogoggoraa baay'ee sababa ta'een herregni cufameera.	ብዙሕ ዘይሰለጠ ናይ ምእታው ፈተነ ምኽንያት ኣካውንት ተዓጽዩ።	Isku dayyo badan oo khaldan dartood akoonka waa la xidhay.
auth	auth.tryAgainIn	Please try again in {minutes} minutes.	እባክዎ ከ{minutes} ደቂቃ በኋላ እንደገና ይሞክሩ።	Daqiiqaa {minutes} booda irra deebi'uun yaalaa.	በጃኻ ድሕሪ {minutes} ደቓይቕ ዳግማይ ፈትን።	Fadlan {minutes} daqiiqo ka dib mar kale isku day.
auth	auth.projectsDescription	Projects, budgets, documents, and dashboards — all with native Ethiopian calendar and language support.	ፕሮጀክቶች፣ በጀቶች፣ ሰነዶች እና ዳሽቦርዶች — ሁሉም ከኢትዮጵያ ቀን መቁጠሪያ እና ቋንቋ ድጋፍ ጋር።	Pirojektota, baajeta, dokumantoota fi daashboordii — hunduu deeggarsa kaalaandarii fi afaan Itoophiyaa waliin.	ፕሮጀክትታት፣ በጀታት፣ ሰነዳት ን ዳሽቦርድ — ኩሉ ምስ ናይ ኢትዮጵያ ዓውደ-ኣዋርሕ ን ቋንቋ ደገፍ።	Mashruucyo, miisaaniyado, dukumentiyo, iyo dashboorkyo — dhammaan oo leh taageerada kalandarka Itoobiya iyo luuqadda.
auth	auth.ethiopianCalendar	Ethiopian Calendar	የኢትዮጵያ ቀን መቁጠሪያ	Kaalaandarii Itoophiyaa	ናይ ኢትዮጵያ ዓውደ-ኣዋርሕ	Kalandarka Itoobiya
auth	auth.languages	4 Languages	4 ቋንቋዎች	Afaan 4	5 ቋንቋታት	5 Luuqadood
auth	auth.etbBudgets	ETB Budgets	የብር በጀቶች	Baajeta Birriin	ናይ ብር በጀታት	Miisaaniyad Birr
auth	auth.aiDocuments	AI Documents	AI ሰነዶች	Dokumantoota AI	AI ሰነዳት	Dukumentiyada AI
auth	auth.directAccess	Direct access:	ቀጥታ መዳረሻ:	Qaqqabii kallattii:	ቀጥታ ምብጻሕ:	Marin toos ah:
auth	auth.builtForEthiopia	Built for Ethiopia	ለኢትዮጵያ የተሠራ	Itoophiyaaf Kan Ijaarame	ንኢትዮጵያ ዝተሃንጸ	Itoobiya loo dhisay
auth	auth.signingIn	Signing in...	በመግባት ላይ...	Seenaa jira...	ይኣቱ ኣሎ...	Waa la soo galayaa...
auth	auth.verifying	Verifying...	በማረጋገጥ ላይ...	Mirkaneessaa jira...	ይረጋገጽ ኣሎ...	Waa la xaqiijinayaa...
auth	auth.creatingAccount	Creating account...	መለያ በመፍጠር ላይ...	Herrega uumaa jira...	ኣካውንት ይፍጠር ኣሎ...	Akoon waa la samaynayaa...
auth	auth.createAccount	Create Account	መለያ ፍጠር	Herrega Uumi	ኣካውንት ፍጠር	Akoon Samee
auth	auth.confirmPassword	Confirm Password	የይለፍ ቃል አረጋግጥ	Jecha darbii mirkaneessi	ቃለ-ምስጢር ኣረጋግጽ	Furaha sirta xaqiiji
auth	auth.atLeast8Chars	At least 8 characters	ቢያንስ 8 ቁምፊዎች	Yoo xiqqaate arfii 8	ብውሕዱ 8 ፊደላት	Ugu yaraan 8 xaraf
auth	auth.containsNumber	Contains a number	ቁጥር ይዟል	Lakkoofsa of keessatti qaba	ቁጽሪ ዝሓዘ	Lambar ku jirta
auth	auth.containsUppercase	Contains an uppercase letter	አቢይ ፊደል ይዟል	Qubee guddaa qaba	ዓቢ ፊደል ዝሓዘ	Xaraf weyn ku jira
auth	auth.containsSpecialChar	Contains a special character	ልዩ ምልክት ይዟል	Mallattoo addaa qaba	ፍሉይ ምልክት ዝሓዘ	Calaamad gaar ah ku jirta
auth	auth.passwordStrength	Password strength	የይለፍ ቃል ጥንካሬ	Ciminaa jecha darbii	ሓይሊ ቃለ-ምስጢር	Xoogga furaha sirta
auth	auth.weak	Weak	ደካማ	Laafaa	ድኹም	Daciif
auth	auth.strong	Strong	ጠንካራ	Cimaa	ሓያል	Xoog badan
auth	auth.quickSetup	Quick setup	ፈጣን ማዋቀር	Qindaa'ina ariifataa	ቅልጡፍ ምትዕርራይ	Dejin degdeg ah
auth	auth.afterSignup	You can always change these later.	በኋላ ሁልጊዜ መቀየር ይችላሉ።	Booda yeroo barbaaddetti jijjiiruu dandeessu.	ድሒርካ ክትቅይሮ ትኽእል ኢኻ።	Mar walba waa beddeli kartaa.
auth	auth.termsAgreement	By signing up, you agree to our Terms of Service and Privacy Policy.	በመመዝገብ የአገልግሎት ውልና የግላዊነት ፖሊሲን ይቀበላሉ።	Galmaa'uudhaan haala tajaajilaa fi imaammata dhuunfummaa ni fudhatta.	ብምምዝጋብካ ናይ ኣገልግሎት ስምምዕ ን ናይ ምስጢራውነት ፖሊሲ ትሰማማዕ።	Isdiiwaangelintaada waxaad ku raacaysaa Shuruudaha Adeegga iyo Siyaasadda Asturnaanta.
auth	auth.passwordsDontMatch	Passwords don't match	የይለፍ ቃሎች አይዛመዱም	Jechoonni darbii wal hin simne	ቃለ-ምስጢራት ኣይሰማምዑን	Furayaasha sirtu iskuma ekayn
auth	auth.fullName	Full Name	ሙሉ ስም	Maqaa Guutuu	ምሉእ ስም	Magaca oo dhan
auth	auth.emailAddress	Email Address	የኢሜይል አድራሻ	Teessoo Imeelii	ናይ ኢመይል ኣድራሻ	Cinwaanka Iimeylka
auth	auth.newPassword	New Password	አዲስ የይለፍ ቃል	Jecha Darbii Haaraa	ሓድሽ ቃለ-ምስጢር	Fur sirta cusub
auth	auth.confirmNewPassword	Confirm New Password	አዲስ የይለፍ ቃል አረጋግጥ	Jecha Darbii Haaraa Mirkaneessi	ሓድሽ ቃለ-ምስጢር ኣረጋግጽ	Fur sirta cusub xaqiiji
auth	auth.passwordsMatch	Passwords match	የይለፍ ቃሎች ተዛምደዋል	Jechoonni darbii wal simaniiru	ቃለ-ምስጢራት ተሰማሚዖም	Furayaasha sirtu waa is leeyihiin
auth	auth.resetPassword	Reset Password	የይለፍ ቃል ዳግም አስጀምር	Jecha Darbii Haaromsi	ቃለ-ምስጢር ዳግማይ ጀምር	Furaha sirta dib u bilow
auth	auth.resettingPassword	Resetting password...	የይለፍ ቃል በማስጀመር ላይ...	Jecha darbii haaromsaa jira...	ቃለ-ምስጢር ይዳግም ኣሎ...	Furaha sirta dib loo bilaabanayaa...
auth	auth.passwordReset	Password reset successful	የይለፍ ቃል በተሳካ ሁኔታ ተቀይሯል	Jechni darbii milkaa'inaan haaromfame	ቃለ-ምስጢር ብዓወት ተዳጊሙ	Furaha sirta si guul leh dib loo bilaabay
auth	auth.sendResetInstructions	Send Reset Instructions	የዳግም ማስጀመሪያ መመሪያ ላክ	Qajeelfama haaromsaa ergi	ናይ ምዳጋም መምርሒ ስደድ	Tilmaamaha dib u bilaabista dir
auth	auth.sending	Sending...	በመላክ ላይ...	Ergaa jira...	ይስደድ ኣሎ...	Waa la dirayaa...
auth	auth.emailSent	Email sent! Check your inbox.	ኢሜይል ተልኳል! ኢንቦክስዎን ያረጋግጡ።	Imeeliin ergameera! Sanduuqa kee ilaali.	ኢመይል ተሰዲዱ! ኢንቦክስካ ርአ።	Iimeyl la diray! Sanduuqaaga hubi.
auth	auth.rememberPassword	Remember your password?	የይለፍ ቃልዎን ያስታውሳሉ?	Jecha darbii kee ni yaadattaa?	ቃለ-ምስጢርካ ትዝክሮ?	Furahaaga sirta ma xasuusataa?
auth	auth.backToSignIn	Back to Sign In	ወደ መግቢያ ተመለስ	Gara seensaatti deebi'i	ናብ ምእታው ተመለስ	Ku noqo soo galitaanka
auth	auth.forgotPasswordTitle	Forgot your password?	የይለፍ ቃልዎን ረሱት?	Jecha darbii kee dagatte?	ቃለ-ምስጢርካ ረሲዕካ?	Furahaaga sirta ma ilowday?
auth	auth.resetPasswordTitle	Reset your password	የይለፍ ቃልዎን ዳግም ያስጀምሩ	Jecha darbii kee haaromsi	ቃለ-ምስጢርካ ዳግማይ ጀምር	Furahaaga sirta dib u bilow
auth	auth.verifyEmailTitle	Verify your email	ኢሜይልዎን ያረጋግጡ	Imeelii kee mirkaneessi	ኢመይልካ ኣረጋግጽ	Iimeylkaaga xaqiiji
auth	auth.emailVerified	Email verified successfully	ኢሜይል በተሳካ ሁኔታ ተረጋግጧል	Imeeliin milkaa'inaan mirkanaa'e	ኢመይል ብዓወት ተረጋጊጹ	Iimeylka si guul leh loo xaqiijiyey
auth	auth.verificationFailed	Verification failed	ማረጋገጥ አልተሳካም	Mirkaneessuun hin milkoofne	ምርግጋጽ ኣይሰለጠን	Xaqiijintu ma guulaysan
auth	auth.continueToSignIn	Continue to Sign In	ወደ መግቢያ ቀጥል	Gara seensaatti itti fufi	ናብ ምእታው ቀጽል	U sii wad soo galitaanka
auth	auth.resendVerification	Resend verification email	የማረጋገጫ ኢሜይል እንደገና ላክ	Imeelii mirkaneessaa irra deebi'ii ergi	ናይ ምርግጋጽ ኢመይል ዳግማይ ስደድ	Iimeylka xaqiijinta dib u dir
auth	auth.twoFactorCode	Two-factor code	ሁለት-ደረጃ ኮድ	Koodii sadarkaa lamaa	ክልተ-ደረጃ ኮድ	Koodka laba-tallaabo
auth	auth.backupCode	Backup code	ተጠባባቂ ኮድ	Koodii deeggarsaa	ናይ ዕቝባ ኮድ	Koodka kaydka
auth	auth.verifyAndSignIn	Verify & Sign In	አረጋግጥ እና ግባ	Mirkaneessii Seeni	ኣረጋግጽ ን እቶ	Xaqiiji oo soo gal
auth	auth.google	Google	Google	Google	ጉግል	Google
auth	auth.microsoft	Microsoft	Microsoft	Microsoft	ማይክሮሶፍት	Microsoft
auth	auth.missingInvitationToken	Missing invitation token	የግብዣ ቶከን ጠፍቷል	Tokeenii afeerraa hin argamne	ናይ ዕድመ ቶከን ጎዲሉ	Calaamadda martiqaadka waa la la'yahay
auth	auth.invalidInvitation	Invalid invitation	ልክ ያልሆነ ግብዣ	Afeerraan sirrii miti	ቅኑዕ ዘይኮነ ዕድመ	Martiqaadku waa khaldan yahay
auth	auth.failedToValidateInvitation	Failed to validate invitation	ግብዣውን ማረጋገጥ አልተሳካም	Afeerraa mirkaneessuu hin dandeenye	ዕድመ ምርግጋጽ ኣይሰለጠን	Martiqaadka xaqiijintiisa waa la waayay
auth	auth.authError	Authentication Error	የማረጋገጫ ስህተት	Dogoggora Mirkanessuu	ናይ ምርግጋጽ ጌጋ	Khaladka aqoonsiga
auth	auth.configError	There is a problem with the server configuration. Please contact support if this persists.	የአገልጋይ ውቅር ችግር አለ። ይህ ከቀጠለ እባክዎ ድጋፍን ያግኙ።	Rakkoon qindaa'ina sarvarii jira. Yoo itti fufe deeggarsa quunnamaa.	ናይ ሰርቨር ኣወዳድባ ጸገም ኣሎ። ጸገሙ እንተ ቀጺሉ ደገፍ ርኸብ።	Dhibaato ayaa ka jirta habka server-ka. Fadlan la xiriir taageerada haddii ay sii jirto.
auth	auth.accessDenied	You do not have access to this resource.	ይህን ሀብት ለመጠቀም ፈቃድ የለዎትም።	Qabeenya kana ilaaluuf hayyamni hin jiru.	ነዚ ጸጋ ንምብጻሕ ፍቓድ የብልካን።	Marin uma lihid kheyraadkan.
auth	auth.verificationExpired	The verification link may have expired or already been used.	የማረጋገጫ ማገናኛው ጊዜው ያለፈ ወይም ቀድሞ ጥቅም ላይ ውሎ ሊሆን ይችላል።	Liinkiin mirkaneessaa yeroon isaa darbuu ykn duraan fayyadamamuu danda'a.	ናይ ምርግጋጽ ሊንክ ግዜኡ ወዲኡ ወይ ድሮ ተጠቒምሉ ክኸውን ይኽእል።	Xidhiidhka xaqiijinta wuxuu dhici karaa inuu dhacay ama hore loo isticmaalay.
auth	auth.genericAuthError	An authentication error occurred. Please try again.	የማረጋገጫ ስህተት ተፈጥሯል። እባክዎ እንደገና ይሞክሩ።	Dogoggorri mirkaneessuu uumameera. Irra deebi'ii yaalaa.	ናይ ምርግጋጽ ጌጋ ተፈጢሩ። በጃኻ ዳግማይ ፈትን።	Khalad aqoonsi ayaa dhacay. Fadlan mar kale isku day.
auth	auth.resetInstructionsSent	Password reset instructions have been sent to your email	የይለፍ ቃል ዳግም ማስጀመሪያ መመሪያዎች ወደ ኢሜይልዎ ተልከዋል	Qajeelfamni haaromsaa jecha darbii imeelii keessanitti ergameera	ናይ ቃለ-ምስጢር ምዳጋም መምርሒ ናብ ኢመይልካ ተሰዲዱ	Tilmaamaha dib u dejinta furaha sirta ayaa loo diray iimeylkaaga
auth	auth.failedToSendReset	Failed to send reset email	የዳግም ማስጀመሪያ ኢሜይል መላክ አልተሳካም	Imeelii haaromsaa erguu hin dandeenye	ናይ ምዳጋም ኢመይል ምስዳድ ኣይሰለጠን	Iimeylka dib u dejinta dirista waa laga waayay
auth	auth.somethingWentWrongTryAgain	Something went wrong. Please try again.	የሆነ ችግር ተፈጥሯል። እባክዎ እንደገና ይሞክሩ።	Wanti tokko dogoggore. Irra deebi'ii yaalaa.	ገለ ጸገም ተፈጢሩ። በጃኻ ዳግማይ ፈትን።	Wax baa qaldan. Fadlan mar kale isku day.
auth	auth.passwordMinLength	Password must be at least 8 characters	የይለፍ ቃል ቢያንስ 8 ቁምፊዎች መሆን አለበት	Jechni darbii yoo xiqqaate arfii 8 qabaachuu qaba	ቃለ-ምስጢር ብውሕዱ 8 ፊደላት ክኸውን ኣለዎ	Furaha sirtu waa inuu ugu yaraan 8 xaraf ahaadaa
auth	auth.passwordResetRedirecting	Password reset successfully! Redirecting to sign in...	የይለፍ ቃል በተሳካ ሁኔታ ተቀይሯል! ወደ መግቢያ በማዛወር ላይ...	Jechni darbii milkaa'inaan haaromfame! Gara seensaatti geessaa jira...	ቃለ-ምስጢር ብዓወት ተዳጊሙ! ናብ ምእታው ይኸይድ ኣሎ...	Furaha sirta si guul leh dib loo dejiyey! Waa lagugu wareejinayaa soo galitaanka...
auth	auth.failedToResetPassword	Failed to reset password	የይለፍ ቃል ዳግም ማስጀመር አልተሳካም	Jecha darbii haaromsuu hin dandeenye	ቃለ-ምስጢር ምዳጋም ኣይሰለጠን	Furaha sirta dib u dejintiisa waa la waayay
auth	auth.invalidResetLink	Invalid reset link. Please request a new password reset.	ልክ ያልሆነ የዳግም ማስጀመሪያ ማገናኛ። እባክዎ አዲስ የይለፍ ቃል ዳግም ማስጀመሪያ ይጠይቁ።	Liinkiin haaromsaa sirrii miti. Haaromsaa jecha darbii haaraa gaafadhaa.	ቅኑዕ ዘይኮነ ናይ ምዳጋም ሊንክ። በጃኻ ሓድሽ ናይ ቃለ-ምስጢር ምዳጋም ሕተት።	Xidhiidhka dib u dejintu waa khaldan yahay. Fadlan codso dib u dejin cusub.
auth	auth.invalidVerificationLink	Invalid verification link. Please check your email for the correct link.	ልክ ያልሆነ የማረጋገጫ ማገናኛ። እባክዎ ኢሜይልዎን ለትክክለኛው ማገናኛ ያረጋግጡ።	Liinkiin mirkaneessaa sirrii miti. Liinkii sirrii ta'eef imeelii keessan ilaalaa.	ቅኑዕ ዘይኮነ ናይ ምርግጋጽ ሊንክ። በጃኻ ኢመይልካ ነቲ ቅኑዕ ሊንክ ርአ።	Xidhiidhka xaqiijintu waa khaldan yahay. Fadlan iimeylkaaga ka hubi xidhiidhka saxda ah.
auth	auth.failedToVerifyEmail	Failed to verify email	ኢሜይል ማረጋገጥ አልተሳካም	Imeelii mirkaneessuu hin dandeenye	ኢመይል ምርግጋጽ ኣይሰለጠን	Iimeylka xaqiijintiisa waa la waayay
auth	auth.emailVerifiedRedirecting	Email verified successfully! Redirecting to dashboard...	ኢሜይል በተሳካ ሁኔታ ተረጋግጧል! ወደ ዳሽቦርድ በማዛወር ላይ...	Imeeliin milkaa'inaan mirkanaa'e! Gara daashboorditti geessaa jira...	ኢመይል ብዓወት ተረጋጊጹ! ናብ ዳሽቦርድ ይኸይድ ኣሎ...	Iimeylka si guul leh loo xaqiijiyey! Waa lagugu wareejinayaa dashboorkka...
auth	auth.failedToVerifyEmailRetry	Failed to verify email. Please try again.	ኢሜይል ማረጋገጥ አልተሳካም። እባክዎ እንደገና ይሞክሩ።	Imeelii mirkaneessuu hin dandeenye. Irra deebi'ii yaalaa.	ኢመይል ምርግጋጽ ኣይሰለጠን። በጃኻ ዳግማይ ፈትን።	Iimeylka xaqiijintiisa waa la waayay. Fadlan mar kale isku day.
auth	auth.verificationEmailSent	Verification email sent! Please check your inbox.	የማረጋገጫ ኢሜይል ተልኳል! እባክዎ ኢንቦክስዎን ያረጋግጡ።	Imeeliin mirkaneessaa ergameera! Sanduuqa kee ilaali.	ናይ ምርግጋጽ ኢመይል ተሰዲዱ! በጃኻ ኢንቦክስካ ርአ።	Iimeylka xaqiijinta waa la diray! Fadlan sanduuqaaga hubi.
auth	auth.failedToSendVerification	Failed to send verification email	የማረጋገጫ ኢሜይል መላክ አልተሳካም	Imeelii mirkaneessaa erguu hin dandeenye	ናይ ምርግጋጽ ኢመይል ምስዳድ ኣይሰለጠን	Iimeylka xaqiijinta dirista waa laga waayay
auth	auth.welcomeToOnekof	Welcome to Onekof!	እንኳን ወደ Onekof በደህና መጡ!	Baga gara Onekof dhuftan!	ናብ Onekof እንኳዕ ብደሓን መጻእካ!	Ku soo dhawoow Onekof!
auth	auth.yourEmailVerified	Your Email is Verified	ኢሜይልዎ ተረጋግጧል	Imeeliin Keessan Mirkanaa'eera	ኢመይልካ ተረጋጊጹ	Iimeylkaagu waa la xaqiijiyey
auth	auth.verifyYourEmail	Verify Your Email	ኢሜይልዎን ያረጋግጡ	Imeelii Keessan Mirkaneessaa	ኢመይልካ ኣረጋግጽ	Iimeylkaaga xaqiiji
auth	auth.resetInstructions	We'll send you instructions to reset your password and get you back on track.	የይለፍ ቃልዎን ለማስጀመር መመሪያ እንልክልዎታለን።	Jecha darbii haaromsuuf qajeelfama isiniif ergina.	ቃለ-ምስጢርካ ንምዳጋም መምርሒ ክንሰደልካ ኢና።	Waxaan kuu soo diri doonnaa tilmaamo aad ku dib u dejiso furahaaga sirta.
auth	auth.copyright	2026 Onekof. Built with love in Ethiopia	2026 Onekof. በኢትዮጵያ በፍቅር የተሠራ	2026 Onekof. Itoophiyaa keessatti jaalaladhaan ijaarame	2026 Onekof። ብፍቕሪ ኣብ ኢትዮጵያ ዝተሃንጸ	2026 Onekof. Jacayl leh Itoobiya looga dhisay
projects	projects.title	Projects	ፕሮጀክቶች	Pirojektota	ፕሮጀክትታት	Mashruucyo
projects	projects.newProject	New Project	አዲስ ፕሮጀክት	Pirojektii Haaraa	ሓድሽ ፕሮጀክት	Mashruuc cusub
projects	projects.noProjects	No projects yet	እስካሁን ፕሮጀክት የለም	Hanga ammaatti pirojektiin hin jiru	ክሳብ ሕጂ ፕሮጀክት የለን	Weli mashruuc ma jiro
projects	projects.createFirst	Create your first project to get started.	ለመጀመር የመጀመሪያ ፕሮጀክትዎን ይፍጠሩ።	Jalqabuuf pirojektii jalqabaa keessan uumaa.	ንምጅማር ቀዳማይ ፕሮጀክትካ ፍጠር።	Si aad u bilowdo mashruucaaga koowaad samee.
projects	projects.projectName	Project Name	የፕሮጀክት ስም	Maqaa Pirojektii	ናይ ፕሮጀክት ስም	Magaca mashruuca
projects	projects.projectKey	Project Key	የፕሮጀክት ቁልፍ	Furtuuwwan Pirojektii	ናይ ፕሮጀክት መፍትሕ	Furaha mashruuca
projects	projects.description	Description	ገለጻ	Ibsa	መግለጺ	Sharaxaad
projects	projects.status	Status	ሁኔታ	Haala	ኩነታ	Xaalad
projects	projects.type	Type	ዓይነት	Gosa	ዓይነት	Nooc
projects	projects.priority	Priority	ቅድሚያ	Dursa	ቀዳምነት	Mudnaanta
projects	projects.members	Members	አባላት	Miseensota	ኣባላት	Xubnaha
projects	projects.tasks	Tasks	ተግባራት	Hojiwwan	ተግባራት	Hawlaha
projects	projects.progress	Progress	ሂደት	Adeemsa	ምዕባለ	Horumar
projects	projects.startDate	Start Date	የመጀመሪያ ቀን	Guyyaa Jalqabaa	ናይ ምጅማር ዕለት	Taariikhda bilowga
projects	projects.dueDate	Due Date	የመጨረሻ ቀን	Guyyaa Xumuraa	ናይ ምውዳእ ዕለት	Taariikhda dhammaadka
projects	projects.active	Active	ንቁ	Hojii Irra	ንጡፍ	Firfircoon
projects	projects.archived	Archived	የተመዘገበ	Kuufame	ዝተኸዘነ	La kaydiyey
projects	projects.onHold	On Hold	በመጠባበቅ ላይ	Turtii Irra	ደው ዝበለ	La joojiyey
projects	projects.completed	Completed	የተጠናቀቀ	Xumurame	ዝተወድአ	La dhammeeyey
projects	projects.createNewProject	Create New Project	አዲስ ፕሮጀክት ፍጠር	Pirojektii Haaraa Uumi	ሓድሽ ፕሮጀክት ፍጠር	Mashruuc Cusub Samee
projects	projects.projectType	Project Type	የፕሮጀክት ዓይነት	Gosa Pirojektii	ናይ ፕሮጀክት ዓይነት	Nooca mashruuca
projects	projects.projectOwner	Project Owner	የፕሮጀክት ባለቤት	Abbaa Pirojektii	ናይ ፕሮጀክት ዋና	Milkiilaha mashruuca
projects	projects.projectLead	Project Lead	የፕሮጀክት መሪ	Hogganaa Pirojektii	ናይ ፕሮጀክት መራሒ	Hogaamiyaha mashruuca
projects	projects.defaultAssignee	Default Assignee	ነባሪ ተመዳቢ	Itti Ramadamaa Durtii	ቀዋሚ ተመዳቢ	Qofka caadiga loo xilsaarayo
projects	projects.sameAsCreator	Same as creator	ከፈጣሪው ጋር ተመሳሳይ	Kan uume waliin wal fakkaata	ከም ፈጣሪ ሓደ	Sida qofka sameeyey
projects	projects.executiveSponsor	Executive sponsor or budget holder	ዋና ስፖንሰር ወይም የበጀት ባለቤት	Ispoonsarii raawwachiftuu ykn qabataa baajetaa	ላዕለዋይ ሓላፊ ወይ ናይ በጀት ሓላፊ	Maalgeliyaha ama qofka miisaaniyada haya
projects	projects.dayToDay	Day-to-day project manager	ዕለታዊ የፕሮጀክት አስተዳዳሪ	Bulchaa pirojektii guyyaa-guyyaa	ናይ መዓልታዊ ፕሮጀክት ኣመሓዳሪ	Maamulaha mashruuca ee maalinlaha
projects	projects.autoAssigned	New issues are automatically assigned to this person	አዲስ ጉዳዮች በራስ-ሰር ለዚህ ሰው ይመደባሉ	Dhimmoonni haaraan ofumaan nama kanaaf ramadamu	ሓደስቲ ጉዳያት ንዚ ሰብ ብቐጥታ ይምደቡ	Arrimaha cusub si toos ah ayaa loogu xilsaarayaa qofkan
projects	projects.department	Department	ክፍል	Kutaa	ክፍሊ	Waaxda
projects	projects.categoryProgram	Category / Program	ምድብ / ፕሮግራም	Ramaddii / Sagantaa	ክፍሊ / ፕሮግራም	Qaybta / Barnaamijka
projects	projects.entityType	Entity Type	የአካል ዓይነት	Gosa Qaamaa	ዓይነት ኣካል	Nooca hay'adda
projects	projects.withinOrg	Within your organization	በድርጅትዎ ውስጥ	Dhaabbata keessan keessatti	ኣብ ውሽጢ ትካልካ	Hay'addaada gudaheeda
projects	projects.clientVendor	Client or vendor project	የደንበኛ ወይም የአቅራቢ ፕሮጀክት	Pirojektii maamiltootaa ykn dhiyeessaa	ናይ ዓሚል ወይ ኣቕራቢ ፕሮጀክት	Mashruuca macmiilka ama iibiyaha
projects	projects.partnership	Partnership with another org	ከሌላ ድርጅት ጋር ሸርክና	Michoomaa dhaabbata biraa waliin	ምስ ካልእ ትካል ሽርክነት	Iskaashiga hay'ad kale
projects	projects.governmentContracted	Government-contracted	በመንግሥት ውል የተገኘ	Kontiraata mootummaa	ብመንግስቲ ዝተወዓዓለ	Qandaraaska dawladda
projects	projects.visibility	Visibility	ታይነት	Mul'annaa	ርኡይነት	Muuqaalka
projects	projects.publicAll	Public - All org members	ይፋ - ለሁሉም የድርጅት አባላት	Uummataa - Miseensota dhaabbataa hundaa	ህዝባዊ - ኩሎም ኣባላት ትካል	Dadweyne - Dhammaan xubnaha hay'adda
projects	projects.internalMembers	Internal - Project members & admins	ውስጣዊ - የፕሮጀክት አባላት እና አስተዳዳሪዎች	Keessoo - Miseensota pirojektii fi bulchitootaa	ውሽጣዊ - ኣባላትን ኣመሓደርትን ፕሮጀክት	Gudaha - Xubnaha mashruuca & maamulayaasha
projects	projects.privateExplicit	Private - Explicit members only	የግል - ለተለዩ አባላት ብቻ	Dhuunfaa - Miseensota addaan bahan qofa	ብሕታዊ - ዝተመረጹ ኣባላት ጥራይ	Gaar - Xubnaha la cayimay oo kaliya
projects	projects.confidentialRestricted	Confidential - Restricted with audit	ሚስጥራዊ - የተገደበ ከኦዲት ጋር	Iccitii - Daangeffame, odiitii waliin	ምስጢራዊ - ውሱን ምስ ኦዲት	Sir - La xaddidday oo la hubinayo
projects	projects.riskLevel	Risk Level	የአደጋ ደረጃ	Sadarkaa Balaa	ደረጃ ሓደጋ	Heerka khatarta
projects	projects.notAssessed	Not Assessed	ያልተገመገመ	Hin Madaalamne	ኣይተገምገመን	Lama qiimayn
projects	projects.moderate	Moderate	መካከለኛ	Giddugaleessa	ማእከላይ	Dhexdhexaad
projects	projects.budgetCode	Budget Code	የበጀት ኮድ	Koodii Baajetaa	ናይ በጀት ኮድ	Koodka miisaaniyada
projects	projects.financialTrackingCode	Financial tracking code for this project	ለዚህ ፕሮጀክት የፋይናንስ ክትትል ኮድ	Koodii hordoffii maallaqaa pirojektii kanaaf	ንዚ ፕሮጀክት ናይ ፋይናንስ ክትትል ኮድ	Koodka raadraacinta dhaqaalaha mashruucan
projects	projects.commaSeparatedLabels	Comma-separated labels	በኮማ የተለዩ መለያዎች	Mallattoolee qoodduu-komaatiin gargar bahan	ብኮማ ዝተፈላለዩ መለለዪታት	Summado kala-sooc ah
projects	projects.noTeamsAvailable	No teams available	ቡድን አይገኝም	Gareen hin jiru	ዝርከብ ጋንታ የለን	Koox ma jirto
projects	projects.member	member	አባል	miseensa	ኣባል	xubin
projects	projects.membersPlural	members	አባላት	miseensota	ኣባላት	xubnaha
projects	projects.projectTimeline	Project Timeline	የፕሮጀክት የጊዜ ሰሌዳ	Sarara Yeroo Pirojektii	ናይ ፕሮጀክት ናይ ግዜ ሰሌዳ	Jadwalka waqtiga mashruuca
projects	projects.targetDueDate	Target Due Date	ዒላማ የመጨረሻ ቀን	Guyyaa Xumuraa Galma	ዕላማ ናይ ምውዳእ ዕለት	Taariikhda la beegsanayo
projects	projects.durationDays	Duration: {days} days	ቆይታ: {days} ቀናት	Turtii: guyyaa {days}	ዕድመ: {days} መዓልታት	Muddo: {days} maalmood
projects	projects.workflowTemplate	Workflow Template	የሥራ ፍሰት ቅንብር	Unka Adeemsa Hojii	ናይ ስራሕ ፍሰት ቅዲ	Qaabka socodka shaqada
projects	projects.continuousFlow	Continuous flow: To Do, In Progress, Done	ቀጣይ ፍሰት: የሚሠራ፣ በሂደት ላይ፣ የተጠናቀቀ	Adeemsa walitti fufiinsaa: Kan Hojjetamu, Hojii Irra, Xumurame	ቀጻሊ ፍሰት: ዝግበር፣ ኣብ ሂደት፣ ተወዲኡ	Socod joogto ah: La qaban doono, Wuu socdaa, La dhammeeyey
projects	projects.sprintBased	Sprint-based development with backlog grooming	ስፕሪንት-ላይ የተመሠረተ ልማት ከባክሎግ ጋር	Misoomaa spiriintii irratti hundaa'e	ኣብ ስፕሪንት ዝተመስረተ ምዕባለ ምስ ባክሎግ ኣመሓዳድራ	Horumarinta ku salaysan sprint-ka iyo habaynta shaqada sugaysa
projects	projects.customWorkflow	Build your own workflow from scratch	የራስዎን የሥራ ፍሰት ከባዶ ይገንቡ	Adeemsa hojii kee jalqabaa irraa ijaari	ናትካ ናይ ስራሕ ፍሰት ካብ ባዶ ስራሕ	Qaab cusub ka dhis bilowga
projects	projects.icon	Icon	አዶ	Asxaa	ኣይኮን	Astaanta
projects	projects.color	Color	ቀለም	Halluu	ሕብሪ	Midabka
projects	projects.reviewConfig	Review your project configuration below. Click Create Project to finalize.	ከዚህ በታች ያለውን የፕሮጀክት ውቅር ይመልከቱ። ለማጠናቀቅ ፕሮጀክት ፍጠር ይጫኑ።	Qindaa'ina pirojektii kee armaan gaditti ilaali. Pirojektii Uumi cuqaasuun xumuri.	ናይ ፕሮጀክት ኣወዳድባ ኣብ ታሕቲ ርአ። ንምዝዛም ፕሮጀክት ፍጠር ጠውቕ።	Habka mashruucaaga hoos ka dib u eeg. Guji Mashruuc Samee si aad u dhammaystirto.
projects	projects.timelinePriority	Timeline & Priority	የጊዜ ሰሌዳ እና ቅድሚያ	Sarara Yeroo fi Dursa	ናይ ግዜ ሰሌዳን ቀዳምነትን	Jadwalka & mudnaanta
projects	projects.workflowAppearance	Workflow & Appearance	የሥራ ፍሰት እና ገጽታ	Adeemsa Hojii fi Mul'ata	ናይ ስራሕ ፍሰትን ትርኢትን	Socodka shaqada & muuqaalka
projects	projects.nameRequired	Name is required	ስም አስፈላጊ ነው	Maqaan dirqama	ስም ግዴታ እዩ	Magacu waa loo baahan yahay
projects	projects.keyRequired	Key is required	ቁልፍ አስፈላጊ ነው	Furtuu dirqama	መፍትሕ ግዴታ እዩ	Furahu waa loo baahan yahay
projects	projects.keyFormat	Key must contain only uppercase letters and numbers	ቁልፍ አቢይ ፊደሎች እና ቁጥሮች ብቻ መያዝ አለበት	Furtuun qubee gurguddaa fi lakkoofsa qofa qabaachuu qaba	መፍትሕ ዓበይቲ ፊደላትን ቁጽርታትን ጥራይ ክሓዘ ኣለዎ	Furahu waa inuu xarfaha waaweyn iyo lambarada keliya ka kooban yahay
projects	projects.keyMinLength	Key must be at least 2 characters	ቁልፍ ቢያንስ 2 ቁምፊዎች መሆን አለበት	Furtuun yoo xiqqaate arfii 2 qabaachuu qaba	መፍትሕ ብውሕዱ 2 ፊደላት ክኸውን ኣለዎ	Furahu waa inuu ugu yaraan 2 xaraf ahaadaa
projects	projects.dueDateAfterStart	Due date must be after start date	የመጨረሻ ቀን ከመጀመሪያ ቀን በኋላ መሆን አለበት	Guyyaan xumuraa guyyaa jalqabaa booda ta'uu qaba	ናይ ምውዳእ ዕለት ድሕሪ ናይ ምጅማር ዕለት ክኸውን ኣለዎ	Taariikhda dhammaadku waa inay ka dambeysaa bilowga
projects	projects.noWorkspaceSelected	No workspace selected	የሥራ ቦታ አልተመረጠም	Iddoon hojii hin filatamne	ናይ ስራሕ ቦታ ኣይተመርጸን	Goobta shaqada lama dooran
projects	projects.describeGoals	Describe goals, objectives, and key deliverables...	ግቦችን፣ ዓላማዎችን እና ዋና ውጤቶችን ይግለጹ...	Galmoota, kaayyoo fi bu'aawwan ijoo ibsi...	ዕላማታት፣ ዝድለዩ ነገራትን ቀንዲ ውጽኢታትን ግለጽ...	Sharax hadafyada, ujeedooyinka, iyo natiijooyinka muhiimka ah...
projects	projects.softwareDev	Software Development	ሶፍትዌር ልማት	Misoomaa Sooftiweerii	ናይ ሶፍትዌር ምዕባለ	Horumarinta software-ka
projects	projects.softwareDevDesc	For software development projects with agile workflows	ከአጀይል የሥራ ፍሰት ጋር ለሶፍትዌር ልማት ፕሮጀክቶች	Pirojektota misoomaa sooftiweerii adeemsa ajaayilii qabuuf	ንናይ ሶፍትዌር ፕሮጀክትታት ምስ ኣጃይል ናይ ስራሕ ፍሰት	Mashruucyada horumarinta software-ka ee socodka agile-ka
projects	projects.businessOp	Business / Operational	ንግድ / ተግባራዊ	Daldalaa / Hojimaata	ንግዲ / ስርሒት	Ganacsi / Hawlgalka
projects	projects.businessOpDesc	General business and operational projects	አጠቃላይ የንግድ እና ተግባራዊ ፕሮጀክቶች	Pirojektota daldalaa fi hojimaata waliigalaaf	ሓፈሻዊ ንግዲ ን ስርሒታዊ ፕሮጀክትታት	Mashruucyada guud ee ganacsiga iyo hawlgalka
projects	projects.marketingCampaign	Marketing Campaign	የግብይት ዘመቻ	Duula Gabaa	ናይ ዕዳጋ ዘመተ	Ololaha suuq-geynta
projects	projects.marketingCampaignDesc	Marketing campaigns and content projects	የግብይት ዘመቻዎች እና የይዘት ፕሮጀክቶች	Duulaawwan gabaa fi pirojektota qabiyyeef	ናይ ዕዳጋ ዘመተታትን ትሕዝቶ ፕሮጀክትታትን	Ololaha suuq-geynta iyo mashruucyada qoraalka
projects	projects.opsInfra	Operations / Infrastructure	ተግባራት / መሠረተ ልማት	Hojimaata / Bu'uura Misoomaa	ስርሒታት / መሰረት ልማዕ	Hawlgalka / Kaabayaasha
projects	projects.opsInfraDesc	IT operations, infrastructure, and incident management	የIT ተግባራት፣ መሠረተ ልማት እና የክስተት አስተዳደር	Hojimaata IT, bu'uura misoomaa fi bulchiinsa mudannoof	IT ስርሒታት፣ መሰረት ልማዕን ናይ ፍጻመ ኣመሓዳድራን	Hawlgalka IT, kaabayaasha, iyo maaraynta dhacdooyinka
projects	projects.researchAnalysis	Research & Analysis	ምርምር እና ትንታኔ	Qorannoo fi Xiinxala	ምርምርን ትንተናን	Cilmi baadhis & falanqayn
projects	projects.researchAnalysisDesc	Research projects with data analysis and findings	ከዳታ ትንታኔ እና ግኝቶች ጋር የምርምር ፕሮጀክቶች	Pirojektota qorannoo xiinxala daataa fi argannoo qabuuf	ናይ ምርምር ፕሮጀክትታት ምስ ዳታ ትንተናን ረኽቦታትን	Mashruucyada cilmi baadhista ee leh falanqaynta xogta iyo natiijooyinka
projects	projects.constructionEng	Construction / Engineering	ግንባታ / ኢንጂነሪንግ	Ijaarsaa / Injinariingii	ህንጻ / ኢንጂነሪንግ	Dhismo / Injineernimo
projects	projects.constructionEngDesc	Construction and engineering projects	የግንባታ እና ኢንጂነሪንግ ፕሮጀክቶች	Pirojektota ijaarsaa fi injinariingiif	ናይ ህንጻን ኢንጂነሪንግን ፕሮጀክትታት	Mashruucyada dhismaha iyo injineernimada
projects	projects.customProject	Custom Project	ብጁ ፕሮጀክት	Pirojektii Maamila	ብሕታዊ ፕሮጀክት	Mashruuc gaar ah
projects	projects.customProjectDesc	Fully customizable project type	ሙሉ በሙሉ ሊበጅ የሚችል የፕሮጀክት ዓይነት	Gosa pirojektii guutummaatti maamila	ምሉእ ብምሉእ ክትቅይሮ ዝኽእል ናይ ፕሮጀክት ዓይነት	Mashruuc si buuxda loo habeyn karo
projects	projects.projectsBoard	Projects Board	የፕሮጀክቶች ሰሌዳ	Gabatee Pirojektii	ሰሌዳ ፕሮጀክትታት	Guudka Mashruucyada
projects	projects.createProject	Create Project	ፕሮጀክት ፍጠር	Pirojektii Uumi	ፕሮጀክት ፍጠር	Mashruuc Samee
projects	projects.searchProjects	Search projects...	ፕሮጀክቶችን ይፈልጉ...	Pirojektii barbaadi...	ፕሮጀክትታት ድለዩ...	Mashruucyada raadi...
projects	projects.planning	Planning	ዕቅድ	Karoora	ዕቅዲ	Qorsheyn
budget	budget.title	Budget	በጀት	Baajeta	በጀት	Miisaaniyad
budget	budget.totalBudget	Total Budget	ጠቅላላ በጀት	Baajeta Waliigalaa	ጠቕላላ በጀት	Wadarta miisaaniyada
budget	budget.spent	Spent	ወጪ	Ba'ii	ዝወጸአ	La bixiyey
budget	budget.remaining	Remaining	ቀሪ	Hafee	ዝተረፈ	Hadhay
budget	budget.utilization	Utilization	አጠቃቀም	Itti Fayyadama	ኣጠቓቕማ	Isticmaalka
budget	budget.expenses	Expenses	ወጪዎች	Ba'iiwwan	ወጻኢታት	Kharashka
budget	budget.categories	Categories	ምድቦች	Ramaddii	ክፍልታት	Qaybaha
budget	budget.newExpense	New Expense	አዲስ ወጪ	Ba'ii Haaraa	ሓድሽ ወጻኢ	Kharash cusub
budget	budget.approved	Approved	የጸደቀ	Mirkanaa'e	ዝጸደቐ	La ansixiyey
budget	budget.pending	Pending	በመጠባበቅ ላይ	Eeggataa	ኣብ ምጽባይ	Waa la sugayaa
budget	budget.rejected	Rejected	ውድቅ	Didame	ዝተነጸገ	La diiday
budget	budget.overBudget	Over Budget	ከበጀት በላይ	Baajeta Ol	ልዕሊ በጀት	Ka badan miisaaniyada
budget	budget.underBudget	Under Budget	ከበጀት በታች	Baajeta Gad	ትሕቲ በጀት	Ka yar miisaaniyada
budget	budget.onTrack	On Track	በትክክለኛ መንገድ	Karaa Sirrii Irra	ኣብ ቅኑዕ መስመር	Wadada saxda ah
budget	budget.currency	Currency	ምንዛሪ	Sharafaa	ባጤራ	Lacagta
budget	budget.amount	Amount	መጠን	Hanga	መጠን	Qaddarka
budget	budget.vendor	Vendor	አቅራቢ	Dhiyeessaa	ኣቕራቢ	Iibiyaha
budget	budget.invoiceNumber	Invoice Number	የደረሰኝ ቁጥር	Lakk. Nagahee	ቁጽሪ ቅብሊት	Lambarka qaansheegta
budget	budget.transactionDate	Transaction Date	የግብይት ቀን	Guyyaa Daldala	ናይ ግብይት ዕለት	Taariikhda macaamil
budget	budget.projectBudget	Project Budget	የፕሮጀክት በጀት	Baajeta Pirojektii	ናይ ፕሮጀክት በጀት	Miisaaniyada mashruuca
budget	budget.loadingBudgetData	Loading budget data...	የበጀት ዳታ በመጫን ላይ...	Daataa baajetaa fe'aa jira...	ናይ በጀት ዳታ ይጸዓን ኣሎ...	Xogta miisaaniyada waa la soo rarayaa...
budget	budget.restrictedAccess	Restricted access	የተገደበ መዳረሻ	Qaqqabiin daangeffame	ውሱን ምብጻሕ	Marin la xaddidday
budget	budget.noPermissionBudget	You don't have permission to view budget information for this project.	የዚህን ፕሮጀክት የበጀት መረጃ ለማየት ፈቃድ የለዎትም።	Odeeffannoo baajetaa pirojektii kanaa ilaaluuf hayyamni isiniif hin jiru.	ናይዚ ፕሮጀክት በጀት ንምርኣይ ፍቓድ የብልካን።	Oggolaansho uma lihid inaad aragto xogta miisaaniyada mashruucan.
budget	budget.noBudgetConfigured	No budget configured	በጀት አልተዋቀረም	Baajetni hin qindaa'in	በጀት ኣይተዋደደን	Miisaaniyad lama habeyn
budget	budget.noBudgetConfiguredDesc	This project doesn't have a budget set up yet.	ይህ ፕሮጀክት እስካሁን በጀት አልተቀመጠለትም።	Pirojektiin kun hanga ammaatti baajeta hin qabu.	እዚ ፕሮጀክት ክሳብ ሕጂ በጀት ኣይተዋደደሉን።	Mashruucan weli miisaaniyad lama dejin.
budget	budget.failedToLoadBudget	Failed to load budget	በጀት መጫን አልተሳካም	Baajeta fe'uu hin dandeenye	በጀት ምጽዓን ኣይሰለጠን	Miisaaniyada soo dejinta waa la waayay
budget	budget.limitedBudgetInfo	Limited budget information available at your access level.	በእርስዎ የመዳረሻ ደረጃ ውስን የበጀት መረጃ ይገኛል።	Odeeffannoon baajetaa sadarkaa qaqqabii keessanitti daangeffame jira.	ኣብ ደረጃ ምብጻሕካ ውሱን ናይ በጀት ሓበሬታ ይርከብ።	Xog miisaaniyad oo xaddidan ayaa lagu heli karaa heerkaaga maamulka.
budget	budget.realTimeTracking	Real-time financial tracking	ቅጽበታዊ የፋይናንስ ክትትል	Hordoffii maallaqaa yeroo qabatamaa	ቅጽበታዊ ናይ ፋይናንስ ክትትል	Raadraacinta dhaqaale ee waqtiga dhabta ah
budget	budget.monitoring	Monitoring	ክትትል	To'annoo	ክትትል	La socodka
budget	budget.atRisk	At Risk	አደጋ ላይ	Balaa Irra	ኣብ ሓደጋ	Khatar ku jira
budget	budget.critical	Critical	ወሳኝ	Muddamaa	ህጹጽ	Aad u deg deg ah
budget	budget.utilized	utilized	ጥቅም ላይ የዋለ	fayyadamame	ዝተጠቕመ	la isticmaalay
budget	budget.committed	Committed	የተቀመጠ	Waadaa Galamee	ዝተመደበ	Loo goostay
budget	budget.available	Available	ያለ	Jiru	ዝርከብ	La heli karo
budget	budget.burnRate	Burn Rate	የወጪ ፍጥነት	Saffisa Ba'ii	ናይ ወጻኢ ፍጥነት	Heerka isticmaalka
budget	budget.daily	Daily	ዕለታዊ	Guyyaan	መዓልታዊ	Maalinle
budget	budget.weekly	Weekly	ሳምንታዊ	Torbaniin	ሰሙናዊ	Toddobaadle
budget	budget.monthly	Monthly	ወርሃዊ	Ji'aan	ወርሓዊ	Bishii
budget	budget.budgetForecast	Budget Forecast	የበጀት ትንበያ	Tilmaama Baajetaa	ናይ በጀት ትንቢት	Saadaalka miisaaniyada
budget	budget.daysRemaining	~{days} days remaining at current burn rate	በአሁኑ የወጪ ፍጥነት ~{days} ቀናት ይቀራሉ	Saffisa ba'ii ammaa irratti ~guyyaa {days} hafe	ኣብ ሕጂ ናይ ወጻኢ ፍጥነት ~{days} መዓልታት ይተርፍ	~{days} maalmood oo hadhay heerka isticmaalka hadda
budget	budget.aiUpload	AI Upload	AI ስቀል	AI Olkaa'uu	AI ጸዓን	Soo rarinta AI
budget	budget.searchExpenses	Search expenses by description, vendor, category...	ወጪዎችን በገለጻ፣ በአቅራቢ፣ በምድብ ፈልግ...	Ba'iiwwan ibsa, dhiyeessaa, ramaddiidhaan barbaadi...	ብመግለጺ፣ ኣቕራቢ፣ ክፍሊ ወጻኢታት ድለ...	Ku raadi kharashyada sharaxaad, iibiye, ama qayb...
budget	budget.noExpensesFound	No Expenses Found	ወጪ አልተገኘም	Ba'iin Hin Argamne	ወጻኢታት ኣይተረኽበን	Kharash lama helin
budget	budget.tryAdjustingFilters	Try adjusting your search or filters.	ፍለጋዎን ወይም ማጣሪያዎችን ያስተካክሉ።	Barbaachaa ykn calaloo keessan sirreessuu yaalaa.	ድልየትካ ወይ ጸሪ ቀይር።	Raadintaada ama shaandhayaasha wax ka bedel.
budget	budget.uploadReceiptGetStarted	Upload a receipt or create an expense to get started.	ለመጀመር ደረሰኝ ይስቀሉ ወይም ወጪ ይፍጠሩ።	Jalqabuuf nagahee olkaa'aa ykn ba'ii uumaa.	ቅብሊት ጸዓን ወይ ወጻኢ ፍጠር ንምጅማር።	Risiidhka soo rar ama kharash samee si aad u bilowdo.
budget	budget.uploadReceipt	Upload Receipt	ደረሰኝ ስቀል	Nagahee Olkaa'i	ቅብሊት ጸዓን	Risiidhka soo rar
budget	budget.expenseDetails	Expense Details	የወጪ ዝርዝር	Bal'ina Ba'ii	ናይ ወጻኢ ዝርዝር	Faahfaahinta kharashka
budget	budget.expenseInformation	Expense Information	የወጪ መረጃ	Odeeffannoo Ba'ii	ናይ ወጻኢ ሓበሬታ	Xogta kharashka
budget	budget.reasonForRejection	Reason for rejection (required)...	ውድቅ የማድረግ ምክንያት (አስፈላጊ)...	Sababa diddaa (dirqama)...	ናይ ምንጻግ ምኽንያት (ግዴታ)...	Sababta diidmada (waa loo baahan yahay)...
budget	budget.confirmRejection	Confirm Rejection	ውድቅ ማድረግ አረጋግጥ	Diddaa Mirkaneessi	ምንጻግ ኣረጋግጽ	Diidmada xaqiiji
budget	budget.approvalStatus	Approval Status	የፍቃድ ሁኔታ	Haala Hayyamaa	ናይ ምጽዳቕ ኩነታ	Xaaladda ansixinta
budget	budget.rejectionStatus	Rejection Status	የውድቅ ሁኔታ	Haala Diddaa	ናይ ምንጻግ ኩነታ	Xaaladda diidmada
budget	budget.aiReceiptAnalysis	AI Receipt Analysis	AI የደረሰኝ ትንታኔ	Xiinxala Nagahee AI	AI ናይ ቅብሊት ትንተና	Falanqaynta risiidhka AI
budget	budget.linkToBudget	Link to Budget	ከበጀት ጋር አገናኝ	Baajetaatti Walqabsiisi	ምስ በጀት ኣተሓሕዝ	Ku xidh miisaaniyada
budget	budget.selectBudget	Select a budget...	በጀት ይምረጡ...	Baajeta filadhu...	በጀት ምረጽ...	Miisaaniyad dooro...
budget	budget.dropReceiptHere	Drop receipt here or click to browse	ደረሰኝ እዚህ ይጣሉ ወይም ለማሰስ ጠቅ ያድርጉ	Nagahee asitti kaa'aa ykn cuqaasuun barbaadaa	ቅብሊት ኣብዚ ጠውቕ ወይ ድረቦ	Risiidhka halkan ku rid ama guji si aad u raadiso
budget	budget.fileFormats	PDF, images, Word docs — max 10MB	PDF፣ ምስሎች፣ Word ሰነዶች — ከፍተኛ 10MB	PDF, suuraalee, dokumantoota Word — guddina 10MB tti	PDF፣ ስእልታት፣ Word ሰነዳት — ዝለዓለ 10MB	PDF, sawirro, dukumentiyada Word — ugu badnaan 10MB
budget	budget.analyzeWithAI	Analyze with AI	በAI ተንትን	AI-n Xiinxali	ብAI ተንትን	AI-ga ku falanqee
budget	budget.extracted	Extracted	የተወሰደ	Baafame	ዝተመንጠለ	La soo saaray
budget	budget.confidence	confidence	ትክክለኛነት	amanamummaa	ምትእምማን	kalsoonida
budget	budget.lineItems	Line Items	የመስመር ዕቃዎች	Tarree Wantootaa	ዝርዝር ኣቑሑት	Shaybaarka qoraalka
budget	budget.newUpload	New Upload	አዲስ ስቀል	Olkaa'uu Haaraa	ሓድሽ ምጽዓን	Soo rarid cusub
budget	budget.createExpense	Create Expense	ወጪ ፍጠር	Ba'ii Uumi	ወጻኢ ፍጠር	Kharash samee
budget	budget.summary	Summary	ማጠቃለያ	Cuunfaa	ጽሟቕ	Soo koobid
budget	budget.income	Income	ገቢ	Galii	ኣታዊ	Dakhli
budget	budget.forecasting	Forecasting	ትንበያ	Tilmaama	ትንቢት	Saadaalin
budget	budget.reports	Reports	ሪፖርቶች	Gabaasaalee	ጸብጻባት	Warbixinno
budget	budget.settings	Settings	ቅንብሮች	Qindaa'ina	ቅጥዒታት	Dejinta
budget	budget.budgetOverview	Budget Overview	የበጀት አጠቃላይ እይታ	Ilaalcha Waliigalaa Baajetaa	ሓፈሻዊ ናይ በጀት ትዕዝብቲ	Guud marka miisaaniyada
budget	budget.quickActions	Quick Actions	ፈጣን ድርጊቶች	Gocha Ariifataa	ቅልጡፍ ተግባራት	Ficilada degdega ah
budget	budget.aiDocumentAnalysis	AI Document Analysis	AI የሰነድ ትንታኔ	Xiinxala Dokumantii AI	AI ናይ ሰነድ ትንተና	Falanqaynta dukumentiyada AI
budget	budget.uploadDescription	Upload receipts, invoices, or budget docs — AI extracts and categorizes automatically.	ደረሰኞችን፣ ኢንቮይሶችን ወይም የበጀት ሰነዶችን ይስቀሉ — AI በራስ-ሰር ያወጣና ይመድባል።	Nagahee, nagahee bittaa, ykn dokumantoota baajetaa olkaa'aa — AI ofumaan baasee ramadda.	ቅብሊታት፣ ቅብሊት-ሰነዳት ወይ ናይ በጀት ሰነዳት ጸዓን — AI ብቐጥታ ይመንጥልን ይፈልን።	Soo rar risiidhyada, qaansheegyada, ama dukumentiyada miisaaniyada — AI ayaa si toos ah u soo saaraysa oo u kala soocaysa.
budget	budget.receipt	Receipt	ደረሰኝ	Nagahee	ቅብሊት	Risiidh
budget	budget.invoice	Invoice	ኢንቮይስ	Nagahee Bittaa	ቅብሊት-ሰነድ	Qaansheeg
budget	budget.budgetDoc	Budget Doc	የበጀት ሰነድ	Dokumantii Baajetaa	ናይ በጀት ሰነድ	Dukumentiga miisaaniyada
budget	budget.expenseReport	Expense Report	የወጪ ሪፖርት	Gabaasa Ba'ii	ናይ ወጻኢ ጸብጻብ	Warbixinta kharashka
budget	budget.recentActivity	Recent Activity	የቅርብ ጊዜ እንቅስቃሴ	Soochii Dhiyoo	ናይ ቀረባ ግዜ ንጥፈታት	Dhaqdhaqaaqyada dhowaan
budget	budget.live	Live	ቀጥታ	Kallattiin	ቅጽበታዊ	Toos
budget	budget.noRecentExpenses	No recent expenses	የቅርብ ጊዜ ወጪ የለም	Ba'iin dhiyoo hin jiru	ናይ ቀረባ ግዜ ወጻኢታት የለን	Kharash dhowaan ma jiro
budget	budget.viewAllExpenses	View all {count} expenses	ሁሉንም {count} ወጪዎች ይመልከቱ	Ba'iiwwan {count} hundaa ilaali	ኩሎም {count} ወጻኢታት ርአ	Dhammaan {count} kharashka arag
budget	budget.noBudgetsYet	No Budgets Yet	እስካሁን በጀት የለም	Hanga Ammaatti Baajetni Hin Jiru	ክሳብ ሕጂ በጀት የለን	Weli miisaaniyad ma jiro
budget	budget.noBudgetsYetDesc	Create a budget in any project to start tracking expenses, or upload a budget document for AI extraction.	ወጪዎችን ለመከታተል በማንኛውም ፕሮጀክት ውስጥ በጀት ይፍጠሩ ወይም ለAI ማውጣት የበጀት ሰነድ ይስቀሉ።	Ba'iiwwan hordofuuf pirojektii kamiyyuu keessatti baajeta uumaa, ykn dokumantii baajetaa olkaa'uun AI-n baasaa.	ወጻኢታት ንምክትታል ኣብ ዝኾነ ፕሮጀክት በጀት ፍጠር፣ ወይ ንAI ምምንጣል ናይ በጀት ሰነድ ጸዓን።	Miisaaniyad ku samee mashruuc kasta si aad kharashka u raadraacdo, ama dukumenti miisaaniyad ah soo rar si AI u soo saarto.
budget	budget.uploadBudgetDocument	Upload Budget Document	የበጀት ሰነድ ስቀል	Dokumantii Baajetaa Olkaa'i	ናይ በጀት ሰነድ ጸዓን	Dukumentiga miisaaniyada soo rar
budget	budget.categorySpending	Category Spending	በምድብ ወጪ	Ba'ii Ramaddii	ብክፍሊ ወጻኢ	Kharashka qaybta
budget	budget.aiProjectBudgetAnalysis	AI Project & Budget Analysis	AI የፕሮጀክት እና የበጀት ትንታኔ	Xiinxala Pirojektii fi Baajetaa AI	AI ናይ ፕሮጀክትን በጀትን ትንተና	Falanqaynta AI ee mashruuca & miisaaniyada
budget	budget.aiGenerated	AI-Generated	AI-የተፈጠረ	AI-n Kan Uumame	ብAI ዝተፈጥረ	AI la sameeyey
budget	budget.executiveSummary	Executive Summary	አስፈጻሚ ማጠቃለያ	Cuunfaa Raawwachiiftuu	ላዕለዋይ ጽሟቕ	Soo koobidda fulinta
budget	budget.budgetUtilization	Budget Utilization	የበጀት አጠቃቀም	Itti Fayyadama Baajetaa	ናይ በጀት ኣጠቓቕማ	Isticmaalka miisaaniyada
budget	budget.categoryAllocation	Category Allocation	የምድብ ድልድል	Qoodama Ramaddii	ናይ ክፍሊ ምምቕራሕ	Qaybinta qaybaha
budget	budget.aiRecommendations	AI Recommendations	AI ምክሮች	Gorsa AI	ናይ AI ምኽርታት	Talooyinka AI
budget	budget.reallocationNeeded	Reallocation Needed	ዳግም ድልድል ያስፈልጋል	Irra Deebi'iin Qoodamuun Barbaachisaa	ዳግማይ ምምቕራሕ ይድለ	Dib u qaybinta loo baahan yahay
budget	budget.pendingApprovals	Pending Approvals	በመጠባበቅ ላይ ያሉ ፈቃዶች	Hayyamawwan Eeggataa	ኣብ ምጽባይ ዘለዉ ምጽዳቓት	Ansixinta la sugayo
budget	budget.budgetHealth	Budget Health	የበጀት ጤና	Fayyummaa Baajetaa	ናይ በጀት ጥዕና	Caafimaadka miisaaniyada
budget	budget.analysisGeneratedOn	Analysis generated on {date}	ትንታኔ የተፈጠረው {date}	Xiinxalli kan uumame {date}	ትንተና ኣብ {date} ዝተፈጥረ	Falanqaynta la sameeyey {date}
budget	budget.budgetAnalysis	Budget Analysis	የበጀት ትንታኔ	Xiinxala Baajetaa	ናይ በጀት ትንተና	Falanqaynta miisaaniyada
budget	budget.financialSummary	Financial Summary	የፋይናንስ ማጠቃለያ	Cuunfaa Maallaqaa	ናይ ፋይናንስ ጽሟቕ	Soo koobidda dhaqaalaha
budget	budget.remainingFunds	Remaining Funds	ቀሪ ገንዘብ	Maallaqni Hafe	ዝተረፈ ገንዘብ	Lacagta hadhay
budget	budget.monthlyBurnRate	Monthly Burn Rate	ወርሃዊ የወጪ ፍጥነት	Saffisa Ba'ii Ji'aa	ወርሓዊ ናይ ወጻኢ ፍጥነት	Heerka isticmaalka bishii
budget	budget.estMonthsRemaining	Est. Months Remaining	ግምት ቀሪ ወራት	Ji'oota Hafan Tilmaamame	ግምት ዝተረፉ ኣዋርሕ	Bilaha la qiyaasayo ee hadhay
budget	budget.projectedCompletion	Projected Completion	የሚጠበቅ ማጠናቀቂያ	Xumuramuu Tilmaamame	ዝጽበ ምውዳእ	Dhammaadka la saadaalinayo
budget	budget.totalExpenses	Total Expenses	ጠቅላላ ወጪዎች	Ba'iiwwan Waliigalaa	ጠቕላላ ወጻኢታት	Wadarta kharashka
budget	budget.clearedByFinance	cleared by finance	በፋይናንስ የጸደቀ	maallaqaan hayyamame	ብፋይናንስ ዝተጸረየ	dhaqaalaha ayaa ansixiyey
budget	budget.awaitingApproval	awaiting approval	ፈቃድ በመጠባበቅ ላይ	hayyama eeggataa	ምጽዳቕ ይጽበ	waxaa la sugayaa ansixinta
budget	budget.atRiskPercent	{count} at risk (>80%)	{count} አደጋ ላይ (>80%)	{count} balaa irra (>80%)	{count} ኣብ ሓደጋ (>80%)	{count} khatar ku jira (>80%)
budget	budget.allocatedOf	of ETB {amount} allocated	ከETB {amount} የተመደበ	ETB {amount} qoodame keessaa	ካብ ETB {amount} ዝተመደበ	ee ETB {amount} la qoondeeyey
budget	budget.allProjectExpenses	All Project Expenses	ሁሉም የፕሮጀክት ወጪዎች	Ba'iiwwan Pirojektii Hundaa	ኩሎም ናይ ፕሮጀክት ወጻኢታት	Dhammaan kharashka mashruuca
budget	budget.approvedExpenses	Approved Expenses	የጸደቁ ወጪዎች	Ba'iiwwan Mirkanaa'an	ዝጸደቑ ወጻኢታት	Kharashyada la ansixiyey
budget	budget.pendingApproval	Pending Approval	ፈቃድ በመጠባበቅ ላይ	Hayyama Eeggataa	ኣብ ምጽባይ ምጽዳቕ	Ansixinta la sugayo
budget	budget.sessionLoadingIssue	Session Loading Issue	የክፍለ ጊዜ መጫን ችግር	Rakkoo Seeshiinii Fe'uu	ናይ ሰሽን ምጽዓን ጸገም	Dhibaatada soo raritaanka fadhiga
budget	budget.sessionTakingLong	The session is taking longer than expected to load.	ክፍለ ጊዜው ከተጠበቀው በላይ ለመጫን ጊዜ እየወሰደ ነው።	Seeshiiniin fe'amuuf yeroo eegame caalaa fudhachaa jira.	ሰሽን ካብ ዝጽበያዮ ንላዕሊ ግዜ ይወስድ ኣሎ።	Fadhigu wuxuu qaadanayaa waqti ka badan inta la filayey.
budget	budget.goToSignIn	Go to Sign In	ወደ መግቢያ ሂድ	Gara Seensaatti Deemi	ናብ ምእታው ኪድ	U tag soo galitaanka
budget	budget.analyzeReceiptInvoice	Analyze Receipt / Invoice	ደረሰኝ / ኢንቮይስ ተንትን	Nagahee / Nagahee Bittaa Xiinxali	ቅብሊት / ቅብሊት-ሰነድ ተንትን	Falanqee risiidhka / qaansheegta
budget	budget.analyzeBudgetDocument	Analyze Budget Document	የበጀት ሰነድ ተንትን	Dokumantii Baajetaa Xiinxali	ናይ በጀት ሰነድ ተንትን	Falanqee dukumentiga miisaaniyada
budget	budget.analyzeExpenseReport	Analyze Expense Report	የወጪ ሪፖርት ተንትን	Gabaasa Ba'ii Xiinxali	ናይ ወጻኢ ጸብጻብ ተንትን	Falanqee warbixinta kharashka
budget	budget.aiExtractDesc	AI will extract and categorize data automatically	AI ዳታን በራስ-ሰር ያወጣና ይመድባል	AI ofumaan daataa baasee ramadda	AI ዳታ ብቐጥታ ይመንጥልን ይፈልን	AI ayaa si toos ah u soo saaraysa oo u kala soocaysa xogta
budget	budget.documentType	Document Type	የሰነድ ዓይነት	Gosa Dokumantii	ዓይነት ሰነድ	Nooca dukumentiga
budget	budget.receiptInvoice	Receipt/Invoice	ደረሰኝ/ኢንቮይስ	Nagahee/Nagahee Bittaa	ቅብሊት/ቅብሊት-ሰነድ	Risiidh/Qaansheeg
budget	budget.linkToBudgetOptional	Link to Budget (optional)	ከበጀት ጋር አገናኝ (አማራጭ)	Baajetaatti Walqabsiisi (filannoo)	ምስ በጀት ኣተሓሕዝ (ኣማራጺ)	Ku xidh miisaaniyada (ikhtiyaari)
budget	budget.dropFileOrBrowse	Drop file here or click to browse	ፋይል እዚህ ይጣሉ ወይም ለማሰስ ጠቅ ያድርጉ	Faayilii asitti kaa'aa ykn cuqaasuun barbaadaa	ፋይል ኣብዚ ጠውቕ ወይ ድረቦ	Faylka halkan ku rid ama guji si aad u raadiso
budget	budget.fileFormatsExtended	PDF, images (JPG, PNG), Word docs, CSV — max 10MB	PDF፣ ምስሎች (JPG, PNG)፣ Word ሰነዶች፣ CSV — ከፍተኛ 10MB	PDF, suuraalee (JPG, PNG), dokumantoota Word, CSV — guddina 10MB tti	PDF፣ ስእልታት (JPG, PNG)፣ Word ሰነዳት፣ CSV — ዝለዓለ 10MB	PDF, sawirro (JPG, PNG), dukumentiyada Word, CSV — ugu badnaan 10MB
budget	budget.clickToChangeFile	Click to change file	ፋይል ለመቀየር ጠቅ ያድርጉ	Faayilii jijjiiruuf cuqaasaa	ፋይል ንምቕያር ጠውቕ	Guji si aad faylka u beddesho
budget	budget.analyzingWithAI	Analyzing with AI...	በAI በመተንተን ላይ...	AI-n xiinxalaa jira...	ብAI ይተንተን ኣሎ...	AI-ga waa la falanqeynayaa...
budget	budget.analyzeDocument	Analyze Document	ሰነድ ተንትን	Dokumantii Xiinxali	ሰነድ ተንትን	Dukumentiga falanqee
budget	budget.dataExtractedSuccessfully	Data extracted successfully	ዳታ በተሳካ ሁኔታ ተወስዷል	Daataan milkaa'inaan baafame	ዳታ ብዓወት ተመንጢሉ	Xogta si guul leh loo soo saaray
budget	budget.noData	No data	ዳታ የለም	Daataan hin jiru	ዳታ የለን	Xog ma jirto
budget	budget.owner	Owner	ባለቤት	Abbaa Qabeenyaa	ዋና	Milkiilaha
budget	budget.allExpenses	All Expenses	ሁሉም ወጪዎች	Ba'iiwwan Hundaa	ኩሎም ወጻኢታት	Dhammaan kharashka
teams	teams.title	Teams	ቡድኖች	Gareelee	ጋንታታት	Kooxaha
teams	teams.newTeam	New Team	አዲስ ቡድን	Garee Haaraa	ሓድሽ ጋንታ	Koox cusub
teams	teams.noTeams	No teams yet	እስካሁን ቡድን የለም	Hanga ammaatti gareen hin jiru	ክሳብ ሕጂ ጋንታ የለን	Weli koox ma jiro
teams	teams.members	Members	አባላት	Miseensota	ኣባላት	Xubnaha
teams	teams.teamName	Team Name	የቡድን ስም	Maqaa Garee	ናይ ጋንታ ስም	Magaca kooxda
teams	teams.description	Description	ገለጻ	Ibsa	መግለጺ	Sharaxaad
teams	teams.role	Role	ሚና	Gahee	ተራ	Doorka
teams	teams.owner	Owner	ባለቤት	Abbaa Qabeenyaa	ዋና	Milkiilaha
teams	teams.admin	Admin	አስተዳዳሪ	Bulchaa	ኣመሓዳሪ	Maamulaha
teams	teams.member	Member	አባል	Miseensa	ኣባል	Xubin
teams	teams.guest	Guest	እንግዳ	Keessummaa	ጋሻ	Marti
teams	teams.viewer	Viewer	ተመልካች	Ilaalaa	ተዓዛቢ	Daawade
teams	teams.teamsList	Teams List	የቡድኖች ዝርዝር	Tarree Gareelee	ናይ ጋንታ ዝርዝር	Liiska kooxaha
teams	teams.createTeam	Create Team	ቡድን ፍጠር	Garee Uumi	ጋንታ ፍጠር	Koox samee
teams	teams.searchTeams	Search teams, leads...	ቡድኖች፣ መሪዎች ፈልግ...	Gareelee, hogganoota barbaadi...	ጋንታታት፣ መራሕቲ ድለ...	Raadi kooxaha, hogaamiyayaasha...
teams	teams.allStatus	All Status	ሁሉም ሁኔታ	Haala Hundaa	ኩሉ ኩነታ	Xaaladda oo dhan
teams	teams.lead	Lead	መሪ	Hogganaa	መራሒ	Hogaamiye
teams	teams.performance	Performance	አፈጻጸም	Raawwii	ብቕዓት	Waxqabadka
teams	teams.created	Created	የተፈጠረ	Uumame	ዝተፈጥረ	La sameeyey
teams	teams.noTeamsMatchingFilters	No teams found matching your filters	ከማጣሪያዎችዎ ጋር የሚዛመድ ቡድን አልተገኘም	Calaloo keessaniin gareen hin argamne	ብጸሪኻ ዝሰማማዕ ጋንታ ኣይተረኽበን	Koox la helin shaandhayaashaada
teams	teams.code	Code	ኮድ	Koodii	ኮድ	Koodh
teams	teams.forms	Forms	ቅጾች	Unkaawwan	ቅጥዒታት	Foomamka
teams	teams.teamActivity	Team Activity	የቡድን እንቅስቃሴ	Sochii Garee	ንጥፈት ጋንታ	Dhaqdhaqaaqa Kooxda
teams	teams.searchActivity	Search activity...	እንቅስቃሴ ይፈልጉ...	Sochii barbaadi...	ንጥፈት ድለዩ...	Dhaqdhaqaaqa raadi...
teams	teams.activityDetails	Activity Details	የእንቅስቃሴ ዝርዝሮች	Ibsa Sochii	ዝርዝር ንጥፈት	Faahfaahinta Dhaqdhaqaaqa
teams	teams.activityInformation	Activity Information	የእንቅስቃሴ መረጃ	Odeeffannoo Sochii	ሓበሬታ ንጥፈት	Macluumaadka Dhaqdhaqaaqa
goals	goals.title	Goals	ግቦች	Galmoota	ዕላማታት	Hadafyada
goals	goals.newGoal	New Goal	አዲስ ግብ	Galma Haaraa	ሓድሽ ዕላማ	Hadaf cusub
goals	goals.noGoals	No goals yet	እስካሁን ግብ የለም	Hanga ammaatti galmni hin jiru	ክሳብ ሕጂ ዕላማ የለን	Weli hadaf ma jiro
goals	goals.keyResults	Key Results	ቁልፍ ውጤቶች	Bu'aawwan Ijoo	ቀንዲ ውጽኢታት	Natiijooyinka muhiimka
goals	goals.progress	Progress	ሂደት	Adeemsa	ምዕባለ	Horumar
goals	goals.notStarted	Not Started	ያልተጀመረ	Hin Jalqabamne	ዘይተጀመረ	Lama bilaabin
goals	goals.onTrack	On Track	በትክክለኛ መንገድ	Karaa Sirrii Irra	ኣብ ቅኑዕ መስመር	Wadada saxda ah
goals	goals.atRisk	At Risk	አደጋ ላይ	Balaa Irra	ኣብ ሓደጋ	Khatar ku jira
goals	goals.behind	Behind	ወደ ኋላ	Duubatti	ድሕሪት	Ka dambaysa
goals	goals.completed	Completed	የተጠናቀቀ	Xumurame	ዝተወድአ	La dhammeeyey
goals	goals.goalsList	Goals List	የግቦች ዝርዝር	Tarree Galmootaa	ናይ ዕላማ ዝርዝር	Liiska hadafyada
goals	goals.createGoal	Create Goal	ግብ ፍጠር	Galma Uumi	ዕላማ ፍጠር	Hadaf samee
goals	goals.searchGoals	Search goals, owners, teams...	ግቦች፣ ባለቤቶች፣ ቡድኖች ፈልግ...	Galmoota, abbootii, gareelee barbaadi...	ዕላማታት፣ ዋናታት፣ ጋንታታት ድለ...	Raadi hadafyada, milkiilayaasha, kooxaha...
goals	goals.searchGoalsShort	Search goals...	ግቦች ፈልግ...	Galmoota barbaadi...	ዕላማታት ድለ...	Raadi hadafyada...
goals	goals.allStatus	All Status	ሁሉም ሁኔታ	Haala Hundaa	ኩሉ ኩነታ	Xaaladda oo dhan
goals	goals.goal	Goal	ግብ	Galma	ዕላማ	Hadaf
goals	goals.owner	Owner	ባለቤት	Abbaa Qabeenyaa	ዋና	Milkiilaha
goals	goals.team	Team	ቡድን	Garee	ጋንታ	Koox
goals	goals.status	Status	ሁኔታ	Haala	ኩነታ	Xaalad
goals	goals.dueDate	Due Date	የመጨረሻ ቀን	Guyyaa Xumuraa	ናይ ምውዳእ ዕለት	Taariikhda dhammaadka
goals	goals.cycle	Cycle	ዑደት	Marsaa	ዙር	Wareega
goals	goals.noGoalsMatchingFilters	No goals found matching your filters	ከማጣሪያዎችዎ ጋር የሚዛመድ ግብ አልተገኘም	Calaloo keessaniin galmni hin argamne	ብጸሪኻ ዝሰማማዕ ዕላማ ኣይተረኽበን	Hadaf la helin shaandhayaashaada
goals	goals.goalsBoard	Goals Board	የግቦች ቦርድ	Boordii Galmootaa	ናይ ዕላማ ሰሌዳ	Sambalka hadafyada
goals	goals.noGoalsBoard	No goals	ግብ የለም	Galmni hin jiru	ዕላማታት የለን	Hadaf ma jiro
goals	goals.activeGoals	Active Goals	ንቁ ግቦች	Galmoota Hojii Irra Jiran	ንጡፋት ዕላማታት	Hadafyada Firfircoon
goals	goals.completedGoals	Completed Goals	የተጠናቀቁ ግቦች	Galmoota Xumuraman	ዝተዛዘሙ ዕላማታት	Hadafyada La Dhammeeyey
goals	goals.exceededTarget	Exceeded Target	ዒላማ ያለፉ	Kaayyoo Darbee	ዕላማ ዝሓለፉ	Hadafka Ka Dhaafay
goals	goals.thisQuarter	This Quarter	ይህ ሩብ ዓመት	Kurmaana Kana	እዚ ርብዒ ዓመት	Rubucan
goals	goals.searchActiveGoals	Search active goals...	ንቁ ግቦችን ይፈልጉ...	Galmoota hojii irra jiran barbaadi...	ንጡፋት ዕላማታት ድለዩ...	Hadafyada firfircoon raadi...
goals	goals.searchCompletedGoals	Search completed goals...	የተጠናቀቁ ግቦችን ይፈልጉ...	Galmoota xumuraman barbaadi...	ዝተዛዘሙ ዕላማታት ድለዩ...	Hadafyada la dhammeeyey raadi...
goals	goals.goalDetails	Goal Details	የግብ ዝርዝሮች	Ibsa Galmoo	ዝርዝር ዕላማ	Faahfaahinta Hadafka
goals	goals.goalInformation	Goal Information	የግብ መረጃ	Odeeffannoo Galmoo	ሓበሬታ ዕላማ	Macluumaadka Hadafka
goals	goals.completionDetails	Completion Details	የማጠናቀቂያ ዝርዝሮች	Ibsa Xumura	ዝርዝር ምዝዛም	Faahfaahinta Dhamaystirka
goals	goals.goalAchievement	Goal Achievement	የግብ ስኬት	Fiixaan Ba'iinsa Galmoo	ስኬት ዕላማ	Guusha Hadafka
goals	goals.completedDate	Completed Date	የተጠናቀቀበት ቀን	Guyyaa Xumura	ዝተዛዘመሉ ዕለት	Taariikhda La Dhammeeyey
goals	goals.duration	Duration	ቆይታ	Turtii	ግዜ	Muddada
goals	goals.keyResultsCompleted	Key Results Completed	የተጠናቀቁ ቁልፍ ውጤቶች	Bu'aawwan Ijoo Xumuraman	ዝተዛዘሙ ቀንዲ ውጽኢታት	Natiijooyinka Muhiimka Ah Ee La Dhammeeyey
goals	goals.overallProgress	Overall Progress	አጠቃላይ ሂደት	Adeemsa Waliigalaa	ሓፈሻዊ ምንቅስቓስ	Horumarka Guud
goals	goals.achievement	Achievement	ስኬት	Fiixaan Ba'iinsa	ስኬት	Guul
settings	settings.title	Settings	ቅንብሮች	Qindaa'ina	ቅጥዒታት	Dejinta
settings	settings.general	General	አጠቃላይ	Waliigalaa	ሓፈሻዊ	Guud
settings	settings.customization	Customization	ማበጀት	Maamila	ምስምማዕ	Habaynta
settings	settings.security	Security	ደህንነት	Nageenya	ድሕነት	Amniga
settings	settings.integrations	Integrations	ውህደቶች	Walitti Makamtii	ውህደታት	Isku xidhka
settings	settings.language	Language	ቋንቋ	Afaan	ቋንቋ	Luuqadda
settings	settings.selectLanguage	Select Language	ቋንቋ ይምረጡ	Afaan Filadhaa	ቋንቋ ምረጽ	Luuqad dooro
settings	settings.theme	Theme	ገጽታ	Bifa	ቲም	Qaabka
settings	settings.darkMode	Dark Mode	ጨለማ ሁነታ	Haala Dukkana	ጸልማት ሞድ	Habka mugdiga
settings	settings.notifications	Notifications	ማሳወቂያዎች	Beeksisa	ሓበሬታታት	Ogeysiisyada
settings	settings.profile	Profile	መገለጫ	Piroofaayilii	ፕሮፋይል	Bogga shaqsiga
settings	settings.account	Account	መለያ	Herrega	ኣካውንት	Akoon
settings	settings.backToDashboard	Back to Dashboard	ወደ ዳሽቦርድ ተመለስ	Gara Daashboorditti Deebi'i	ናብ ዳሽቦርድ ተመለስ	Ku noqo dashboorkka
settings	settings.profileSettings	Profile Settings	የመገለጫ ቅንብሮች	Qindaa'ina Piroofaayilii	ናይ ፕሮፋይል ቅጥዒታት	Dejinta bogga shaqsiga
settings	settings.manageAccount	Manage your account information and preferences	የመለያ መረጃዎን እና ምርጫዎችን ያስተዳድሩ	Odeeffannoo herregaa fi filannoo keessan bulchaa	ናይ ኣካውንት ሓበሬታኻን ምርጫታትካን ኣመሓድር	Maamul xogta akoonkaaga iyo doorashooyinkaaga
settings	settings.profileInformation	Profile Information	የመገለጫ መረጃ	Odeeffannoo Piroofaayilii	ናይ ፕሮፋይል ሓበሬታ	Xogta bogga shaqsiga
settings	settings.editProfile	Edit Profile	መገለጫ አርትዕ	Piroofaayilii Gulaali	ፕሮፋይል ኣርትዕ	Bogga shaqsiga wax ka bedel
settings	settings.profileUpdated	Profile updated successfully!	መገለጫ በተሳካ ሁኔታ ተዘምኗል!	Piroofaayiliin milkaa'inaan haaromfame!	ፕሮፋይል ብዓወት ተሓዲሱ!	Bogga shaqsiga si guul leh loo cusbooneysiiyey!
settings	settings.failedToUpdateProfile	Failed to update profile	መገለጫ ማዘመን አልተሳካም	Piroofaayilii haaromsuu hin dandeenye	ፕሮፋይል ምሕዳስ ኣይሰለጠን	Bogga shaqsiga cusbooneysiintiisa waa la waayay
settings	settings.orgSettings	Organization settings and preferences coming soon	የድርጅት ቅንብሮች እና ምርጫዎች በቅርቡ ይመጣሉ	Qindaa'inni fi filannoon dhaabbataa dhiyootti ni dhufa	ናይ ትካል ቅጥዒታትን ምርጫታትን ኣብ ቀረባ ይመጽእ	Dejinta hay'adda iyo doorashooyinka waa iman doontaa dhowaan
settings	settings.redirecting	Redirecting to settings...	ወደ ቅንብሮች በማዛወር ላይ...	Gara qindaa'inaatti geessaa jira...	ናብ ቅጥዒታት ይኸይድ ኣሎ...	Waa lagu wareejinayaa dejinta...
filter	filter.all	All	ሁሉም	Hundaa	ኩሉ	Dhammaan
filter	filter.task	Task	ተግባር	Hojii	ተግባር	Hawl
filter	filter.project	Project	ፕሮጀክት	Pirojektii	ፕሮጀክት	Mashruuc
filter	filter.goal	Goal	ግብ	Galma	ዕላማ	Hadaf
filter	filter.comment	Comment	አስተያየት	Yaada	ርእይቶ	Faallo
filter	filter.filterBy	Filter by:	አጣራ በ:	Calalii:	ጸሪ ብ:	Ku shaandhee:
time	time.justNow	Just now	አሁን	Amma	ሕጂ	Hadda
time	time.minutesAgo	{count} minutes ago	ከ{count} ደቂቃ በፊት	Daqiiqaa {count} dura	ቅድሚ {count} ደቓይቕ	{count} daqiiqo ka hor
time	time.hoursAgo	{count} hours ago	ከ{count} ሰዓት በፊት	Sa'aatii {count} dura	ቅድሚ {count} ሰዓታት	{count} saacadood ka hor
time	time.daysAgo	{count} days ago	ከ{count} ቀን በፊት	Guyyaa {count} dura	ቅድሚ {count} መዓልታት	{count} maalmood ka hor
time	time.weeksAgo	{count} weeks ago	ከ{count} ሳምንት በፊት	Torban {count} dura	ቅድሚ {count} ሰሙናት	{count} toddobaad ka hor
time	time.monthsAgo	{count} months ago	ከ{count} ወር በፊት	Ji'a {count} dura	ቅድሚ {count} ኣዋርሕ	{count} bilood ka hor
onboarding	onboarding.personalWorkspace	Personal Workspace	የግል የሥራ ቦታ	Iddoo Hojii Dhuunfaa	ውልቃዊ ናይ ስራሕ ቦታ	Goobta Shaqada Shaqsiga
onboarding	onboarding.personalDesc	For individual use and personal projects	ለግል ጥቅም እና ለግል ፕሮጀክቶች	Fayyadama dhuunfaa fi pirojektii dhuunfaaf	ንውልቃዊ ጥቕሚ ን ውልቃዊ ፕሮጀክትታት	Isticmaalka shaqsiga iyo mashruucyada gaarka ah
onboarding	onboarding.govMinistry	Government / Ministry	መንግሥት / ሚኒስቴር	Mootummaa / Ministeeraa	መንግስቲ / ሚኒስትሪ	Dawlad / Wasaarad
onboarding	onboarding.govDesc	For government agencies and ministries	ለመንግሥት ተቋማት እና ሚኒስቴሮች	Dhaabbilee mootummaa fi ministeerotaaf	ንመንግስታዊ ትካላት ን ሚኒስትሪታት	Hay'adaha dawladda iyo wasaaradaha
onboarding	onboarding.privateCompany	Private Company	የግል ድርጅት	Dhaabbata Dhuunfaa	ውልቃዊ ትካል	Shirkad Gaar ah
onboarding	onboarding.companyDesc	For private businesses and enterprises	ለግል ንግዶች እና ኢንተርፕራይዞች	Daldala dhuunfaa fi intarpiraayizotaaf	ንውልቃዊ ንግዲ ን ኢንተርፕራይዝ	Ganacsiyada gaarka ah iyo shirkadaha
onboarding	onboarding.ngoIngo	NGO / INGO	መንግሥታዊ ያልሆነ ድርጅት	Dhaabbata Miti-Mootummaa	ዘይ-መንግስታዊ ትካል	Hay'ad Aan-Dawli Ahayn
onboarding	onboarding.ngoDesc	For non-governmental organizations	ለመንግሥታዊ ያልሆኑ ድርጅቶች	Dhaabbilee miti-mootummaaf	ንዘይ-መንግስታዊ ትካላት	Hay'adaha aan-dawliga ahayn
onboarding	onboarding.education	Education	ትምህርት	Barnoota	ትምህርቲ	Waxbarasho
onboarding	onboarding.educationDesc	For schools, universities, and training centers	ለትምህርት ቤቶች፣ ዩኒቨርሲቲዎች እና ማሰልጠኛ ማዕከላት	Manneen barnootaa, yuunivarsiitota fi giddugala leenjiitiif	ንቤት ትምህርቲ፣ ዩኒቨርሲቲ ን ማእከል ስልጠና	Dugsiyada, jaamacadaha iyo xarumaha tababarada
onboarding	onboarding.construction	Construction	ግንባታ	Ijaarsaa	ህንጻ	Dhismo
onboarding	onboarding.constructionDesc	For construction and engineering firms	ለግንባታ እና ኢንጂነሪንግ ድርጅቶች	Dhaabbilee ijaarsaa fi injinariingiif	ንህንጻ ን ኢንጂነሪንግ ትካላት	Shirkadaha dhismaha iyo injineernimada
onboarding	onboarding.healthcare	Healthcare	ጤና	Eegumsa Fayyaa	ጥዕና	Caafimaad
onboarding	onboarding.healthcareDesc	For hospitals, clinics, and health organizations	ለሆስፒታሎች፣ ክሊኒኮች እና የጤና ድርጅቶች	Hospitaalota, kiliinikoota fi dhaabbilee fayyaaf	ንሆስፒታላት፣ ክሊኒካት ን ናይ ጥዕና ትካላት	Isbitaalada, rugaha caafimaadka iyo hay'adaha caafimaadka
onboarding	onboarding.teamSize1to10	1–10	1–10	1–10	1–10	1–10
onboarding	onboarding.teamSize11to50	11–50	11–50	11–50	11–50	11–50
onboarding	onboarding.teamSize51to200	51–200	51–200	51–200	51–200	51–200
onboarding	onboarding.teamSize201to500	201–500	201–500	201–500	201–500	201–500
onboarding	onboarding.teamSize500plus	500+	500+	500+	500+	500+
onboarding	onboarding.personalTasks	Personal tasks	የግል ተግባራት	Hojii dhuunfaa	ውልቃዊ ተግባራት	Hawlaha shaqsiga
onboarding	onboarding.soloProjects	Solo projects	ብቸኛ ፕሮጀክቶች	Pirojektii kophaatti	ውልቃዊ ፕሮጀክትታት	Mashruucyada keliya
onboarding	onboarding.quickSetup	Quick setup	ፈጣን ማዋቀር	Qindaa'ina ariifataa	ቅልጡፍ ምትዕርራይ	Dejin degdeg ah
onboarding	onboarding.upgradeAnytime	Upgrade anytime	በማንኛውም ጊዜ ያሻሽሉ	Yeroo barbaaddetti ol guddiisi	ዝደለኻዮ ግዜ ኣዕብይ	Mar walba kor u qaad
onboarding	onboarding.budgetTracking	Budget tracking	የበጀት ክትትል	Hordoffii baajetaa	ናይ በጀት ክትትል	Raadraacinta miisaaniyada
onboarding	onboarding.complianceTools	Compliance tools	የተገዢነት መሣሪያዎች	Meeshaalee hordoffii seeraa	ናይ ምትሕልላው መሳርሒታት	Qalabka waafaqsanaanta
onboarding	onboarding.publicProcurement	Public procurement	የሕዝብ ግዢ	Bittaa ummataa	ህዝባዊ ግዝኣት	Iibsashada dadweynaha
onboarding	onboarding.ethiopianCalendar	Ethiopian calendar	የኢትዮጵያ ቀን መቁጠሪያ	Kaalaandarii Itoophiyaa	ናይ ኢትዮጵያ ዓውደ-ኣዋርሕ	Kalandarka Itoobiya
onboarding	onboarding.agileWorkflows	Agile workflows	አጀይል የሥራ ፍሰቶች	Adeemsa hojii ajaayilii	ኣጃይል ናይ ስራሕ ፍሰት	Socodka agile-ka
onboarding	onboarding.clientProjects	Client projects	የደንበኛ ፕሮጀክቶች	Pirojektota maamiltootaa	ናይ ዓሚል ፕሮጀክትታት	Mashruucyada macaamiisha
onboarding	onboarding.teamCollaboration	Team collaboration	የቡድን ትብብር	Wal ta'iinsa garee	ናይ ጋንታ ምትሕብባር	Iskaashiga kooxda
onboarding	onboarding.timeTracking	Time tracking	የጊዜ ክትትል	Hordoffii yeroo	ናይ ግዜ ክትትል	Raadraacinta waqtiga
onboarding	onboarding.grantManagement	Grant management	የድጎማ አስተዳደር	Bulchiinsa deeggarsaa	ናይ ውህባት ኣመሓዳድራ	Maaraynta deeqaha
onboarding	onboarding.impactTracking	Impact tracking	የተፅዕኖ ክትትል	Hordoffii dhiibbaa	ናይ ጽልዋ ክትትል	Raadraacinta saameynta
onboarding	onboarding.donorReporting	Donor reporting	የለጋሽ ሪፖርት	Gabaasa deeggartoota	ናይ ለጋሲ ጸብጻብ	Warbixinta deeq-bixiyayaasha
onboarding	onboarding.multiCurrency	Multi-currency	ብዙ ምንዛሪ	Sharafaa baay'ee	ብዙሕ ባጤራ	Lacago badan
onboarding	onboarding.courseProjects	Course projects	የኮርስ ፕሮጀክቶች	Pirojektota koorsii	ናይ ኮርስ ፕሮጀክትታት	Mashruucyada koorsada
onboarding	onboarding.researchTracking	Research tracking	የምርምር ክትትል	Hordoffii qorannoo	ናይ ምርምር ክትትል	Raadraacinta cilmi baadhista
onboarding	onboarding.academicCalendar	Academic calendar	የአካዳሚክ ቀን መቁጠሪያ	Kaalaandarii barnootaa	ናይ ትምህርቲ ዓውደ-ኣዋርሕ	Kalandarka tacliinta
onboarding	onboarding.studentCollaboration	Student collaboration	የተማሪዎች ትብብር	Wal ta'iinsa barattootaa	ናይ ተማሃሮ ምትሕብባር	Iskaashiga ardayda
onboarding	onboarding.siteManagement	Site management	የቦታ አስተዳደር	Bulchiinsa iddoo	ናይ ቦታ ኣመሓዳድራ	Maaraynta goobaha
onboarding	onboarding.equipmentTracking	Equipment tracking	የመሣሪያ ክትትል	Hordoffii meeshaalee	ናይ መሳርሒ ክትትል	Raadraacinta qalabka
onboarding	onboarding.safetyCompliance	Safety compliance	የደህንነት ተገዢነት	Hordoffii nageenyaa	ናይ ድሕነት ምትሕልላው	Waafaqsanaanta badbaadada
onboarding	onboarding.progressPhotos	Progress photos	የሂደት ፎቶዎች	Suuraalee adeemsa	ናይ ምዕባለ ስእልታት	Sawirrada horumarinta
onboarding	onboarding.facilityManagement	Facility management	የተቋም አስተዳደር	Bulchiinsa dhaabbilee	ናይ ትካል ኣመሓዳድራ	Maaraynta xarumaha
onboarding	onboarding.medicalProjects	Medical projects	የሕክምና ፕሮጀክቶች	Pirojektota yaalaa	ናይ ሕክምና ፕሮጀክትታት	Mashruucyada caafimaadka
onboarding	onboarding.complianceTracking	Compliance tracking	የተገዢነት ክትትል	Hordoffii hordoffii seeraa	ናይ ምትሕልላው ክትትል	Raadraacinta waafaqsanaanta
onboarding	onboarding.resourceAllocation	Resource allocation	የሀብት ክፍፍል	Qoodama qabeenya	ናይ ጸጋ ምምቕራሕ	Qaybinta kheyraadka
onboarding	onboarding.people1to10	1-10 people	1-10 ሰዎች	Nama 1-10	1-10 ሰባት	1-10 qof
onboarding	onboarding.people11to50	11-50 people	11-50 ሰዎች	Nama 11-50	11-50 ሰባት	11-50 qof
onboarding	onboarding.people51to200	51-200 people	51-200 ሰዎች	Nama 51-200	51-200 ሰባት	51-200 qof
onboarding	onboarding.people201to500	201-500 people	201-500 ሰዎች	Nama 201-500	201-500 ሰባት	201-500 qof
onboarding	onboarding.people500plus	500+ people	500+ ሰዎች	Nama 500+	500+ ሰባት	500+ qof
onboarding	onboarding.forIndividual	For individual use — manage your own tasks and projects	ለግል ጥቅም — የራስዎን ተግባራት እና ፕሮጀክቶች ያስተዳድሩ	Fayyadama dhuunfaaf — hojii fi pirojektii kee ofii bulchi	ንውልቃዊ ጥቕሚ — ናይ ገዛእ ርእስኻ ተግባራትን ፕሮጀክትታትን ኣመሓድር	Isticmaalka shaqsiga — hawlahaaga iyo mashruucyadaada maamul
onboarding	onboarding.forEthGov	For Ethiopian federal and regional government agencies	ለኢትዮጵያ ፌዴራል እና ክልላዊ መንግሥት ተቋማት	Dhaabbilee mootummaa federaalaa fi naannoo Itoophiyaaf	ንናይ ኢትዮጵያ ፌደራልን ክልላውን መንግስታዊ ትካላት	Hay'adaha dawladda federaalka iyo gobolka ee Itoobiya
onboarding	onboarding.forTechCompanies	For tech companies, startups, and businesses	ለቴክኖሎጂ ኩባንያዎች፣ ስታርት-አፖች እና ንግዶች	Dhaabbilee teeknoolojii, jalqabbii fi daldalootaaf	ንናይ ቴክኖሎጂ ትካላት፣ ስታርትኣፕ ን ንግድታት	Shirkadaha teknoolojiyada, bilow-gacmeedyada, iyo ganacsiyada
onboarding	onboarding.forNonProfit	For non-profit and international organizations	ለመንግሥታዊ ያልሆኑ እና ዓለም አቀፍ ድርጅቶች	Dhaabbilee miti-mootummaa fi idil-addunyaaf	ንዘይ-መኽሰባውን ዓለምለኻዊ ትካላትን	Hay'adaha aan-faa'iidada ahayn iyo kuwa caalamiga ah
onboarding	onboarding.forUniversities	For universities, schools, and training centers	ለዩኒቨርሲቲዎች፣ ትምህርት ቤቶች እና ማሰልጠኛ ማዕከላት	Yuunivarsiitota, manneen barnootaa fi giddugala leenjiitiif	ንዩኒቨርሲቲታት፣ ቤት ትምህርትታትን ማእከላት ስልጠናን	Jaamacadaha, dugsiyada, iyo xarumaha tababarada
onboarding	onboarding.forConstruction	For construction firms and engineering companies	ለግንባታ ድርጅቶች እና ኢንጂነሪንግ ኩባንያዎች	Dhaabbilee ijaarsaa fi injinariingiif	ንናይ ህንጻ ትካላትን ናይ ኢንጂነሪንግ ትካላትን	Shirkadaha dhismaha iyo shirkadaha injineernimada
onboarding	onboarding.forHospitals	For hospitals, clinics, and health organizations	ለሆስፒታሎች፣ ክሊኒኮች እና የጤና ድርጅቶች	Hospitaalota, kiliinikoota fi dhaabbilee fayyaaf	ንሆስፒታላት፣ ክሊኒካትን ናይ ጥዕና ትካላትን	Isbitaalada, rugaha caafimaadka, iyo hay'adaha caafimaadka
onboarding	onboarding.educationalInstitution	Educational Institution	የትምህርት ተቋም	Dhaabbata Barnootaa	ናይ ትምህርቲ ትካል	Hay'adda waxbarashada
onboarding	onboarding.constructionEngineering	Construction/Engineering	ግንባታ/ኢንጂነሪንግ	Ijaarsaa/Injinariingii	ህንጻ/ኢንጂነሪንግ	Dhismo/Injineernimo
selectOrg	selectOrg.loadingOrgs	Loading organizations...	ድርጅቶችን በመጫን ላይ...	Dhaabbillee fe'aa jira...	ትካላት ይጸዓኑ ኣለዉ...	Hay'adaha waa la soo rarayaa...
selectOrg	selectOrg.welcomeBackName	Welcome back, {name}	እንኳን ደህና መጡ {name}	Baga nagaan dhuftan {name}	እንኳዕ ደሓን መጻእካ {name}	Ku soo dhawoow {name}
selectOrg	selectOrg.selectWorkspace	Select a workspace	የሥራ ቦታ ይምረጡ	Iddoo hojii filadhaa	ናይ ስራሕ ቦታ ምረጽ	Goobta shaqada dooro
selectOrg	selectOrg.enterprise	Enterprise	ኢንተርፕራይዝ	Intarpiraayizii	ኢንተርፕራይዝ	Ganacsi weyn
selectOrg	selectOrg.professional	Professional	ፕሮፌሽናል	Ogummaa	ፕሮፌሽናል	Xirfadle
selectOrg	selectOrg.free	Free	ነጻ	Bilisaa	ነጻ	Bilaash
selectOrg	selectOrg.enterprisePM	Enterprise Project Management	የኢንተርፕራይዝ ፕሮጀክት አስተዳደር	Bulchiinsa Pirojektii Intarpiraayizii	ናይ ኢንተርፕራይዝ ፕሮጀክት ኣመሓዳድራ	Maaraynta mashruuca ee ganacsi weyn
errors	errors.somethingWentWrong	Something went wrong	የሆነ ችግር ተፈጥሯል	Wanti tokko dogoggore	ገለ ጸገም ተፈጢሩ	Wax baa qaldan
errors	errors.unexpectedError	An unexpected error occurred	ያልተጠበቀ ስህተት ተፈጥሯል	Dogoggorri hin eegamne uumame	ዘይተጸበናዮ ጌጋ ተፈጢሩ	Khalad aan la filayn ayaa dhacay
errors	errors.tryAgain	Try again	እንደገና ሞክር	Irra deebi'ii yaali	ዳግማይ ፈትን	Mar kale isku day
errors	errors.reloadPage	Reload page	ገጹን እንደገና ጫን	Fuula irra deebi'ii fe'i	ገጹ ዳግማይ ጸዓኖ	Bogga dib u rar
errors	errors.goToHomepage	Go to homepage	ወደ መነሻ ገጽ ሂድ	Gara fuula jalqabaatti deebi'i	ናብ መበገሲ ገጽ ኪድ	Bogga hore u tag
errors	errors.contactSupport	Contact support	ድጋፍ አግኝ	Deeggarsa quunnamii	ደገፍ ርኸብ	La xiriir taageerada
errors	errors.weApologize	We apologize for the inconvenience. An unexpected error has occurred.	ለተፈጠረው ችግር ይቅርታ እንጠይቃለን። ያልተጠበቀ ስህተት ተከስቷል።	Rakkoo uumameef dhiifama gaafanna. Dogoggorri hin eegamne uumameera.	ይቕሬታ ንሓትት። ዘይተጸበናዮ ጌጋ ተፈጢሩ።	Raali noqo dhibaatada. Khalad aan la filayn ayaa dhacay.
errors	errors.componentStack	Component Stack	የክፍለ-ንጥል ቁልል	Tarree Qaamolee	ናይ ኮምፖነንት ደረጃ	Qayb-dhismeedka
errors	errors.ifProblemPersists	If this problem persists, please	ይህ ችግር ከቀጠለ እባክዎ	Rakkoon yoo itti fufe, maaloo	ጸገሙ እንተ ቀጺሉ በጃኻ	Haddii dhibaatadu sii jirto, fadlan
errors	errors.loginFailed	Login failed	መግቢያ አልተሳካም	Seensuun hin milkoofne	ምእታው ኣይሰለጠን	Soo galitaanku wuu guul darraystay
errors	errors.connectionError	Connection error. Please try again.	የግንኙነት ስህተት። እባክዎ እንደገና ይሞክሩ።	Dogoggora walqunnamtii. Irra deebi'ii yaalaa.	ናይ ርክብ ጌጋ። በጃኻ ዳግማይ ፈትን።	Khaladka xiriirka. Fadlan mar kale isku day.
errors	errors.failedToLoadStats	Failed to load stats	ስታቲስቲክስ መጫን አልተሳካም	Istaatiistiksii fe'uu hin dandeenye	ስታቲስቲክስ ምጽዓን ኣይሰለጠን	Xogta tirakoobka soo dejinta waa la waayay
errors	errors.failedToLoad	Failed to load data	ዳታ መጫን አልተሳካም	Daataa fe'uu hin dandeenye	ዳታ ምጽዓን ኣይሰለጠን	Xogta soo dejinta waa la waayay
errors	errors.missingFields	Missing fields	የጎደሉ መስኮች	Dirreewwan hafan	ዝጎደሉ ክፍልታት	Meelaha loo baahan waa maqan yihiin
errors	errors.pleaseProvideTitle	Please provide a title and select a project	እባክዎ ርዕስ ያቅርቡ እና ፕሮጀክት ይምረጡ	Maaloo mata-duree galchaa pirojektii filadhaa	በጃኻ ኣርእስቲ ሃብ ን ፕሮጀክት ምረጽ	Fadlan cinwaan bixi oo mashruuc dooro
errors	errors.areYouSure	Are you sure?	እርግጠኛ ነዎት?	Mirkanii?	ርግጸኛ ዲኻ?	Ma hubtaa?
errors	errors.areYouSureDelete	Are you sure you want to delete this task?	ይህን ተግባር መሰረዝ እንደሚፈልጉ እርግጠኛ ነዎት?	Hojii kana haquuf mirkanii?	ነዚ ተግባር ክትድምስሶ ርግጸኛ ዲኻ?	Ma hubtaa inaad rabto inaad hawshan tirtirto?
emptyStates	emptyStates.noProjects	No projects yet	እስካሁን ፕሮጀክት የለም	Hanga ammaatti pirojektiin hin jiru	ክሳብ ሕጂ ፕሮጀክት የለን	Weli mashruuc ma jiro
emptyStates	emptyStates.noProjectsDesc	Create your first project to start organizing work.	ሥራ ለማደራጀት የመጀመሪያ ፕሮጀክትዎን ይፍጠሩ።	Hojii qindeessuuf pirojektii jalqabaa keessan uumaa.	ስራሕ ንምውዳብ ቀዳማይ ፕሮጀክትካ ፍጠር።	Shaqada abaabulidda mashruucaaga koowaad samee.
emptyStates	emptyStates.noIssues	No issues yet	እስካሁን ጉዳይ የለም	Hanga ammaatti dhimmi hin jiru	ክሳብ ሕጂ ጉዳይ የለን	Weli arrin ma jiro
emptyStates	emptyStates.noIssuesDesc	Create an issue to start tracking work.	ሥራ ለመከታተል ጉዳይ ይፍጠሩ።	Hojii hordofuuf dhimma uumaa.	ስራሕ ንምክትታል ጉዳይ ፍጠር።	Shaqada raadraacidda arrin samee.
emptyStates	emptyStates.noTeams	No teams yet	እስካሁን ቡድን የለም	Hanga ammaatti gareen hin jiru	ክሳብ ሕጂ ጋንታ የለን	Weli koox ma jiro
emptyStates	emptyStates.noTeamsDesc	Create a team to start collaborating.	ለመተባበር ቡድን ይፍጠሩ።	Wal ta'uuf garee uumaa.	ንምትሕብባር ጋንታ ፍጠር።	Is kaashashada koox samee.
emptyStates	emptyStates.noGoals	No goals yet	እስካሁን ግብ የለም	Hanga ammaatti galmni hin jiru	ክሳብ ሕጂ ዕላማ የለን	Weli hadaf ma jiro
emptyStates	emptyStates.noGoalsDesc	Set a goal to align your team around objectives.	ቡድንዎን ለማስተባበር ግብ ያስቀምጡ።	Garee keessan qindeessuuf galma kaa'aa.	ጋንታኻ ንምስምማዕ ዕላማ ኣቐምጥ።	Kooxdaada isku toosinta hadaf dejiso.
emptyStates	emptyStates.noAutomations	No automations yet	እስካሁን አውቶሜሽን የለም	Hanga ammaatti ofumaan hojjechuun hin jiru	ክሳብ ሕጂ ኦቶመይሽን የለን	Weli otomaatik ma jiro
emptyStates	emptyStates.noAutomationsDesc	Create an automation to streamline your workflows.	የሥራ ፍሰትዎን ለማቀላጠፍ አውቶሜሽን ይፍጠሩ።	Adeemsa hojii fooyyessuuf ofumaan hojjechuu uumaa.	ናይ ስራሕ ፍሰት ንምቅላል ኦቶመይሽን ፍጠር።	Socodka shaqada fududaynta otomaatik samee.
emptyStates	emptyStates.noDocuments	No documents yet	እስካሁን ሰነድ የለም	Hanga ammaatti dokumantiin hin jiru	ክሳብ ሕጂ ሰነድ የለን	Weli dukumenti ma jiro
emptyStates	emptyStates.noDocumentsDesc	Upload a document to get started.	ለመጀመር ሰነድ ይስቀሉ።	Jalqabuuf dokumantii olkaa'aa.	ንምጅማር ሰነድ ጸዓን።	Bilawga dukumenti soo rar.
emptyStates	emptyStates.noDocs	No pages yet	እስካሁን ገጽ የለም	Hanga ammaatti fuulli hin jiru	ክሳብ ሕጂ ገጽ የለን	Weli bog ma jiro
emptyStates	emptyStates.noDocsDesc	Create a page to start building your knowledge base.	የእውቀት መሠረትዎን ለመገንባት ገጽ ይፍጠሩ።	Kuusaa beekumsaa ijaaruuf fuula uumaa.	ናይ ፍልጠት መሰረት ንምህናጽ ገጽ ፍጠር።	Aasaaska aqoonta dhisidda bog samee.
emptyStates	emptyStates.noBudget	No budget set up yet	እስካሁን በጀት አልተዋቀረም	Hanga ammaatti baajetni hin qindaa'in	ክሳብ ሕጂ በጀት ኣይተዋደደን	Weli miisaaniyad lama dejin
emptyStates	emptyStates.noBudgetDesc	Set up your budget to start tracking expenses.	ወጪዎችን ለመከታተል በጀትዎን ያዋቅሩ።	Ba'iiwwan hordofuuf baajeta keessan qindeessaa.	ወጻኢታት ንምክትታል በጀትካ ኣዋድድ።	Kharashka raadraacidda miisaaniyadaada deji.
emptyStates	emptyStates.noEvents	No events yet	እስካሁን ክስተት የለም	Hanga ammaatti taatee hin jiru	ክሳብ ሕጂ ፍጻመ የለን	Weli munaasabad ma jiro
emptyStates	emptyStates.noEventsDesc	Create an event to start scheduling.	ለማቀድ ክስተት ይፍጠሩ።	Sagantaa baasuuf taatee uumaa.	ንምድላው ፍጻመ ፍጠር።	Jadwalka munaasabad samee.
emptyStates	emptyStates.createProject	Create Project	ፕሮጀክት ፍጠር	Pirojektii Uumi	ፕሮጀክት ፍጠር	Mashruuc Samee
emptyStates	emptyStates.createIssue	Create Issue	ጉዳይ ፍጠር	Dhimma Uumi	ጉዳይ ፍጠር	Arrin Samee
emptyStates	emptyStates.createTeam	Create Team	ቡድን ፍጠር	Garee Uumi	ጋንታ ፍጠር	Koox Samee
emptyStates	emptyStates.setGoal	Set Goal	ግብ አስቀምጥ	Galma Kaa'i	ዕላማ ኣቐምጥ	Hadaf Dejiso
emptyStates	emptyStates.createAutomation	Create Automation	አውቶሜሽን ፍጠር	Ofumaan Hojjechuu Uumi	ኦቶመይሽን ፍጠር	Otomaatik Samee
emptyStates	emptyStates.uploadDocument	Upload Document	ሰነድ ስቀል	Dokumantii Olkaa'i	ሰነድ ጸዓን	Dukumenti Soo Rar
emptyStates	emptyStates.createPage	Create Page	ገጽ ፍጠር	Fuula Uumi	ገጽ ፍጠር	Bog Samee
emptyStates	emptyStates.setupBudget	Set Up Budget	በጀት አዋቅር	Baajeta Qindeessi	በጀት ኣዋድድ	Miisaaniyad Deji
emptyStates	emptyStates.noNotifications	No notifications to display	የሚታይ ማሳወቂያ የለም	Beeksisni mul'atu hin jiru	ዝርአ ሓበሬታ የለን	Ogeysiis la muujiyo ma jiro
emptyStates	emptyStates.allCaughtUp	All caught up!	ሁሉም ተከታትለዋል!	Hundaa ilaalteetta!	ኩሉ ተኸታቲልካ ኣለኻ!	Waa la soo gaadhay!
emptyStates	emptyStates.noOperations	No operations tasks yet. Create one to get started.	እስካሁን የተግባር ሥራ የለም። ለመጀመር አንድ ይፍጠሩ።	Hojiin hojimaataa hanga ammaatti hin jiru. Jalqabuuf tokko uumaa.	ክሳብ ሕጂ ናይ ስርሒት ተግባር የለን። ንምጅማር ሓደ ፍጠር።	Weli hawl hawlgal ma jirto. Mid samee si aad u bilowdo.
emptyStates	emptyStates.noResearch	No research tasks yet. Create one to get started.	እስካሁን የምርምር ሥራ የለም። ለመጀመር አንድ ይፍጠሩ።	Hojiin qorannoo hanga ammaatti hin jiru. Jalqabuuf tokko uumaa.	ክሳብ ሕጂ ናይ ምርምር ተግባር የለን። ንምጅማር ሓደ ፍጠር።	Weli hawl cilmi baadhis ma jirto. Mid samee si aad u bilowdo.
emptyStates	emptyStates.noBacklog	No backlog items yet. Create one to get started.	እስካሁን ባክሎግ የለም። ለመጀመር አንድ ይፍጠሩ።	Wanti tarree eeggataa keessa hanga ammaatti hin jiru. Jalqabuuf tokko uumaa.	ክሳብ ሕጂ ናይ ባክሎግ ኣቑሕ የለን። ንምጅማር ሓደ ፍጠር።	Weli shaqo sugaysa ma jirto. Mid samee si aad u bilowdo.
emptyStates	emptyStates.noReleases	No releases planned yet. Create one to start tracking.	እስካሁን የታቀደ ልቀት የለም። ለመከታተል አንድ ይፍጠሩ።	Gadhiisni hanga ammaatti hin karoorfamne. Hordofuuf tokko uumaa.	ክሳብ ሕጂ ዝተመደበ ምልቃቕ የለን። ንምክትታል ሓደ ፍጠር።	Weli sii dayn la qorsheeyin. Mid samee si aad raadraacidda u bilowdo.
emptyStates	emptyStates.noCodeReviews	No code reviews pending. Create one to start reviewing.	በመጠባበቅ ላይ ያለ የኮድ ግምገማ የለም። ለመጀመር አንድ ይፍጠሩ።	Gamaaggamni koodii eeggataa hin jiru. Jalqabuuf tokko uumaa.	ዝጽበ ናይ ኮድ ግምገማ የለን። ንምጅማር ሓደ ፍጠር።	Weli dib u eegis koodh sugaysa ma jirto. Mid samee si aad u bilowdo.
emptyStates	emptyStates.noSocialMedia	No social media tasks yet. Create one to start planning.	እስካሁን የማህበራዊ ሚዲያ ሥራ የለም። ለማቀድ አንድ ይፍጠሩ።	Hojiin miidiyaa hawaasaa hanga ammaatti hin jiru. Karoorsuuf tokko uumaa.	ክሳብ ሕጂ ናይ ማሕበራዊ ሚድያ ተግባር የለን። ንምድላው ሓደ ፍጠር።	Weli hawl baraha bulshada ma jirto. Mid samee si aad qorshaynta u bilowdo.
emptyStates	emptyStates.noAnalytics	No analytics tasks yet. Create one to start tracking.	እስካሁን የትንታኔ ሥራ የለም። ለመከታተል አንድ ይፍጠሩ።	Hojiin xiinxalaa hanga ammaatti hin jiru. Hordofuuf tokko uumaa.	ክሳብ ሕጂ ናይ ትንተና ተግባር የለን። ንምክትታል ሓደ ፍጠር።	Weli hawl falanqayn ma jirto. Mid samee si aad raadraacidda u bilowdo.
emptyStates	emptyStates.noCampaigns	No campaigns yet. Create one to get started.	እስካሁን ዘመቻ የለም። ለመጀመር አንድ ይፍጠሩ።	Duulli hanga ammaatti hin jiru. Jalqabuuf tokko uumaa.	ክሳብ ሕጂ ዘመተ የለን። ንምጅማር ሓደ ፍጠር።	Weli olole ma jiro. Mid samee si aad u bilowdo.
emptyStates	emptyStates.noIncidents	No incidents reported. Create one to start tracking.	የተዘገበ ክስተት የለም። ለመከታተል አንድ ይፍጠሩ።	Mudannoon hin gabaafamne. Hordofuuf tokko uumaa.	ዝተመዝገበ ፍጻመ የለን። ንምክትታል ሓደ ፍጠር።	Weli dhacdooyin la soo sheegin. Mid samee si aad raadraacidda u bilowdo.
emptyStates	emptyStates.noMonitoring	No monitoring tasks yet. Create one to start tracking.	እስካሁን የክትትል ሥራ የለም። ለመከታተል አንድ ይፍጠሩ።	Hojiin to'annoo hanga ammaatti hin jiru. Hordofuuf tokko uumaa.	ክሳብ ሕጂ ናይ ክትትል ተግባር የለን። ንምክትታል ሓደ ፍጠር።	Weli hawl la socod ma jirto. Mid samee si aad raadraacidda u bilowdo.
emptyStates	emptyStates.noChecklists	No checklists yet. Create one to standardize procedures.	እስካሁን ቼክሊስት የለም። ሂደቶችን ለማደራጀት አንድ ይፍጠሩ።	Tarreen sakatta'iinsaa hanga ammaatti hin jiru. Adeemsa dhaabbataaf tokko uumaa.	ክሳብ ሕጂ ናይ መርኣያ ዝርዝር የለን። ኣገባባት ንምስታንዳርድ ሓደ ፍጠር።	Weli liis hubinta ma jirto. Mid samee si aad habka caadiga aad u dejiso.
emptyStates	emptyStates.noDataTasks	No data tasks yet. Create one to start collecting.	እስካሁን የዳታ ሥራ የለም። ለመሰብሰብ አንድ ይፍጠሩ።	Hojiin daataa hanga ammaatti hin jiru. Sassaabuuf tokko uumaa.	ክሳብ ሕጂ ናይ ዳታ ተግባር የለን። ንምእካብ ሓደ ፍጠር።	Weli hawl xog ma jirto. Mid samee si aad ururinta u bilowdo.
emptyStates	emptyStates.noFindings	No findings yet. Create one to document insights.	እስካሁን ግኝት የለም። ግንዛቤዎችን ለመመዝገብ አንድ ይፍጠሩ።	Argannoon hanga ammaatti hin jiru. Hubannoo galmeessuuf tokko uumaa.	ክሳብ ሕጂ ረኽቦ የለን። ትዕዝብትታት ንምምዝጋብ ሓደ ፍጠር።	Weli natiijo la helin. Mid samee si aad aragtiyo u diiwaangeliso.
emptyStates	emptyStates.noResearchPlans	No research plans yet. Create one to get started.	እስካሁን የምርምር ዕቅድ የለም። ለመጀመር አንድ ይፍጠሩ።	Karoora qorannoo hanga ammaatti hin jiru. Jalqabuuf tokko uumaa.	ክሳብ ሕጂ ናይ ምርምር ውጥን የለን። ንምጅማር ሓደ ፍጠር።	Weli qorshe cilmi baadhis ma jiro. Mid samee si aad u bilowdo.
emptyStates	emptyStates.noMaterials	No materials tracked yet. Create one to manage resources.	እስካሁን የተከታተለ ቁሳቁስ የለም። ሀብቶችን ለማስተዳደር አንድ ይፍጠሩ።	Meeshaaleen hanga ammaatti hin hordofamne. Qabeenya bulchuuf tokko uumaa.	ክሳብ ሕጂ ዝተኸታተሉ ኣቑሑት የለን። ጸጋታት ንምኣመሓዳር ሓደ ፍጠር።	Weli agab la raadraacin. Mid samee si aad kheyraadka u maamusho.
emptyStates	emptyStates.noInspections	No inspections scheduled. Create one to start tracking.	የታቀደ ምርመራ የለም። ለመከታተል አንድ ይፍጠሩ።	Sakatta'iinsi hin sagantaa'in. Hordofuuf tokko uumaa.	ዝተመደበ ምርመራ የለን። ንምክትታል ሓደ ፍጠር።	Weli kormeer la qorsheeyin. Mid samee si aad raadraacidda u bilowdo.
emptyStates	emptyStates.noArticles	No articles found for	ለ ምንም ጽሑፍ አልተገኘም	Barreeffamni hin argamne	ንዝረኸቡ ጽሑፋት የለን	Maqaal lama helin
emptyStates	emptyStates.noCompliance	Compliance module	የተገዢነት ሞጁል	Mooojulii hordoffii	ሞጁል ምእዛዝ	Qaybta waafaqsanaan
emptyStates	emptyStates.noComplianceDesc	Track regulatory requirements, audit trails, and compliance documentation. Configure your compliance framework to get started.	የቁጥጥር መስፈርቶችን፣ የኦዲት ዱካዎችን እና የተገዢነት ሰነዶችን ይከታተሉ።	Ulaagaalee to'annoo, tarree oddeetii fi sanadoota hordoffii hordofi.	ናይ ቁጽጽር ረቛሒታት፣ ናይ ኦዲት ዱካታት ከምኡ'ውን ናይ ምእዛዝ ሰነዳት ተኸታተሉ።	Shuruudaha xeerarka, raadadka baadhitaanka iyo dukumentiyada waafaqsanaan la soco.
emptyStates	emptyStates.configureCompliance	Configure Compliance	ተገዢነትን ያዋቅሩ	Hordoffii Qindeessi	ምእዛዝ ኣዋድዱ	Waafaqsanaan Habee
emptyStates	emptyStates.noMedical	Medical records	የሕክምና መዝገቦች	Galmee yaalaa	ናይ ሕክምና መዛግብቲ	Diiwaanka caafimaad
emptyStates	emptyStates.noMedicalDesc	Manage patient records, appointments, and medical documentation. Set up your medical workspace to begin.	የታካሚ መዝገቦችን፣ ቀጠሮዎችን እና የሕክምና ሰነዶችን ያስተዳድሩ።	Galmee dhukkubsataa, beellama fi sanadoota yaalaa bulchi.	ናይ ሕሙም መዛግብቲ፣ ቆጸራታት ከምኡ'ውን ናይ ሕክምና ሰነዳት ኣመሓድሩ።	Diiwaanka bukaan-socodka, ballanaha iyo dukumentiyada caafimaad maamul.
emptyStates	emptyStates.setupMedical	Set Up Medical	ሕክምና ያዋቅሩ	Yaalaa Qindeessi	ሕክምና ኣዋድዱ	Caafimaad Habee
emptyStates	emptyStates.noProcurement	No procurement records	የግዥ መዝገቦች የሉም	Galmeen bittaa hin jiru	ናይ ግዝኢ መዝገብ የለን	Diiwaano iibsasho ma jiraan
emptyStates	emptyStates.noProcurementDesc	Track purchase orders, vendor management, and procurement workflows in one place.	የግዥ ትዕዛዞችን፣ የአቅራቢ አስተዳደርን እና የግዥ ሂደቶችን በአንድ ቦታ ይከታተሉ።	Ajaja bittaa, bulchiinsa dhiyeessituu fi adeemsa bittaa bakka tokkotti hordofi.	ናይ ግዝኢ ትእዛዛት፣ ናይ ኣቕረብቲ ምሕደራ ከምኡ'ውን ናይ ግዝኢ ኣገባብ ኣብ ሓደ ቦታ ተኸታተሉ።	Dalbadaha iibsashada, maamulka bixiyeyaasha iyo habka iibsashada meel kaliya ku la soco.
emptyStates	emptyStates.createPO	Create PO	የግዥ ትዕዛዝ ፍጠር	Ajaja Bittaa Uumi	ናይ ግዝኢ ትእዛዝ ፍጠር	Dalabad Iibsi Samee
emptyStates	emptyStates.noSafety	Safety management	የደህንነት አስተዳደር	Bulchiinsa nageenyaa	ምሕደራ ድሕነት	Maamulka badbaadada
emptyStates	emptyStates.noSafetyDesc	Monitor safety incidents, inspections, and compliance reports. Set up your safety program.	የደህንነት ክስተቶችን፣ ፍተሻዎችን እና የተገዢነት ሪፖርቶችን ይከታተሉ።	Balaa nageenyaa, sakatta'iinsa fi gabaasa hordoffii hordofi.	ናይ ድሕነት ፍጻመታት፣ መርመራታት ከምኡ'ውን ናይ ምእዛዝ ጸብጻባት ተኸታተሉ።	Dhacdooyinka badbaadada, baadhitaannada iyo warbixinaha waafaqsanaan la soco.
emptyStates	emptyStates.configureSafety	Configure Safety	ደህንነትን ያዋቅሩ	Nageenyaa Qindeessi	ድሕነት ኣዋድዱ	Badbaadada Habee
emptyStates	emptyStates.noEquipment	No equipment tracked	የተከታተለ መሳሪያ የለም	Meeshaan hordofame hin jiru	ዝተኸታተለ መሳርሒ የለን	Qalab la soo socdo ma jiro
emptyStates	emptyStates.noEquipmentDesc	Track equipment inventory, maintenance schedules, and utilization across your organization.	የመሳሪያ ቆጠራን፣ የጥገና መርሐ ግብሮችን እና አጠቃቀምን ይከታተሉ።	Herrega meeshaa, sagantaa suphaa fi itti fayyadama hordofi.	ናይ መሳርሒ ቆጸራ፣ ናይ ጽገና መደባት ከምኡ'ውን ኣጠቓቕማ ተኸታተሉ።	Liiska qalabka, jadwalka dayactirka iyo isticmaalka la soco.
emptyStates	emptyStates.addEquipment	Add Equipment	መሳሪያ ያክሉ	Meeshaa Dabali	መሳርሒ ወስኹ	Qalab Kudar
emptyStates	emptyStates.noFacilities	No facilities registered	የተመዘገበ ተቋም የለም	Dhaabbanni galmaa'e hin jiru	ዝተመዝገበ ትካል የለን	Xarun la diiwaan geliyay ma jirto
emptyStates	emptyStates.noFacilitiesDesc	Manage buildings, rooms, and facility maintenance in one central location.	ህንፃዎችን፣ ክፍሎችን እና የተቋም ጥገናን በአንድ ማዕከላዊ ቦታ ያስተዳድሩ።	Gamoo, kutaa fi suphaa dhaabbataa bakka tokkoo giddu-galeessaatti bulchi.	ህንጻታት፣ ክፍልታት ከምኡ'ውን ናይ ትካል ጽገና ኣብ ሓደ ማእከላይ ቦታ ኣመሓድሩ።	Dhismayaasha, qolalka iyo dayactirka xarunta meel dhexe ku maamul.
emptyStates	emptyStates.addFacility	Add Facility	ተቋም ያክሉ	Dhaabbata Dabali	ትካል ወስኹ	Xarun Kudar
emptyStates	emptyStates.noSites	No sites configured	የተዋቀረ ቦታ የለም	Bakki qindaa'e hin jiru	ዝተዋደደ ቦታ የለን	Goob la habeeyey ma jirto
emptyStates	emptyStates.noSitesDesc	Track project sites, locations, and geographic data for field operations.	የፕሮጀክት ቦታዎችን፣ አካባቢዎችን እና ለመስክ ስራዎች ጂኦግራፊያዊ መረጃ ይከታተሉ።	Bakka pirojektii, iddoo fi daataa jiyoogiraafii hojii dirreef hordofi.	ናይ ፕሮጀክት ቦታታት፣ ኣከባቢታት ከምኡ'ውን ናይ ሜዳ ስራሕ ጂኦግራፊያዊ ሓበሬታ ተኸታተሉ።	Goobaha mashruuca, meelaha iyo xogta juquraafiga ee howlaha goobta la soco.
emptyStates	emptyStates.addSite	Add Site	ቦታ ያክሉ	Bakka Dabali	ቦታ ወስኹ	Goob Kudar
emptyStates	emptyStates.noResources	No resources allocated	የተመደበ ሀብት የለም	Qabeenya ramadame hin jiru	ዝተመደበ ጸጋ የለን	Kheyraad la qoondeeyay ma jiro
emptyStates	emptyStates.noResourcesDesc	Manage resource allocation, capacity planning, and utilization tracking.	የሀብት ምደባ፣ የአቅም ዕቅድ እና የአጠቃቀም ክትትልን ያስተዳድሩ።	Ramaddii qabeenyaa, karoora dandeettii fi hordoffii itti fayyadama bulchi.	ናይ ጸጋ ምምዳብ፣ ናይ ዓቕሚ ዕቅዲ ከምኡ'ውን ናይ ኣጠቓቕማ ክትትል ኣመሓድሩ።	Qoondeynta kheyraadka, qorsheynta awoodda iyo la socodka isticmaalka maamul.
emptyStates	emptyStates.addResource	Add Resource	ሀብት ያክሉ	Qabeenya Dabali	ጸጋ ወስኹ	Kheyraad Kudar
emptyStates	emptyStates.noGrants	No grants tracked	የተከታተለ ድጋፍ የለም	Deeggarsi hordofame hin jiru	ዝተኸታተለ ሓገዝ የለን	Deeq la soo socdo ma jiro
emptyStates	emptyStates.noGrantsDesc	Track grant applications, funding sources, and disbursement schedules.	የድጋፍ ማመልከቻዎችን፣ የገንዘብ ምንጮችን እና የስርጭት መርሐ ግብሮችን ይከታተሉ።	Iyyannoo deeggarsa, madda maallaqaa fi sagantaa raabsaa hordofi.	ናይ ሓገዝ ምልክታታት፣ ናይ ገንዘብ ምንጭታት ከምኡ'ውን ናይ ምዝርጋሕ መደባት ተኸታተሉ።	Codsiyada deeqda, ilaha dhaqaalaha iyo jadwalka qaybinta la soco.
emptyStates	emptyStates.addGrant	Add Grant	ድጋፍ ያክሉ	Deeggarsa Dabali	ሓገዝ ወስኹ	Deeq Kudar
emptyStates	emptyStates.noImpact	Impact tracking	የተፅዕኖ ክትትል	Hordoffii dhiibbaa	ክትትል ጽልዋ	La socodka saamaynta
emptyStates	emptyStates.noImpactDesc	Measure and report on project impact, outcomes, and key performance indicators.	በፕሮጀክት ተፅዕኖ፣ ውጤቶች እና ዋና የአፈፃፀም አመልካቾች ላይ ይለኩ እና ያሳውቁ።	Dhiibbaa pirojektii, bu'aa fi agarsiistuuwwan raawwii ijoo irratti safaruufi gabaasi.	ኣብ ጽልዋ ፕሮጀክት፣ ውጽኢታት ከምኡ'ውን ቀንዲ ኣመልከቲ ኣፈጻጽማ ልኸዩ ከምኡ'ውን ሓብሩ።	Saamaynta mashruuca, natiijooyinka iyo tilmaamayaasha muhiimka ah ee waxqabadka ku cabbir oo ka warbixin.
emptyStates	emptyStates.configureMetrics	Configure Metrics	መለኪያዎችን ያዋቅሩ	Safartuu Qindeessi	መለክዒታት ኣዋድዱ	Cabbirrada Habee
emptyStates	emptyStates.noPatients	No patients registered	የተመዘገበ ታካሚ የለም	Dhukkubsataan galmaa'e hin jiru	ዝተመዝገበ ሕሙም የለን	Bukaan-socod la diiwaan geliyay ma jiro
emptyStates	emptyStates.noPatientsDesc	Add your first patient record to start managing medical information and appointments.	የሕክምና መረጃ እና ቀጠሮዎችን ለማስተዳደር የመጀመሪያ ታካሚ መዝገብ ያክሉ።	Odeeffannoo yaalaa fi beellama bulchuuf galmee dhukkubsataa jalqabaa dabali.	ናይ ሕክምና ሓበሬታ ከምኡ'ውን ቆጸራታት ንምምሕዳር ናይ መጀመርታ ሕሙም መዝገብ ወስኹ።	Xogta caafimaad iyo ballanta maamulidda diiwaanka bukaan-socodka koowaad kudar.
emptyStates	emptyStates.addPatient	Add Patient	ታካሚ ያክሉ	Dhukkubsataa Dabali	ሕሙም ወስኹ	Bukaan-socod Kudar
emptyStates	emptyStates.noCourses	No courses available	ምንም ትምህርቶች የሉም	Barnooti hin jiru	ኮርሳት የለዉን	Koorsoyin ma jiraan
emptyStates	emptyStates.noCoursesDesc	Course management features are coming soon.	የትምህርት አስተዳደር ባህሪያት በቅርቡ ይመጣሉ።	Amaloota bulchiinsa barnootaa dhiyootti ni dhufu.	ናይ ኮርስ ምሕደራ ባህርያት ቀረባ ግዜ ክመጽእ እዩ።	Astaamaha maamulka koorsada dhowaan waa imanayaan.
emptyStates	emptyStates.nothingHereYet	Nothing here yet	እስካሁን ምንም የለም	Hanga ammaatti homtuu hin jiru	ክሳብ ሕጂ ዋላ ሓደ የለን	Wali waxba halkan kuma jiraan
emptyStates	emptyStates.getStartedDefault	Get started by creating your first item.	የመጀመሪያ ንጥልዎን በመፍጠር ይጀምሩ።	Wanta jalqabaa kee uumuudhaan eegali.	ናይ መጀመርታ ንጥልኹም ብምፍጣር ጀምሩ።	Shayga koowaad adigoo sameynaya bilow.
emptyStates	emptyStates.noDevelopment	No development tasks yet. Create one to track your work.	እስካሁን የልማት ተግባራት የሉም። ስራዎን ለመከታተል አንድ ይፍጠሩ።	Hanga ammaatti hojii misooma hin jiru. Hojii kee hordofuuf tokko uumi.	ክሳብ ሕጂ ናይ ልምዓት ስራሕ የለን። ስራሕኩም ንምክትታል ሓደ ፍጠሩ።	Wali howlo horumarineed ma jiraan. Mid samee si aad shaqadaada u la socoto.
emptyStates	emptyStates.noMarketing	No marketing tasks yet. Create one to get started.	እስካሁን የግብይት ተግባራት የሉም። ለመጀመር አንድ ይፍጠሩ።	Hanga ammaatti hojii gabaa hin jiru. Eegaluuf tokko uumi.	ክሳብ ሕጂ ናይ ዕዳጋ ስራሕ የለን። ንምጅማር ሓደ ፍጠሩ።	Wali howlo suuq-geyn ma jiraan. Mid samee si aad u bilowdo.
pricing	pricing.choosePlan	Choose your plan	ዕቅድ ይምረጡ	Karoora filadhaa	ውጥንኻ ምረጽ	Qorshahaaga dooro
pricing	pricing.selectPerfectPlan	Select the perfect plan for your team	ለቡድንዎ ትክክለኛውን ዕቅድ ይምረጡ	Garee keessaniif karoora sirrii ta'e filadhaa	ንጋንታኻ ዝበቅዕ ውጥን ምረጽ	Kooxdaada qorshaha ugu fiican u dooro
pricing	pricing.premiumTrialActive	Premium trial active	የፕሪሚየም ሙከራ ንቁ ነው	Yaaliin piriimiyeemii hojii irra jira	ናይ ፕሪምየም ፈተነ ንጡፍ	Tijaabada premium way shaqaysaa
pricing	pricing.trialEnds	Trial ends {date}	ሙከራ ያበቃል {date}	Yaaliin ni dhuma {date}	ፈተነ ይውዳእ {date}	Tijaabadu way dhammaan {date}
pricing	pricing.free	Free	ነጻ	Bilisaa	ነጻ	Bilaash
pricing	pricing.standard	Standard	ስታንዳርድ	Istaandaridii	ስታንዳርድ	Caadi
pricing	pricing.premium	Premium	ፕሪሚየም	Piriimiyeemii	ፕሪምየም	Premium
pricing	pricing.perUserMonth	per user / month	በአንድ ተጠቃሚ / በወር	fayyadamaa tokkotti / ji'atti	ንሓደ ተጠቃሚ / ንወርሒ	isticmaale kasta / bishii
pricing	pricing.forIndividuals	For individuals and small teams	ለግለሰቦች እና ትንንሽ ቡድኖች	Namoota dhuunfaa fi garee xixiqqaaf	ንውልቀ-ሰባት ን ንኣሽቱ ጋንታታት	Shaqsiyaadka iyo kooxaha yaryar
pricing	pricing.forGrowingTeams	For growing teams and organizations	ለሚያድጉ ቡድኖች እና ድርጅቶች	Garee guddataa jiru fi dhaabbileetiif	ንዝዓብዩ ጋንታታት ን ትካላት	Kooxaha sii koraya iyo hay'adaha
pricing	pricing.forAIPowered	For AI-powered enterprise teams	ለAI-የተጎለበተ ኢንተርፕራይዝ ቡድኖች	Garee intarpiraayizii AI-n deeggarameef	ብAI ዝተሓየለ ናይ ኢንተርፕራይዝ ጋንታታት	Kooxaha ganacsiga ee AI ku shaqeeya
pricing	pricing.upTo10Users	Up to 10 users	እስከ 10 ተጠቃሚዎች	Hanga fayyadamaa 10tti	ክሳብ 10 ተጠቀምቲ	Ilaa 10 isticmaale
pricing	pricing.unlimitedUsers	Unlimited users	ያልተገደበ ተጠቃሚዎች	Fayyadamtoota daangaa hin qabne	ዘይውሱን ተጠቀምቲ	Isticmaaleyaal aan xad lahayn
pricing	pricing.basicPM	Basic project management	መሠረታዊ ፕሮጀክት አስተዳደር	Bulchiinsa pirojektii bu'uuraa	መሰረታዊ ናይ ፕሮጀክት ኣመሓዳድራ	Maaraynta mashruuca aasaasiga
pricing	pricing.advancedPM	Advanced project management	የላቀ ፕሮጀክት አስተዳደር	Bulchiinsa pirojektii sadarkaa olaanaa	ዝማዕበለ ናይ ፕሮጀክት ኣመሓዳድራ	Maaraynta mashruuca horumarsan
pricing	pricing.communitySupport	Community support	የማህበረሰብ ድጋፍ	Deeggarsa hawaasaa	ናይ ማሕበረሰብ ደገፍ	Taageerada bulshada
pricing	pricing.prioritySupport	Priority support	ቅድሚያ ድጋፍ	Deeggarsa dursa	ቀዳምነት ደገፍ	Taageero mudnaanta leh
pricing	pricing.selectFree	Select Free	ነጻ ምረጥ	Bilisaa Fili	ነጻ ምረጽ	Bilaash Dooro
pricing	pricing.buyStandard	Buy Standard	ስታንዳርድ ግዛ	Istaandaridii Biti	ስታንዳርድ ግዛእ	Caadi Iibso
pricing	pricing.addPayment	Add Payment Method	የክፍያ ዘዴ ጨምር	Mala Kaffaltii Dabali	ናይ ክፍሊት ኣገባብ ወስኽ	Hab lacag bixin ku dar
pricing	pricing.recommended	Recommended	የሚመከር	Kan Gorsamame	ዝምከር	Lagu talinayo
pricing	pricing.startTrial	Start Free Trial	ነጻ ሙከራ ጀምር	Yaalii Bilisaa Jalqabi	ነጻ ፈተነ ጀምር	Tijaabo Bilaash ah Bilow
pricing	pricing.forTeamsGettingStarted	For individuals or teams getting started	ለሚጀምሩ ግለሰቦች ወይም ቡድኖች	Namoota dhuunfaa ykn garee jalqabaa jiraniif	ንውልቀ-ሰባት ወይ ዝጅምሩ ጋንታታት	Shaqsiyaadka ama kooxaha bilaabanaya
pricing	pricing.forSmallGrowing	For small & growing teams needing better control	የተሻለ ቁጥጥር ለሚፈልጉ ትንንሽ እና እያደጉ ያሉ ቡድኖች	Garee xixiqqaa fi guddataa jiru to'annoo fooyya'aa barbaaduuf	ንንኣሽቱን ዝዓብዩን ጋንታታት ዝሓሸ ምቁጽጻር ዘድልዮም	Kooxaha yaryar ee sii koraya oo maamul wanaagsan u baahan
pricing	pricing.forAIPoweredTeams	For teams needing AI-powered productivity	AI-የተጎለበተ ምርታማነት ለሚፈልጉ ቡድኖች	Garee bu'a qabeessummaa AI-n deeggarame barbaaduuf	ብAI ዝተሓየለ ናይ ምህርቲ ዘድልዮም ጋንታታት	Kooxaha u baahan waxqabad AI ku shaqeeya
pricing	pricing.ethCalendarLanguages	Ethiopian calendar & 4 languages	የኢትዮጵያ ቀን መቁጠሪያ እና 4 ቋንቋዎች	Kaalaandarii Itoophiyaa fi afaan 4	ናይ ኢትዮጵያ ዓውደ-ኣዋርሕን 4 ቋንቋታትን	Kalandarka Itoobiya & 4 luuqadood
pricing	pricing.projectUserPermissions	Project & user permissions	የፕሮጀክት እና የተጠቃሚ ፈቃዶች	Hayyama pirojektii fi fayyadamaa	ናይ ፕሮጀክትን ተጠቃሚን ፍቓዳት	Oggolaanshaha mashruuca & isticmaalaha
pricing	pricing.advancedReporting	Advanced reporting & analytics	የላቀ ሪፖርት እና ትንታኔ	Gabaasaa fi xiinxala sadarkaa olaanaa	ዝማዕበለ ጸብጻብን ትንተናን	Warbixinta horumarsan & falanqaynta
pricing	pricing.aiTaskGeneration	AI-powered task generation & summaries	AI-የተጎለበተ ተግባር ማመንጨት እና ማጠቃለያ	Uumsa hojii fi cuunfaa AI-n deeggarame	ብAI ዝተሓየለ ናይ ተግባር ፍጥረትን ጽሟቓትን	Soo saarista hawlaha AI & soo koobidda
pricing	pricing.advancedPlanning	Advanced planning & automation	የላቀ ዕቅድ እና አውቶሜሽን	Karoorsuu fi ofumaan hojjechuu sadarkaa olaanaa	ዝማዕበለ ውጥንን ኦቶመይሽንን	Qorshaynta horumarsan & otomaatikga
pricing	pricing.support247	24/7 priority support	24/7 ቅድሚያ ድጋፍ	Deeggarsa dursa sa'aa 24/7	24/7 ቀዳምነት ደገፍ	Taageero mudnaanta leh 24/7
pricing	pricing.advancedAdmin	Advanced admin controls & insights	የላቀ የአስተዳዳሪ ቁጥጥር እና ግንዛቤዎች	To'annoo fi hubannoo bulchaa sadarkaa olaanaa	ዝማዕበለ ናይ ኣመሓዳሪ ቁጽጽርን ትዕዝብትን	Maamulka horumarsan & aragtida
pricing	pricing.unlimitedStorage	Unlimited storage & integrations	ያልተገደበ ማከማቻ እና ውህደቶች	Kuufama fi walitti makamtii daangaa hin qabne	ዘይውሱን ማሕደራን ውህደታትን	Kaydinta aan xad lahayn & isku xidhka
pricing	pricing.whatsIncluded	What's included	ምን ይካተታል	Maaltu keessatti argama	ዝሓዘ	Waxa ku jira
pricing	pricing.everythingInPlus	Everything in {plan}, plus	በ{plan} ውስጥ ያለው ሁሉ፣ በተጨማሪ	Waan {plan} keessatti argamu hundaa, dabalataan	ኣብ {plan} ዘሎ ኩሉ፣ ብተወሳኺ	Dhammaan waxa ku jira {plan}, iyo sidoo kale
pricing	pricing.needMore100Users	Need more than 100 users?	ከ100 በላይ ተጠቃሚዎች ያስፈልጉዎታል?	Fayyadamaa 100 ol barbaadduu?	ልዕሊ 100 ተጠቀምቲ ዘድልየካ?	Ma u baahan tahay ka badan 100 isticmaale?
pricing	pricing.exploreEnterprise	Explore Enterprise	ኢንተርፕራይዝ ያስሱ	Intarpiraayizii Ilaali	ኢንተርፕራይዝ ርአ	Ganacsi weyn baadhitaan ku samee
pricing	pricing.questions	Questions?	ጥያቄዎች?	Gaaffiiwwan?	ሕቶታት?	Su'aalo?
pricing	pricing.contactSales	Contact sales	ሽያጭ ያግኙ	Gurgurtaa quunnamaa	ሸቐጥ ርኸብ	La xiriir iibinta
pricing	pricing.trialEndsOn	Your trial ends on	ሙከራዎ ያበቃል	Yaaliin keessan ni dhuma	ፈተነኻ ዝውዳእ	Tijaabadaadu waxay dhammaan doontaa
pricing	pricing.choosePlanContinue	Choose a plan to continue enjoying all features.	ሁሉንም ባህሪያት ማስደሰት ለመቀጠል ዕቅድ ይምረጡ።	Amaloota hundaa itti fufuuf karoora filadhaa.	ኩሉ ባህርያት ንምቕጻል ውጥን ምረጽ።	Qorshe dooro si aad u sii raaxaysato dhammaan astaamaha.
landing	landing.nav.features	Features	ባህሪያት	Amaloota	ባህርያት	Astaamaha
landing	landing.nav.product	Product	ምርት	Oomisha	ፍርያት	Badeecadda
landing	landing.nav.pricing	Pricing	ዋጋ	Gatii	ዋጋ	Qiimaha
landing	landing.nav.about	About	ስለ እኛ	Waa'ee	ብዛዕባና	Ku saabsan
landing	landing.hero.badge	The #1 project management platform built for Ethiopia	ለኢትዮጵያ የተገነባ #1 የፕሮጀክት አስተዳደር መድረክ	Waltajjii bulchiinsa pirojektii #1 Itoophiyaaf ijaarame	ንኢትዮጵያ ዝተሃንጸ #1 ናይ ፕሮጀክት ኣመሓዳድራ ፕላትፎርም	Barnaamijka #1 ee maaraynta mashruuca ee Itoobiya loo dhisay
landing	landing.hero.headingPrefix	One platform to	አንድ መድረክ ለ	Waltajjii tokko	ንኹሉ ሓደ ፕላትፎርም	Hal barnaamij oo
landing	landing.hero.words.shipFaster	ship faster	ፈጣን ማቅረብ	dafqaan raawwachuuf	ብቕልጡፍ ኣብጽሕ	degdeg u gudbiyo
landing	landing.hero.words.trackBudgets	track budgets	በጀት መከታተል	baajeta hordofuuf	በጀት ተኸታተል	miisaaniyada raadraaco
landing	landing.hero.words.planSprints	plan sprints	ስፕሪንት ማቀድ	spiriintii karoorsuuf	ስፕሪንት ውጠን	sprint-yada qorsheyo
landing	landing.hero.words.collaborate	collaborate	መተባበር	waliin hojjechuuf	ተሓባበር	iskaashato
landing	landing.hero.getStartedFree	Get started — it's free	ጀምር — ነጻ ነው	Jalqabi — bilisa	ጀምር — ነጻ እዩ	Bilow — waa bilaash
landing	landing.hero.watchDemo	Watch demo	ማሳያ ይመልከቱ	Demoo ilaali	ደሞ ርአ	Muuqaalka daawo
landing	landing.hero.freeForever	Free forever for small teams	ለትንንሽ ቡድኖች ዘወትር ነጻ	Garee xixiqqaaf yeroo hundaa bilisa	ንንኣሽቱ ጋንታታት ንዘለኣለም ነጻ	Bilaash weligeed kooxaha yaryar
landing	landing.hero.noCreditCard	No credit card required	ክሬዲት ካርድ አያስፈልግም	Kaardii kirediitiif hin barbaachisu	ክረዲት ካርድ ኣየድልን	Kaadh lacag bixin loo baahna
landing	landing.hero.setupMinutes	Setup in 2 minutes	በ2 ደቂቃ ውስጥ ያዋቅሩ	Daqiiqaa 2n qindeessi	ኣብ 2 ደቓይቕ ኣዋድድ	Dejin 2 daqiiqo gudahood
landing	landing.trustedBy	Trusted by teams across Ethiopia	በኢትዮጵያ ውስጥ ባሉ ቡድኖች የታመነ	Gareeleen Itoophiyaa guutuu keessaa nu amanatu	ኣብ መላእ ኢትዮጵያ ብጋንታታት ዝተኣመነ	Waxaa ku kalsoonaadeen kooxaha Itoobiya oo dhan
landing	landing.whyOnekof.label	Why Onekof	ለምን Onekof	Maaliif Onekof	ስለምንታይ Onekof	Maxaa Onekof
landing	landing.whyOnekof.heading1	Foreign tools weren't built for you.	የውጭ መሣሪያዎች ለእርስዎ አልተሠሩም።	Meeshaaleen biyya alaa siif hin ijaaramne.	ናይ ደገ መሳርሒታት ንዓኻ ኣይተሃንጹን።	Qalabka ajnabiga ah adiga laguu dhisin.
landing	landing.whyOnekof.heading2	We are.	እኛ ግን ተሠራን።	Nuti siif ijaarre.	ንሕና ግን ሃኒጽናዮ።	Annaga ayaa ku dhisnay.
landing	landing.whyOnekof.subtitle	Jira doesn't know about Pagume. Asana doesn't speak Amharic. Trello can't track ETB. Onekof does all of this — and more.	Jira ስለ ጳጉሜ አያውቅም። Asana አማርኛ አይናገርም። Trello ብር መከታተል አይችልም። Onekof ይህን ሁሉ — እና ከዚያ በላይ ያደርጋል።	Jira waa'ee Phagumee hin beeku. Asana Amaariffaa hin dubbatu. Trello ETB hordofuu hin danda'u. Onekof kana hundaa — fi kanaa ol ni godha.	Jira ብዛዕባ ጳጉሜ ኣይፈልጥን። Asana ኣማርኛ ኣይዛረብን። Trello ብር ክትትል ኣይክእልን። Onekof ንዚ ኩሉ ይገብሮ — ምስ ተወሳኺ።	Jira kama aqoonsana Bagumeeta. Asana kuma hadli karto Amxaarik. Trello raadraaci kari maayo Birr. Onekof dhammaantaas wuu qaban karaa — iyo wax ka badan.
landing	landing.whyOnekof.ethiopianCalendar	Ethiopian Calendar	የኢትዮጵያ ቀን መቁጠሪያ	Kaalaandarii Itoophiyaa	ናይ ኢትዮጵያ ዓውደ-ኣዋርሕ	Kalandarka Itoobiya
landing	landing.whyOnekof.ethiopianCalendarDesc	Native 13-month calendar with holidays, Amharic month names, and sprint planning.	ባለ 13-ወር ቀን መቁጠሪያ ከበዓላት፣ ከአማርኛ ወር ስሞች እና ከስፕሪንት ዕቅድ ጋር።	Kaalaandarii ji'a 13 ummamaa ayyaanota, maqaa ji'a Amaariffaa, fi karoorsuu spiriintii waliin.	ዕድሜ 13 ወርሒ ዓውደ-ኣዋርሕ ምስ በዓላት፣ ናይ ኣማርኛ ስም ኣዋርሕ ን ናይ ስፕሪንት ውጥን።	Kalandar dhalashada ah oo 13 bilood leh oo leh maalmaha fasaxa, magacyada bilaha Amxaariga, iyo qorshaynta sprint-ka.
landing	landing.whyOnekof.fourLanguages	4 Languages Built In	4 ቋንቋዎች ተካትተዋል	Afaan 4 Keessatti Ijaarame	4 ቋንቋታት ዝተሃንጸ	4 Luuqadood oo Ku Dhisan
landing	landing.whyOnekof.fourLanguagesDesc	Amharic, Afaan Oromoo, Tigrinya, and English. Human-translated, not machine-generated.	አማርኛ፣ አፋን ኦሮሞ፣ ትግርኛ እና እንግሊዝኛ። በሰው የተተረጎመ፣ በማሽን ያልተፈጠረ።	Amaariffaa, Afaan Oromoo, Tigriinyaa, fi Ingiliffaa. Namaan hiikame, maashiniin miti.	ኣማርኛ፣ ኣፋን ኦሮሞ፣ ትግርኛ ን እንግሊዝኛ። ብሰብ ዝተተርጎመ፣ ብማሽን ዘይተፈጥረ።	Amxaarik, Afaan Oromoo, Tigrinya, iyo Ingiriisi. Aadanaha ayaa tarjumay, mashiinku ma sameynin.
landing	landing.whyOnekof.etbBudgetTracking	ETB Budget Tracking	የብር በጀት ክትትል	Hordoffii Baajeta Birriin	ናይ ብር በጀት ክትትል	Raadraacinta Miisaaniyada ETB
landing	landing.whyOnekof.etbBudgetTrackingDesc	Track every Birr. Create budgets, approve expenses, and generate financial reports.	እያንዳንዱን ብር ይከታተሉ። በጀት ይፍጠሩ፣ ወጪዎችን ያጽድቁ እና የፋይናንስ ሪፖርቶችን ያመንጩ።	Birrii hundaa hordofi. Baajeta uumi, ba'iiwwan hayyami, gabaasa maallaqaa maddisiisi.	ነፍሲ ወከፍ ብር ተኸታተል። በጀታት ፍጠር፣ ወጻኢታት ኣጽድቕ፣ ናይ ፋይናንስ ጸብጻብ ኣውጽእ።	Birr kasta raadraac. Miisaaniyado samee, kharashyada ansiixi, oo warbixinno dhaqaale soo saar.
landing	landing.whyOnekof.aiDocProcessor	AI Document Processor	AI ሰነድ ማስተናገጃ	Pirosesarii Dokumantii AI	AI ናይ ሰነድ ማስተናገዲ	Qalabka AI ee Dukumentiyada
landing	landing.whyOnekof.aiDocProcessorDesc	Upload contracts & proposals. AI extracts deadlines, flags risks, links to tasks.	ውሎችን እና ሃሳቦችን ይስቀሉ። AI የመጨረሻ ቀኖችን ያወጣል፣ አደጋዎችን ያመለክታል፣ ከተግባራት ጋር ያገናኛል።	Kontiraatota fi yaadota ol kaa'i. AI beellama baasa, balaa adda baasa, hojiiwwanitti walqabsiisa.	ውዕላት ን ወፍርታት ጸዓን። AI ናይ ምውዳእ ግዜ ይመንጥል፣ ሓደጋታት ይልልን ምስ ተግባራት ይኣሳስርን።	Qandaraasyo & soo jeedimo soo rar. AI wuxuu soo saaraa wakhtiyada, khataraha calaamadeeyaa, hawlaha ku xidhaa.
landing	landing.whyOnekof.customWorkflows	Custom Workflows	ብጁ የሥራ ፍሰቶች	Adeemsa Hojii Maamila	ብሕታዊ ናይ ስራሕ ፍሰት	Socodka shaqo ee la habeyn karo
landing	landing.whyOnekof.customWorkflowsDesc	Automation builder for Ethiopian organizations — government, private, NGO, construction.	ለኢትዮጵያ ድርጅቶች የአውቶሜሽን ገንቢ — መንግሥት፣ የግል፣ NGO፣ ግንባታ።	Ijaarsaa ofumaan hojjechuu dhaabbilee Itoophiyaaf — mootummaa, dhuunfaa, NGO, ijaarsaa.	ንኢትዮጵያ ትካላት ናይ ኦቶመይሽን ሃናጺ — መንግስቲ፣ ውልቃዊ፣ ዘይ-መንግስታዊ ትካል፣ ህንጻ።	Dhisaha otomaatikga ee hay'adaha Itoobiya — dawlad, gaarka ah, hay'adaha aan-dawliga ahayn, dhismo.
landing	landing.whyOnekof.enterpriseSecurity	Enterprise Security	የኢንተርፕራይዝ ደህንነት	Nageenya Intarpiraayizii	ናይ ኢንተርፕራይዝ ድሕነት	Amniga ganacsiga weyn
landing	landing.whyOnekof.enterpriseSecurityDesc	RBAC, 2FA, audit logs, session management, and SOC 2 ready infrastructure.	RBAC፣ 2FA፣ የኦዲት ምዝግብ ማስታወሻዎች፣ የክፍለ ጊዜ አስተዳደር እና SOC 2 ዝግጁ መሠረተ ልማት።	RBAC, 2FA, galmee odiitii, bulchiinsa seeshiinii, fi bu'uura misoomaa SOC 2 qophaa'e.	RBAC፣ 2FA፣ ናይ ኦዲት ዝርዝር፣ ናይ ሰሽን ኣመሓዳድራ ን SOC 2 ድሉው መሰረት ልማዕ።	RBAC, 2FA, diiwaanka hubinta, maaraynta fadhiga, iyo kaabayaasha SOC 2 diyaar ah.
landing	landing.showcase.label	Product	ምርት	Oomisha	ፍርያት	Badeecadda
landing	landing.showcase.heading	See the real Onekof experience	እውነተኛውን የOnekof ተሞክሮ ይመልከቱ	Muuxannoo Onekof dhugaa ilaali	ሓቀኛ ናይ Onekof ተመኩሮ ርአ	Arag waayo-aragnimada dhabta ah ee Onekof
landing	landing.showcase.subtitle	Not mockups — these are real features powering Ethiopian teams today.	ሞክ-አፖች ሳይሆኑ — እነዚህ ዛሬ የኢትዮጵያ ቡድኖችን የሚያንቀሳቅሱ እውነተኛ ባህሪያት ናቸው።	Fakkeenyota miti — amaloota dhugaa gareelee Itoophiyaa har'a tajaajilaa jiraniidha.	ሞክኣፕ ኣይኮኑን — እዚኣቶም ሕጂ ንኢትዮጵያ ጋንታታት ዘገልግሉ ሓቀኛ ባህርያት እዮም።	Muuqaallo ma aha — kuwani waa astaamaha dhabta ah ee kooxaha Itoobiya u shaqaynaya maanta.
landing	landing.showcase.tryItFree	Try it free	ነጻ ይሞክሩት	Bilisaan yaali	ብነጻ ፈትኖ	Si bilaash ah tijaabi
landing	landing.showcase.budget.label	Budget Builder	የበጀት ገንቢ	Ijaarsaa Baajetaa	ናይ በጀት ሃናጺ	Dhisaha Miisaaniyada
landing	landing.showcase.budget.tagline	ETB-native financial tracking	ለብር የተዘጋጀ የፋይናንስ ክትትል	Hordoffii maallaqaa ETB-n	ብብር ዝተሃንጸ ናይ ፋይናንስ ክትትል	Raadraacinta dhaqaalaha Birr
landing	landing.showcase.budget.title	All-in-one Budget Builder	ሁሉ-በ-አንድ የበጀት ገንቢ	Ijaarsaa Baajetaa Waan-Hundee	ኩሉ-ኣብ-ሓደ ናይ በጀት ሃናጺ	Dhisaha Miisaaniyada oo Dhammaystiran
landing	landing.showcase.budget.desc	Track every Birr across projects. Create budgets, manage expenses, approve payments, and generate financial reports — all natively in Ethiopian Birr.	በፕሮጀክቶች ውስጥ እያንዳንዱን ብር ይከታተሉ። በጀት ይፍጠሩ፣ ወጪዎችን ያስተዳድሩ፣ ክፍያዎችን ያጽድቁ እና የፋይናንስ ሪፖርቶችን ያመንጩ — ሁሉም በኢትዮጵያ ብር።	Birrii hundaa pirojektota gidduu hordofi. Baajeta uumi, ba'iiwwan bulchi, kaffaltii hayyami, gabaasa maallaqaa maddisiisi — hunduu Birriin Itoophiyaatiin.	ኣብ ፕሮጀክትታት ነፍሲ ወከፍ ብር ተኸታተል። በጀታት ፍጠር፣ ወጻኢታት ኣመሓድር፣ ክፍሊታት ኣጽድቕ ን ናይ ፋይናንስ ጸብጻብ ኣውጽእ — ኩሉ ብቐጥታ ብኢትዮጵያ ብር።	Birr kasta raadraac mashruucyada oo dhan. Miisaaniyado samee, kharashyo maamul, lacag bixinno ansiixi, oo warbixinno dhaqaale soo saar — dhammaan oo ku jira Birr Itoobiya.
landing	landing.showcase.budget.feature1	Create & track budgets in ETB	በETB በጀት ይፍጠሩ እና ይከታተሉ	Baajeta ETB-n uumii hordofi	በጀታት ብETB ፍጠር ን ተኸታተል	Miisaaniyado ETB ku samee & raadraac
landing	landing.showcase.budget.feature2	Expense approvals with role-based workflow	በሚና ላይ የተመሰረተ የወጪ ፈቃድ	Hayyama ba'ii adeemsa hojii gahee irratti hundaa'een	ብተራ ዝተመስረተ ናይ ወጻኢ ምጽዳቕ ፍሰት	Ansixinta kharashka oo door-ku-salaysan
landing	landing.showcase.budget.feature3	Real-time spending vs. budget comparison	ቅጽበታዊ ወጪ ከበጀት ጋር ንጽጽር	Madaallii ba'ii fi baajetaa yeroo qabatamaa	ቅጽበታዊ ናይ ወጻኢ ምስ በጀት ምንጽጻር	Isbarbardhigga kharashka iyo miisaaniyada waqtiga dhabta ah
landing	landing.showcase.budget.feature4	Export financial reports for stakeholders	ለባለድርሻ አካላት የፋይናንስ ሪፖርቶች ላክ	Gabaasa maallaqaa qooda fudhattoottaaf ergi	ንባዓል-ድርሻ ናይ ፋይናንስ ጸብጻብ ስደድ	Warbixinno dhaqaale u dhoofso daneeyayaasha
landing	landing.showcase.aiDocs.label	AI Documents	AI ሰነዶች	Dokumantoota AI	AI ሰነዳት	Dukumentiyada AI
landing	landing.showcase.aiDocs.tagline	Intelligent document processing	ብልህ ሰነድ ማስተናገድ	Gaggeessuu dokumantii ogummaan	ብልሒ ዘለዎ ናይ ሰነድ ምስራሕ	Habka dukumentiyada caqliga leh
landing	landing.showcase.aiDocs.title	AI-Powered Document Processor	AI-የተጎለበተ ሰነድ ማስተናገጃ	Pirosesarii Dokumantii AI-n Deeggarame	ብAI ዝተሓየለ ናይ ሰነድ ማስተናገዲ	Qalabka Dukumentiyada ee AI ku Shaqeeya
landing	landing.showcase.aiDocs.desc	Upload contracts, proposals, or reports and let AI extract key data, summarize content, flag risks, and auto-link to relevant project tasks.	ውሎችን፣ ሃሳቦችን ወይም ሪፖርቶችን ይስቀሉ — AI ቁልፍ ዳታ ያወጣል፣ ይዘትን ያጠቃልላል፣ አደጋዎችን ያመለክታል እና ከፕሮጀክት ተግባራት ጋር ያገናኛል።	Kontiraatota, yaadota, ykn gabaasaalee olkaa'ii AI daataa ijoo akka baasu, qabiyyee akka cuunfu, balaa akka adda baasu, fi hojiiwwan pirojektiitti ofumaan akka walqabsiisu hayyami.	ውዕላት፣ ወፍርታት ወይ ጸብጻባት ጸዓን። AI ቀንዲ ዳታ ይመንጥል፣ ትሕዝቶ ይጽሟቕ፣ ሓደጋታት ይልልን ምስ ናይ ፕሮጀክት ተግባራት ብቐጥታ ይኣሳስርን።	Qandaraasyo, soo jeedimo, ama warbixinno soo rar oo u daa AI inuu xog muhiim ah soo saaro, qoraalka soo koobo, khataraha calaamadeeyo, oo hawlaha mashruuca si toos ah ugu xidho.
landing	landing.showcase.aiDocs.feature1	Auto-extract key terms & deadlines	ቁልፍ ውሎችን እና የመጨረሻ ቀኖችን ራስ-ሰር ያወጣል	Haaloota ijoo fi beellamota ofumaan baasi	ቀንዲ ቃላትን ናይ ምውዳእ ግዜን ብቐጥታ ምንጣል	Soo-saarida tooska ah ee shuruudaha & wakhtiyada
landing	landing.showcase.aiDocs.feature2	Summarize lengthy documents in seconds	ረዥም ሰነዶችን በሰከንዶች ውስጥ ያጠቃልላል	Dokumantoota dheeraa sekoondii keessatti cuunfi	ነዊሕ ሰነዳት ኣብ ካልኢታት ምጽሟቕ	Dukumentiyada dhaadheer daqiiqado gudahood soo koobi
landing	landing.showcase.aiDocs.feature3	Flag contractual risks & obligations	የውል አደጋዎችን እና ግዴታዎችን ያመለክታል	Balaa fi dirqama kontiraataa adda baasi	ናይ ውዕል ሓደጋታትን ግዴታታትን ምልላይ	Khataraha qandaraaska & waajibaadka calaamadee
landing	landing.showcase.aiDocs.feature4	Auto-link documents to project tasks	ሰነዶችን ከፕሮጀክት ተግባራት ጋር ራስ-ሰር ያገናኛል	Dokumantoota hojiiwwan pirojektiitti ofumaan walqabsiisi	ሰነዳት ምስ ናይ ፕሮጀክት ተግባራት ብቐጥታ ምትእስሳር	Si toos ah dukumentiyada hawlaha mashruuca ku xidh
landing	landing.showcase.calendar.label	Ethiopian Calendar	የኢትዮጵያ ቀን መቁጠሪያ	Kaalaandarii Itoophiyaa	ናይ ኢትዮጵያ ዓውደ-ኣዋርሕ	Kalandarka Itoobiya
landing	landing.showcase.calendar.tagline	Plan in your own calendar	በራስዎ ቀን መቁጠሪያ ያቅዱ	Kaalaandarii keetiin karoorsii	ብናትካ ዓውደ-ኣዋርሕ ውጠን	Kalandarkaaga ku qorshee
landing	landing.showcase.calendar.title	Native Ethiopian Calendar	ባለ 13-ወር የኢትዮጵያ ቀን መቁጠሪያ	Kaalaandarii Itoophiyaa Ummamaa	ዕድሜ ናይ ኢትዮጵያ ዓውደ-ኣዋርሕ	Kalandarka Itoobiya ee Dhalashada
landing	landing.showcase.calendar.desc	The only project management tool with a true Ethiopian calendar. Plan sprints in Meskerem, set deadlines in Pagume, track holidays, and toggle Gregorian seamlessly.	እውነተኛ የኢትዮጵያ ቀን መቁጠሪያ ያለው ብቸኛ የፕሮጀክት አስተዳደር መሣሪያ። በመስከረም ስፕሪንት ያቅዱ፣ በጳጉሜ የመጨረሻ ቀኖች ያስቀምጡ፣ በዓላትን ይከታተሉ እና ግሪጎሪያንን በቀላሉ ይቀያይሩ።	Meeshaa bulchiinsa pirojektii kaalaandarii Itoophiyaa dhugaa qabu tokkichi. Spiriintii Maskeremiin karoorsii, beellama Phagumeetti qindeessii, ayyaanota hordofii, Giriigooriyaanii gara Itoophiyaa salphaatti jijjiiri.	ሓቀኛ ናይ ኢትዮጵያ ዓውደ-ኣዋርሕ ዘለዎ ብዘየ ካልእ ናይ ፕሮጀክት ኣመሓዳድራ መሳርሒ። ኣብ መስከረም ስፕሪንት ውጠን፣ ኣብ ጳጉሜ ናይ ምውዳእ ዕለት ኣቐምጥ፣ በዓላት ተኸታተል ን ናብ ጎርጎርያዊ ብቐሊሉ ቀይር።	Barnaamijka kaliya ee maaraynta mashruuca oo leh kalandar dhabta ah oo Itoobiya. Sprint-yada Meskeram ku qorshee, wakhtiyada Bagumeeta ku deji, maalmaha fasaxa raadraac, oo si sahlan ugu bedel Gireegoriyan.
landing	landing.showcase.calendar.feature1	Full 13-month Ethiopian calendar	ሙሉ ባለ 13-ወር የኢትዮጵያ ቀን መቁጠሪያ	Kaalaandarii Itoophiyaa ji'a 13 guutuu	ምሉእ 13-ወርሒ ናይ ኢትዮጵያ ዓውደ-ኣዋርሕ	Kalandarka Itoobiya oo dhammaystiran ee 13 bilood
landing	landing.showcase.calendar.feature2	Holiday markers & cultural events	የበዓል ምልክቶች እና ባህላዊ ክስተቶች	Mallattoo ayyaanotaa fi taateewwan aadaa	ናይ በዓላትን ባህላዊ ፍጻመታትን ምልክታ	Calaamadaha fasaxa & dhacdooyinka dhaqanka
landing	landing.showcase.calendar.feature3	Sprint planning with Ethiopian dates	በኢትዮጵያ ቀኖች የስፕሪንት ዕቅድ	Karoorsuu spiriintii guyyaa Itoophiyaatiin	ብናይ ኢትዮጵያ ዕለታት ናይ ስፕሪንት ውጥን	Qorshaynta sprint-ka oo taariikhaha Itoobiya ku salaysan
landing	landing.showcase.calendar.feature4	Seamless Gregorian ↔ Ethiopian toggle	ያልተቋረጠ ግሪጎሪያን ↔ ኢትዮጵያ መቀያየር	Jijjiirraa Giriigooriyaanii ↔ Itoophiyaa salphaa	ብቐሊሉ ጎርጎርያዊ ↔ ኢትዮጵያዊ ምቕያር	Beddelka Gireegoriyan ↔ Itoobiya oo sahlan
landing	landing.showcase.language.label	Multi-language	ብዙ ቋንቋ	Afaan Baay'ee	ብዙሕ ቋንቋ	Luuqado badan
landing	landing.showcase.language.tagline	4 Ethiopian languages built in	4 የኢትዮጵያ ቋንቋዎች ተካትተዋል	Afaan Itoophiyaa 4 keessatti ijaarame	4 ናይ ኢትዮጵያ ቋንቋታት ዝተሃንጸ	4 luuqadood oo Itoobiya oo ku dhisan
landing	landing.showcase.language.title	Multilingual Interface	ብዙ-ቋንቋ በይነገጽ	Interfeesii Afaan Baay'ee	ብዙሕ-ቋንቋ ኢንተርፌስ	Barnaamijka luuqado badan
landing	landing.showcase.language.desc	Every label, button, notification, and report is available in Amharic, Afaan Oromoo, Tigrinya, and English. Human-translated, not machine-generated.	እያንዳንዱ መለያ፣ ቁልፍ፣ ማሳወቂያ እና ሪፖርት በአማርኛ፣ በአፋን ኦሮሞ፣ በትግርኛ እና በእንግሊዝኛ ይገኛል። በሰው የተተረጎመ፣ በማሽን ያልተፈጠረ።	Mallattoon, qabduun, beeksisni, fi gabaasni hunduu Amaariffaa, Afaan Oromoo, Tigriinyaa, fi Ingiliffaatiin argama. Namaan hiikame, maashiniin miti.	ነፍሲ ወከፍ ፍሊጥ፣ ቁልፊ፣ ሓበሬታን ጸብጻብን ብኣማርኛ፣ ኣፋን ኦሮሞ፣ ትግርኛ ን እንግሊዝኛ ይርከብ። ብሰብ ዝተተርጎመ፣ ብማሽን ዘይተፈጥረ።	Summad kasta, badhanka kasta, ogeysiis kasta, iyo warbixin kastaa waxay ku heli kartaa Amxaarik, Afaan Oromoo, Tigrinya, iyo Ingiriisi. Aadanaha ayaa tarjumay, mashiinku ma sameynin.
landing	landing.showcase.language.feature1	Full Amharic (አማርኛ) interface	ሙሉ አማርኛ (አማርኛ) በይነገጽ	Interfeesii Amaariffaa (አማርኛ) guutuu	ምሉእ ኣማርኛ (አማርኛ) ኢንተርፌስ	Barnaamijka Amxaarik (አማርኛ) oo buuxda
landing	landing.showcase.language.feature2	Full Afaan Oromoo interface	ሙሉ አፋን ኦሮሞ በይነገጽ	Interfeesii Afaan Oromoo guutuu	ምሉእ ኣፋን ኦሮሞ ኢንተርፌስ	Barnaamijka Afaan Oromoo oo buuxda
landing	landing.showcase.language.feature3	Full Tigrinya (ትግርኛ) interface	ሙሉ ትግርኛ (ትግርኛ) በይነገጽ	Interfeesii Tigriinyaa (ትግርኛ) guutuu	ምሉእ ትግርኛ (ትግርኛ) ኢንተርፌስ	Barnaamijka Tigrinya (ትግርኛ) oo buuxda
landing	landing.showcase.language.feature4	Per-user language preferences	የተጠቃሚ ቋንቋ ምርጫዎች	Filannoo afaan fayyadamaa tokkoon-tokkoon	ንነፍሲ ወከፍ ተጠቃሚ ናይ ቋንቋ ምርጫ	Doorashooyinka luuqadda ee isticmaale kasta
landing	landing.mockup.projectBudget	Project Budget — Q2 2017 E.C.	የፕሮጀክት በጀት — ሁለተኛ ሩብ 2017 ዓ.ም.	Baajeta Pirojektii — Q2 2017 A.L.I.	ናይ ፕሮጀክት በጀት — Q2 2017 ዓ.ም.	Miisaaniyada Mashruuca — Q2 2017 E.C.
landing	landing.mockup.onTrack	On Track	በትክክለኛ መንገድ	Karaa Sirrii Irra	ኣብ ቅኑዕ መስመር	Wadada saxda ah
landing	landing.mockup.development	Development	ልማት	Misoomaa	ምዕባለ	Horumarinta
landing	landing.mockup.designUx	Design & UX	ዲዛይን እና UX	Dizaayinii fi UX	ዲዛይን ን UX	Naqshadaynta & UX
landing	landing.mockup.infrastructure	Infrastructure	መሠረተ ልማት	Bu'uura Misoomaa	መሰረት ልማዕ	Kaabayaasha
landing	landing.mockup.marketing	Marketing	ግብይት	Gabaa	ዕዳጋ	Suuq-geynta
landing	landing.mockup.totalSpent	Total Spent	ጠቅላላ ወጪ	Ba'ii Waliigalaa	ጠቕላላ ዝወጸአ	Wadarta la bixiyey
landing	landing.mockup.remaining	Remaining	ቀሪ	Hafee	ዝተረፈ	Hadhay
landing	landing.mockup.uploadedAgo	Uploaded 2 minutes ago • 24 pages	ከ2 ደቂቃ በፊት ተሰቅሏል • 24 ገጾች	Daqiiqaa 2 dura olkaa'ame • fuula 24	ቅድሚ 2 ደቓይቕ ተጸዒኑ • 24 ገጻት	2 daqiiqo ka hor la soo raray • 24 bog
landing	landing.mockup.processing	Processing	በማስተናገድ ላይ	Gaggeessaa Jira	ይስራሕ ኣሎ	Waa la habeeynayaa
landing	landing.mockup.aiSummary	AI Summary	AI ማጠቃለያ	Cuunfaa AI	AI ጽሟቕ	Soo koobidda AI
landing	landing.mockup.aiSummaryText	Service agreement for cloud infrastructure (Deadline: Sene 15, 2017). Key: 24-month term, auto-renewal, 2.4M ETB annual value. 3 risk flags identified.	ለደመና መሠረተ ልማት የአገልግሎት ስምምነት (የመጨረሻ ቀን: ሰኔ 15 ቀን 2017)። ቁልፍ: 24-ወር ውል፣ ራስ-ሰር ማደስ፣ 2.4 ሚሊዮን ETB ዓመታዊ ዋጋ። 3 የአደጋ ምልክቶች ተለይተዋል።	Waliigaltee tajaajilaa bu'uura misoomaa kilaawudii (Beellama: Sene 15, 2017). Ijoo: Waadaa ji'a 24, ofumaan haaromsuu, gatii waggaa ETB 2.4M. Mallattoo balaa 3 adda baafame.	ንናይ ክላውድ መሰረት ልማዕ ናይ ኣገልግሎት ስምምዕ (ናይ ምውዳእ ዕለት: ሰነ 15, 2017)። ቀንዲ: 24-ወርሒ ውዕል፣ ኦቶማቲክ ምሕዳስ፣ 2.4M ETB ዓመታዊ ዋጋ። 3 ናይ ሓደጋ ምልክታ ተለልዮም።	Heshiiska adeegga ee kaabayaasha cloud-ka (Wakhti: Sene 15, 2017). Muhiim: muddo 24 bilood, cusboonaysiin toos ah, 2.4M ETB qiimaha sanadlaha. 3 calaamad khatar ah la ogaaday.
landing	landing.mockup.deadlines	Deadlines	የመጨረሻ ቀኖች	Beellamota	ናይ ምውዳእ ግዜ	Wakhtiyada
landing	landing.mockup.riskFlags	Risk Flags	የአደጋ ምልክቶች	Mallattoo Balaa	ናይ ሓደጋ ምልክታ	Calaamadaha khatarta
landing	landing.mockup.tasksLinked	Tasks Linked	የተገናኙ ተግባራት	Hojiin Walqabate	ዝተኣሳሰሩ ተግባራት	Hawlaha la xidhay
landing	landing.mockup.uiPreview	UI Preview — አማርኛ	UI ቅድመ-ዕይታ — አማርኛ	Durargii UI — አማርኛ	UI ቅድመ-ትርኢት — አማርኛ	Muuqaalka UI — አማርኛ
landing	landing.mockup.active	Active	ንቁ	Hojii Irra	ንጡፍ	Firfircoon
landing	landing.preview.totalTasks	Total Tasks	ጠቅላላ ተግባራት	Hojii Waliigalaa	ጠቕላላ ተግባራት	Wadarta hawlaha
landing	landing.preview.inProgress	In Progress	በሂደት ላይ	Hojii Irra Jira	ኣብ ሂደት	Wuu socdaa
landing	landing.preview.completed	Completed	የተጠናቀቀ	Xumurame	ዝተወድአ	La dhammeeyey
landing	landing.preview.budgetUsed	Budget Used	ጥቅም ላይ የዋለ በጀት	Baajetni Fayyadamame	ዝተጠቕመ በጀት	Miisaaniyada la isticmaalay
landing	landing.preview.board	Board	ቦርድ	Boordii	ሰሌዳ	Sambal
landing	landing.preview.list	List	ዝርዝር	Tarree	ዝርዝር	Liis
landing	landing.preview.timeline	Timeline	የጊዜ ሰሌዳ	Sarara Yeroo	ናይ ግዜ ሰሌዳ	Jadwalka waqtiga
landing	landing.preview.calendar	Calendar	ቀን መቁጠሪያ	Kaaleendarii	ዓውደ-ኣዋርሕ	Kalandar
landing	landing.preview.backlog	Backlog	ባክሎግ	Tarree Eeggataa	ባክሎግ	Shaqada sugaysa
landing	landing.preview.inReview	In Review	በግምገማ ላይ	Gamaaggama Irra Jira	ኣብ ግምገማ	Dib u eegis
landing	landing.preview.done	Done	የተጠናቀቀ	Xumurame	ተወዲኡ	La dhammeeyey
landing	landing.features.label	Features	ባህሪያት	Amaloota	ባህርያት	Astaamaha
landing	landing.features.heading1	Everything your team needs.	ቡድንዎ የሚፈልገው ሁሉ።	Waan gareen keessan barbaadu hundaa.	ጋንታኻ ዘድልዮ ኩሉ።	Wax kasta oo kooxdaadu u baahan tahay.
landing	landing.features.heading2	Nothing it doesn't.	የማይፈልገው ምንም።	Waan hin barbaachifne malee.	ዘየድልዮ ዋላሓደ።	Waxaan looga baahnayn midna.
landing	landing.features.kanban	Kanban Boards	ካንባን ቦርዶች	Boordii Kaanbaan	ካንባን ሰሌዳታት	Sambalada Kanban
landing	landing.features.kanbanDesc	Drag-and-drop task management with custom columns, WIP limits, and swimlanes.	በብጁ ዓምዶች፣ WIP ገደቦች እና ስዊምሌኖች ተግባራትን በመጎተት ያስተዳድሩ።	Bulchiinsa hojii harkisaa-kaa'i tarjaa maamila, daangaa WIP, fi swiimleenii waliin.	ብምጎታት-ምድርባይ ናይ ተግባር ኣመሓዳድራ ምስ ብሕታዊ ዓምድታት፣ WIP ደረታት ን ስዊምለይን።	Maaraynta hawlaha jiid-iyo-dhig leh oo tiirarka la habeyn karo, xadka WIP, iyo marinka dabaasha.
landing	landing.features.timeline	Timeline & Gantt	የጊዜ ሰሌዳ እና Gantt	Sarara Yeroo fi Gaantii	ናይ ግዜ ሰሌዳ ን Gantt	Jadwalka waqtiga & Gantt
landing	landing.features.timelineDesc	Visualize project schedules, dependencies, and critical paths across teams.	የፕሮጀክት መርሐ ግብሮችን፣ ጥገኝነቶችን እና ወሳኝ መንገዶችን በቡድኖች ውስጥ ያሳዩ።	Sagantaa pirojektii, hariiroo, fi karaa murteessaa gareelee gidduu mul'isi.	ናይ ፕሮጀክት ሰሌዳታት፣ ትስስራትን ናይ ህጹጽ መንገድታትን ኣብ ጋንታታት ብዓይኒ ርአ።	Muuji jadwalka mashruucyada, ku-xidhnaaashaha, iyo waddooyinka muhiimka ah ee kooxaha.
landing	landing.features.listTable	List & Table Views	ዝርዝር እና ሰንጠረዥ እይታዎች	Ilaalcha Tarree fi Gabatee	ዝርዝርን ሰንጠረዥን ትርኢት	Aragtida liiska & shaxda
landing	landing.features.listTableDesc	Spreadsheet-style task management with filters, groups, and bulk actions.	ከማጣሪያ፣ ቡድን እና የጅምላ ድርጊቶች ጋር የተግባር አስተዳደር በሰንጠረዥ ቅጥ።	Bulchiinsa hojii bifa ispiriidshiitiitiin calaloo, ramaddii, fi gocha baay'ee waliin.	ብስፕሪድሺት ቅዲ ናይ ተግባር ኣመሓዳድራ ምስ ጸሪታት፣ ጉጅለታት ን ብዙሕ ተግባራት።	Maaraynta hawlaha qaab xaashi-xisaabeed ah oo leh shaandhayaal, kooxayn, iyo ficilo badan.
landing	landing.features.goals	Goals & OKRs	ግቦች እና OKRs	Galmoota fi OKR	ዕላማታት ን OKRs	Hadafyada & OKR-yada
landing	landing.features.goalsDesc	Set objectives, track key results, and align every project to org goals.	ዓላማዎችን ያስቀምጡ፣ ቁልፍ ውጤቶችን ይከታተሉ እና እያንዳንዱን ፕሮጀክት ከድርጅት ግቦች ጋር ያስተባብሩ።	Kaayyoo kaa'i, bu'aawwan ijoo hordofi, pirojektii hundaa galma dhaabbataatti walitti hiri.	ዕላማታት ኣቐምጥ፣ ቀንዲ ውጽኢታት ተኸታተል ን ነፍሲ ወከፍ ፕሮጀክት ምስ ናይ ትካል ዕላማ ኣሰማምዕ።	Hadafyo deji, natiijooyinka muhiimka raadraac, oo mashruuc kasta hadafyada hay'adda ku toosi.
landing	landing.features.automations	Automations	አውቶሜሽኖች	Ofumaan Hojjechuu	ኦቶመይሽናት	Otomaatik
landing	landing.features.automationsDesc	Build if-then workflows: auto-assign, notify, update statuses on events.	ከሆነ-እንዲሁ የሥራ ፍሰቶች ይገንቡ: ራስ-ሰር ይመድቡ፣ ያሳውቁ፣ ሁኔታዎችን ያዘምኑ።	Adeemsa hojii yoo-sana ijaari: ofumaan ramadi, beeksisi, haala haaromsi.	if-then ናይ ስራሕ ፍሰት ስራሕ: ብቐጥታ ምምዳብ፣ ምሕባር፣ ኣብ ፍጻመታት ኩነታ ምሕዳስ።	Dhis socodka shaqo haddii-markaa: toos u xilsaar, ogeysiis, cusbooneysii xaaladaha dhacdooyinka.
landing	landing.features.analytics	Analytics & Reports	ትንታኔ እና ሪፖርቶች	Xiinxala fi Gabaasaalee	ትንተና ን ጸብጻባት	Falanqaynta & warbixinada
landing	landing.features.analyticsDesc	Velocity, burndown, team performance, and custom dashboards with live data.	ፍጥነት፣ ቃጠሎ ግራፍ፣ የቡድን አፈጻጸም እና ከቀጥታ ዳታ ጋር ብጁ ዳሽቦርዶች።	Saffisa, burndown, raawwii garee, fi daashboordii maamila daataa kallattiin.	ፍጥነት፣ ናይ ምውህሃድ ሰሌዳ፣ ብቕዓት ጋንታ ን ብሕታዊ ዳሽቦርዳት ምስ ቅጽበታዊ ዳታ።	Xawaaraha, hoos u dhaca shaqada, waxqabadka kooxda, iyo dashboorkyo la habeyn karo oo xog toos ah leh.
landing	landing.features.realtime	Real-time Collaboration	ቅጽበታዊ ትብብር	Wal Ta'iinsa Yeroo Qabatamaa	ቅጽበታዊ ምትሕብባር	Iskaashiga waqtiga dhabta ah
landing	landing.features.realtimeDesc	Live cursors, instant updates, real-time comments, and push notifications.	ቀጥታ ጠቋሚዎች፣ ፈጣን ዝመናዎች፣ ቅጽበታዊ አስተያየቶች እና ፑሽ ማሳወቂያዎች።	Karsarii kallattii, haaromsaa battalumaa, yaadota yeroo qabatamaa, fi beeksisa dhiibbaa.	ቅጽበታዊ ኩርሰራት፣ ቅጽበታዊ ምሕዳሳት፣ ቅጽበታዊ ርእይቶታት ን ናይ ምድፋእ ሓበሬታታት።	Tilmaamo toos ah, cusbooneysiinno degdeg ah, faallooyinka tooska ah, iyo ogeysiisyada push.
landing	landing.features.docsWiki	Documents & Wiki	ሰነዶች እና ዊኪ	Dokumantoota fi Wiikii	ሰነዳት ን ዊኪ	Dukumentiyo & Wiiki
landing	landing.features.docsWikiDesc	Rich-text docs, knowledge base, and file management within projects.	ዕውቀት-ያበለጸገ ሰነዶች፣ የእውቀት መሠረት እና ፋይል አስተዳደር በፕሮጀክቶች ውስጥ።	Dokumantoota barruu-badhaadha, kuusaa beekumsaa, fi bulchiinsa faayilii pirojektii keessatti.	ብዝሃብ-ጽሑፍ ሰነዳት፣ ናይ ፍልጠት መሰረት ን ናይ ፋይል ኣመሓዳድራ ኣብ ፕሮጀክትታት።	Dukumentiyo qoraal qurux badan, saldhigga aqoonta, iyo maaraynta faylalka mashruucyada gudahooda.
landing	landing.features.security	Enterprise Security	የኢንተርፕራይዝ ደህንነት	Nageenya Intarpiraayizii	ናይ ኢንተርፕራይዝ ድሕነት	Amniga ganacsiga weyn
landing	landing.features.securityDesc	RBAC, 2FA, SSO, session management, audit logs. SOC 2 ready.	RBAC፣ 2FA፣ SSO፣ የክፍለ ጊዜ አስተዳደር፣ የኦዲት ምዝግብ ማስታወሻዎች። SOC 2 ዝግጁ።	RBAC, 2FA, SSO, bulchiinsa seeshiinii, galmee odiitii. SOC 2 qophaa'e.	RBAC፣ 2FA፣ SSO፣ ናይ ሰሽን ኣመሓዳድራ፣ ናይ ኦዲት ዝርዝር። SOC 2 ድሉው።	RBAC, 2FA, SSO, maaraynta fadhiga, diiwaanka hubinta. SOC 2 diyaar ah.
landing	landing.stats.teamsOnboarded	Teams onboarded	የተቀላቀሉ ቡድኖች	Gareeleen makaman	ዝተመዝገቡ ጋንታታት	Kooxo la diiwaan geliyey
landing	landing.stats.fasterDelivery	Faster delivery	ፈጣን ማቅረብ	Raawwii saffisaa	ዝቐልጠፈ ምብጻሕ	Gudbinta degdega ah
landing	landing.stats.platformUptime	Platform uptime	የመድረክ ንቁ ጊዜ	Yeroo hojii waltajjii	ናይ ፕላትፎርም ግዜ ስራሕ	Waqtiga shaqaynta barnaamijka
landing	landing.stats.languagesSupported	Languages supported	የተደገፉ ቋንቋዎች	Afaanota deeggaran	ዝድገፉ ቋንቋታት	Luuqadaha la taageerayo
landing	landing.testimonials.label	Testimonials	ምስክርነቶች	Ragaalee	ምስክርነታት	Markhaatiyaasha
landing	landing.testimonials.heading1	Loved by teams who've	ሁሉንም ነገር ሞክረው	Gareeleen waan hundaa yaalanii	ኩሉ ካልእ ዝፈተኑ ጋንታታት	Kooxaha jeclaystay ee
landing	landing.testimonials.heading2	tried everything else	በሚወዱ ቡድኖች የተወደደ	jaallataniidha	ዘፍቅርዎ	wax kasta tijaabiyey
landing	landing.pricing.label	Pricing	ዋጋ	Gatii	ዋጋ	Qiimaha
landing	landing.pricing.heading	Simple pricing in Ethiopian Birr	በኢትዮጵያ ብር ቀላል ዋጋ	Gatii salphaa Birriin Itoophiyaatiin	ቅሉል ዋጋ ብኢትዮጵያ ብር	Qiimo fudud oo Birr Itoobiya ah
landing	landing.pricing.subtitle	Start free. Upgrade when you're ready. Pay in ETB — no forex hassle.	ነጻ ይጀምሩ። ዝግጁ ሲሆኑ ያሻሽሉ። በETB ይክፈሉ — የውጭ ምንዛሪ ችግር የለም።	Bilisaan jalqabi. Yeroo qophaa'etti ol guddiisi. ETB-n kaffali — rakkoo sharafa malee.	ብነጻ ጀምር። ምስ ተዳለኻ ኣዕብይ። ብETB ክፈል — ናይ ባዕዳዊ ባጤራ ጸገም የለን።	Bilaash ku bilow. Kor u qaad markaad diyaar tahay. Birr ku bixi — dhibaato lacag shisheeye la'aan.
landing	landing.pricing.monthly	Monthly	ወርሃዊ	Ji'aan	ወርሓዊ	Bishii
landing	landing.pricing.yearly	Yearly	ዓመታዊ	Waggaan	ዓመታዊ	Sannadkii
landing	landing.pricing.save20	Save 20%	20% ቆጥብ	20% Qusadhu	20% ኣቑጥብ	20% kaydi
landing	landing.pricing.mostPopular	Most Popular	በጣም ተወዳጅ	Baay'ee Jaallatamaa	ዝያዳ ተፈታዊ	Ugu caansan
landing	landing.pricing.etbPerUserMo	ETB/user/mo	ETB/ተጠቃሚ/ወር	ETB/fayyadamaa/ji'a	ETB/ተጠቃሚ/ወርሒ	ETB/isticmaale/bishii
landing	landing.pricing.custom	Custom	ብጁ	Maamila	ብሕታዊ	La habeyn karo
landing	landing.pricing.freeForeverNoCard	Free forever, no card needed	ዘወትር ነጻ፣ ካርድ አያስፈልግም	Yeroo hundaa bilisa, kaardiin hin barbaachisu	ንዘለኣለም ነጻ፣ ካርድ ኣየድልን	Bilaash weligeed, kaadh looma baahna
landing	landing.pricing.free.name	Free	ነጻ	Bilisaa	ነጻ	Bilaash
landing	landing.pricing.free.desc	For small teams getting started	ለሚጀምሩ ትንንሽ ቡድኖች	Garee xixiqqaa jalqabaa jiraniif	ንንኣሽቱ ጋንታታት ዝጅምሩ	Kooxaha yaryar ee bilaabanaya
landing	landing.pricing.free.cta	Get started free	ነጻ ጀምር	Bilisaan jalqabi	ብነጻ ጀምር	Bilaash bilow
landing	landing.pricing.free.feature1	Up to 10 users	እስከ 10 ተጠቃሚዎች	Hanga fayyadamaa 10tti	ክሳብ 10 ተጠቀምቲ	Ilaa 10 isticmaale
landing	landing.pricing.free.feature2	3 projects	3 ፕሮጀክቶች	Pirojektii 3	3 ፕሮጀክትታት	3 mashruuc
landing	landing.pricing.free.feature3	Kanban & list views	ካንባን እና ዝርዝር እይታዎች	Ilaalcha Kaanbaan fi tarree	ካንባን ን ዝርዝር ትርኢት	Aragtida Kanban & liiska
landing	landing.pricing.free.feature4	Ethiopian calendar	የኢትዮጵያ ቀን መቁጠሪያ	Kaalaandarii Itoophiyaa	ናይ ኢትዮጵያ ዓውደ-ኣዋርሕ	Kalandarka Itoobiya
landing	landing.pricing.free.feature5	4 languages	4 ቋንቋዎች	Afaan 4	4 ቋንቋታት	4 luuqadood
landing	landing.pricing.free.feature6	Basic reports	መሠረታዊ ሪፖርቶች	Gabaasa bu'uuraa	መሰረታዊ ጸብጻባት	Warbixinno aasaasi ah
landing	landing.pricing.pro.name	Pro	ፕሮ	Pro	ፕሮ	Pro
landing	landing.pricing.pro.desc	For growing teams that need more	ተጨማሪ ለሚፈልጉ ቡድኖች	Garee guddataa jiru dabalata barbaaduf	ንዝዓብዩ ጋንታታት ዝያዳ ዘድልዮም	Kooxaha sii koraya ee wax badan u baahan
landing	landing.pricing.pro.cta	Start 14-day free trial	የ14-ቀን ነጻ ሙከራ ጀምር	Yaalii bilisaa guyyaa 14 jalqabi	ናይ 14 መዓልቲ ነጻ ፈተነ ጀምር	14 maalmood tijaabo bilaash ah bilow
landing	landing.pricing.pro.feature1	Unlimited users	ያልተገደበ ተጠቃሚዎች	Fayyadamtoota daangaa hin qabne	ዘይውሱን ተጠቀምቲ	Isticmaaleyaal aan xad lahayn
landing	landing.pricing.pro.feature2	Unlimited projects	ያልተገደበ ፕሮጀክቶች	Pirojektota daangaa hin qabne	ዘይውሱን ፕሮጀክትታት	Mashruucyo aan xad lahayn
landing	landing.pricing.pro.feature3	All views + Timeline	ሁሉም እይታዎች + የጊዜ ሰሌዳ	Ilaalcha hundaa + Sarara Yeroo	ኩሎም ትርኢታት + ናይ ግዜ ሰሌዳ	Dhammaan aragtiyada + jadwalka waqtiga
landing	landing.pricing.pro.feature4	Automations & workflows	አውቶሜሽን እና የሥራ ፍሰቶች	Ofumaan hojjechuu fi adeemsa hojii	ኦቶመይሽናት ን ናይ ስራሕ ፍሰት	Otomaatik & socodka shaqada
landing	landing.pricing.pro.feature5	Budget tracking (ETB)	የበጀት ክትትል (ETB)	Hordoffii baajetaa (ETB)	ናይ በጀት ክትትል (ETB)	Raadraacinta miisaaniyada (ETB)
landing	landing.pricing.pro.feature6	Goals & OKRs	ግቦች እና OKRs	Galmoota fi OKR	ዕላማታት ን OKRs	Hadafyada & OKR-yada
landing	landing.pricing.pro.feature7	AI Document Processor	AI ሰነድ ማስተናገጃ	Pirosesarii Dokumantii AI	AI ናይ ሰነድ ማስተናገዲ	Qalabka dukumentiyada AI
landing	landing.pricing.pro.feature8	Advanced analytics	የላቀ ትንታኔ	Xiinxala sadarkaa olaanaa	ዝማዕበለ ትንተና	Falanqaynta horumarsan
landing	landing.pricing.pro.feature9	Priority support	ቅድሚያ ድጋፍ	Deeggarsa dursa	ቀዳምነት ደገፍ	Taageero mudnaanta leh
landing	landing.pricing.enterprise.name	Enterprise	ኢንተርፕራይዝ	Intarpiraayizii	ኢንተርፕራይዝ	Ganacsi weyn
landing	landing.pricing.enterprise.desc	For large organizations	ለትላልቅ ድርጅቶች	Dhaabbilee guguddaaf	ንዓበይቲ ትካላት	Hay'adaha waaweyn
landing	landing.pricing.enterprise.cta	Contact sales	ሽያጭ ያግኙ	Gurgurtaa quunnamaa	ሸቐጥ ርኸብ	La xiriir iibinta
landing	landing.pricing.enterprise.feature1	Everything in Pro	በፕሮ ውስጥ ያለው ሁሉ	Waan Pro keessa jiru hundaa	ኣብ ፕሮ ዘሎ ኩሉ	Dhammaan waxa Pro ku jira
landing	landing.pricing.enterprise.feature2	SSO & SAML	SSO እና SAML	SSO fi SAML	SSO ን SAML	SSO & SAML
landing	landing.pricing.enterprise.feature3	Advanced security & audit logs	የላቀ ደህንነት እና የኦዲት ምዝግብ ማስታወሻዎች	Nageenya sadarkaa olaanaa fi galmee odiitii	ዝማዕበለ ድሕነትን ናይ ኦዲት ዝርዝርን	Amniga horumarsan & diiwaanka hubinta
landing	landing.pricing.enterprise.feature4	Custom integrations	ብጁ ውህደቶች	Walitti makamtii maamila	ብሕታዊ ውህደታት	Isku xidhka la habeyn karo
landing	landing.pricing.enterprise.feature5	Dedicated account manager	ልዩ የመለያ አስተዳዳሪ	Bulchaa herregaa addaa	ዝተወፈየ ናይ ኣካውንት ኣመሓዳሪ	Maamulaad gaar ah
landing	landing.pricing.enterprise.feature6	SLA guarantee	የSLA ዋስትና	Waadaa SLA	ናይ SLA ውሕስነት	Damaanadda SLA
landing	landing.pricing.enterprise.feature7	On-premise deployment	በቦታ ላይ ማሰማራት	Fe'annoo keessoo	ኣብ ቦታኻ ምስፋር	Geesinta gudaha
landing	landing.pricing.enterprise.feature8	Custom training & onboarding	ብጁ ስልጠና እና ማስጀመር	Leenjii fi simachuu maamila	ብሕታዊ ስልጠናን ምትእትታውን	Tababar & bilaabid la habeyn karo
landing	landing.comparison.heading	Why teams switch to Onekof	ቡድኖች ወደ Onekof ለምን ይቀየራሉ	Maaliif gareeleen gara Onekof ce'an	ስለምንታይ ጋንታታት ናብ Onekof ዝቕይሩ	Sababta kooxahu u beddeshaan Onekof
landing	landing.comparison.switchingFrom	Switching from	ከ ሲቀየሩ	Irraa ce'uun	ካብ ዝቕይሩ	Ka beddeshiga
landing	landing.comparison.onekofHandlesAll	Onekof handles all of this	Onekof ይህን ሁሉ ያስተናግዳል	Onekof kana hundaa ni raawwata	Onekof ንዚ ኩሉ ይሕዞ	Onekof dhammaantaas wuu qaban karaa
landing	landing.comparison.jira.reason1	No Ethiopian calendar support	የኢትዮጵያ ቀን መቁጠሪያ ድጋፍ የለም	Deeggarsa kaalaandarii Itoophiyaa hin qabu	ናይ ኢትዮጵያ ዓውደ-ኣዋርሕ ደገፍ የለን	Taageero kalandar Itoobiya ma laha
landing	landing.comparison.jira.reason2	English-only interface	እንግሊዝኛ ብቻ በይነገጽ	Ingiliffaa qofa	ብእንግሊዝኛ ጥራይ ኢንተርፌስ	Barnaamij Ingiriisi kaliya
landing	landing.comparison.jira.reason3	Overly complex for most teams	ለአብዛኛዎቹ ቡድኖች በጣም ውስብስብ	Garee baay'eef baay'ee walxaxaa	ንመብዛሕትኦም ጋንታታት ኣዝዩ ተሓላለኽ	Aad u adag kooxaha badankood
landing	landing.comparison.jira.reason4	No ETB budget tracking	የETB በጀት ክትትል የለም	Hordoffii baajeta ETB hin qabu	ናይ ETB በጀት ክትትል የለን	Raadraacin miisaaniyad ETB ma laha
landing	landing.comparison.trello.reason1	No budget or expense tracking	የበጀት ወይም ወጪ ክትትል የለም	Hordoffii baajetaa fi ba'ii hin qabu	ናይ በጀት ወይ ወጻኢ ክትትል የለን	Raadraacin miisaaniyad ama kharash ma laha
landing	landing.comparison.trello.reason2	Limited reporting & analytics	ውስን ሪፖርት እና ትንታኔ	Gabaasaa fi xiinxala daangeffame	ውሱን ጸብጻብን ትንተናን	Warbixin & falanqayn xaddidan
landing	landing.comparison.trello.reason3	No workflow automation	የሥራ ፍሰት አውቶሜሽን የለም	Ofumaan hojjechuu hin qabu	ናይ ስራሕ ፍሰት ኦቶመይሽን የለን	Otomaatik socodka shaqo ma laha
landing	landing.comparison.trello.reason4	No document processing	ሰነድ ማስተናገድ የለም	Gaggeessuu dokumantii hin qabu	ናይ ሰነድ ምስራሕ የለን	Habka dukumentiyada ma laha
landing	landing.comparison.spreadsheets.name	Spreadsheets	ስፕሬድሺቶች	Ispiriidshiitii	ስፕሪድሺታት	Xaashiyaha xisaabta
landing	landing.comparison.spreadsheets.reason1	No real-time collaboration	ቅጽበታዊ ትብብር የለም	Wal ta'iinsa yeroo qabatamaa hin qabu	ቅጽበታዊ ምትሕብባር የለን	Iskaashi waqti dhab ah ma laha
landing	landing.comparison.spreadsheets.reason2	No task dependencies	የተግባር ጥገኝነቶች የሉም	Hariiroo hojii hin qabu	ናይ ተግባር ትስስራት የለን	Ku-xidhnaaashaha hawlaha ma laha
landing	landing.comparison.spreadsheets.reason3	Manual status tracking	በእጅ ሁኔታ ክትትል	Hordoffii haala harkaan	ብኢድ ናይ ኩነታ ክትትል	Raadraacinta xaaladda gacanta
landing	landing.comparison.spreadsheets.reason4	No security or audit logs	ደህንነት ወይም የኦዲት ምዝግብ ማስታወሻ የለም	Nageenya fi galmee odiitii hin qabu	ድሕነት ወይ ናይ ኦዲት ዝርዝር የለን	Amni ama diiwaanka hubinta ma laha
landing	landing.cta.badge	Join 500+ Ethiopian teams	ከ500 በላይ የኢትዮጵያ ቡድኖች ጋር ይቀላቀሉ	Gareelee Itoophiyaa 500+ waliin makamaa	ምስ 500+ ናይ ኢትዮጵያ ጋንታታት ተጸንበር	Ku biir 500+ kooxo Itoobiya ah
landing	landing.cta.heading1	Ready to transform how	ቡድንዎ የሚሠራበትን መንገድ	Akkaataa gareen keessan ittiin	ጋንታኻ ዝሰርሐሉ ኣገባብ	Ma diyaar tahay inaad beddesho sida
landing	landing.cta.heading2	your team works?	ለመቀየር ዝግጁ ነዎት?	hojjetu jijjiiruuf qophiidha?	ንምቕያር ድሉው ዲኻ?	kooxdaadu u shaqeyso?
landing	landing.cta.subtitle	Start for free today. No credit card. No foreign currency. Just the tools your team actually needs.	ዛሬ ነጻ ይጀምሩ። ክሬዲት ካርድ የለም። የውጭ ምንዛሪ የለም። ቡድንዎ በእውነት የሚፈልጋቸው መሣሪያዎች ብቻ።	Har'a bilisaan jalqabi. Kaardii kirediitiif hin barbaachisu. Sharafa biyya alaa hin barbaachisu. Meeshaalee gareen keessan dhugumaan barbaadu qofa.	ሎሚ ብነጻ ጀምር። ክረዲት ካርድ የለን። ናይ ባዕዳዊ ባጤራ የለን። ጋንታኻ ብሓቂ ዘድልዮ መሳርሒታት ጥራይ።	Maanta bilaash u bilow. Kaadh lacag bixin la'aan. Lacag shisheeye la'aan. Kaliya qalabka kooxdaadu u baahan tahay.
landing	landing.cta.getStartedFree	Get started — it's free	ጀምር — ነጻ ነው	Jalqabi — bilisa	ጀምር — ነጻ እዩ	Bilow — waa bilaash
landing	landing.cta.talkToSales	Talk to sales	ከሽያጭ ጋር ያናግሩ	Gurgurtaa dubbisi	ምስ ሸቐጥ ተዘራረብ	La hadal iibinta
landing	landing.footer.description	Modern project management built for Ethiopian teams. Native calendar, local languages, ETB budgets, and workflows designed for how you actually work.	ለኢትዮጵያ ቡድኖች የተገነባ ዘመናዊ ፕሮጀክት አስተዳደር። ባለ 13-ወር ቀን መቁጠሪያ፣ አገር ቋንቋዎች፣ የብር በጀቶች እና በእውነት ለሚሠሩበት መንገድ የተዘጋጁ የሥራ ፍሰቶች።	Bulchiinsa pirojektii ammayyaa gareelee Itoophiyaaf ijaarame. Kaalaandarii biyyaa, afaan biyyaa, baajeta ETB, fi adeemsa hojii akkaataa dhugumaan hojjettuuf ijaarame.	ንኢትዮጵያ ጋንታታት ዝተሃንጸ ዘመናዊ ናይ ፕሮጀክት ኣመሓዳድራ። ዕድሜ ዓውደ-ኣዋርሕ፣ ከባብያዊ ቋንቋታት፣ ናይ ETB በጀታት ን ብሓቂ ከመይ ከም ትሰርሑ ዝተዳለወ ናይ ስራሕ ፍሰት።	Maaraynta mashruuca casriga ah ee kooxaha Itoobiya loo dhisay. Kalandar dhalashada ah, luuqadaha maxalliga ah, miisaaniyad Birr, iyo socodka shaqo ee sida aad dhabta ah u shaqayso loo naqshadaynayey.
landing	landing.footer.productCol	Product	ምርት	Oomisha	ፍርያት	Badeecadda
landing	landing.footer.companyCol	Company	ኩባንያ	Dhaabbata	ትካል	Shirkadda
landing	landing.footer.resourcesCol	Resources	ሀብቶች	Qabeenya	ጸጋታት	Kheyraadka
landing	landing.footer.footerLinks.features	Features	ባህሪያት	Amaloota	ባህርያት	Astaamaha
landing	landing.footer.footerLinks.pricing	Pricing	ዋጋ	Gatii	ዋጋ	Qiimaha
landing	landing.footer.footerLinks.integrations	Integrations	ውህደቶች	Walitti Makamtii	ውህደታት	Isku xidhka
landing	landing.footer.footerLinks.changelog	Changelog	ለውጥ ምዝግብ	Galmee Jijjiiramaa	ናይ ለውጢ ዝርዝር	Diiwaanka isbeddelada
landing	landing.footer.footerLinks.roadmap	Roadmap	መንገድ ካርታ	Kaartaa Karooraa	ናይ መንገዲ ካርታ	Khariidadda waddo
landing	landing.footer.footerLinks.about	About	ስለ እኛ	Waa'ee	ብዛዕባና	Ku saabsan
landing	landing.footer.footerLinks.blog	Blog	ብሎግ	Biloogii	ብሎግ	Blog
landing	landing.footer.footerLinks.careers	Careers	ሥራ ዕድሎች	Carraa Hojii	ስራሕ ዕድላት	Shaqooyin
landing	landing.footer.footerLinks.press	Press	ፕሬስ	Pireesii	ፕረስ	Saxaafadda
landing	landing.footer.footerLinks.contact	Contact	አግኙን	Quunnamtii	ርኸቡና	La xiriir
landing	landing.footer.footerLinks.documentation	Documentation	ሰነዶች	Dokumanteeshinii	ሰነዳት	Dukumentiyada
landing	landing.footer.footerLinks.helpCenter	Help Center	የእርዳታ ማዕከል	Giddugala Gargaarsaa	ናይ ሓገዝ ማእከል	Xarunta caawimada
landing	landing.footer.footerLinks.apiReference	API Reference	API ማጣቀሻ	Wabii API	ናይ API ማጣቕሲ	Tixraaca API
landing	landing.footer.footerLinks.community	Community	ማህበረሰብ	Hawaasa	ማሕበረሰብ	Bulshada
landing	landing.footer.footerLinks.status	Status	ሁኔታ	Haala	ኩነታ	Xaaladda
landing	landing.footer.allRightsReserved	All rights reserved.	ሁሉም መብቶች የተጠበቁ ናቸው።	Mirgi hunduu kan eegamedha.	ኩሉ መሰል ዝተሓለወ።	Dhammaan xuquuqda way xifdisan yihiin.
landing	landing.footer.privacy	Privacy	ግላዊነት	Dhuunfummaa	ምስጢራውነት	Asturnaanta
landing	landing.footer.terms	Terms	ውሎች	Haala	ውዕላት	Shuruudaha
landing	landing.footer.cookies	Cookies	ኩኪዎች	Kuukiidhaan	ኩኪስ	Cookies
notifications	notifications.newTaskAssigned	New task assigned to you	አዲስ ተግባር ተመድቦልዎታል	Hojiin haaraan siif ramadame	ሓድሽ ተግባር ተመዲብልካ	Hawl cusub ayaa laguu xilsaaray
notifications	notifications.budgetThreshold	Budget threshold reached	የበጀት ገደብ ተደርሷል	Daangaan baajetaa ga'ameera	ናይ በጀት ደረት ተበጺሑ	Xadka miisaaniyada waa la gaadhay
notifications	notifications.newComment	New comment on your item	በዕቃዎ ላይ አዲስ አስተያየት	Yaadni haaraan wanta kee irratti dabalame	ኣብ ኣቑሕካ ሓድሽ ርእይቶ	Faallo cusub oo ku saabsan waxyaabahaaga
notifications	notifications.goalProgressUpdated	Goal progress updated	የግብ ሂደት ተዘምኗል	Adeemsi galmaa haaromfame	ናይ ዕላማ ምዕባለ ተሓዲሱ	Horumarka hadafka waa la cusbooneysiiyey
notifications	notifications.documentProcessed	Document processed successfully	ሰነድ በተሳካ ሁኔታ ተስተናግዷል	Dokumantiin milkaa'inaan gaggeeffame	ሰነድ ብዓወት ተማሕዲሩ	Dukumentiga si guul leh ayaa loo maray
notifications	notifications.title	Notifications	ማሳወቂያዎች	Beeksisa	ሓበሬታታት	Ogeysiisyada
notifications	notifications.unread	Unread	ያልተነበቡ	Hin Dubbifamne	ዘይተነበ	Aan la akhriyin
notifications	notifications.mentionedInComment	You were mentioned in a comment	በአስተያየት ውስጥ ተጠቅሰዋል	Yaada keessatti maqaan keessan ka'ameera	ኣብ ርእይቶ ተጠቒስካ	Faallo ayaa lagugu sheegay
notifications	notifications.budgetApproved	Budget approved	በጀት ጸድቋል	Baajetni mirkanaa'e	በጀት ጸዲቑ	Miisaaniyada waa la ansixiyey
notifications	notifications.teamMemberAdded	Team member added	የቡድን አባል ተጨምሯል	Miseensi garee dabalame	ኣባል ጋንታ ተወሲኹ	Xubin cusub ayaa kooxda lagu daray
notifications	notifications.deadlineApproaching	Deadline approaching	የመጨረሻ ቀን እየቀረበ ነው	Beellami dhiyaataa jira	ናይ ምውዳእ ግዜ ይቐርብ ኣሎ	Waqtiga dhammaadku wuu soo dhowaaday
notifications	notifications.systemUpdate	System update	የስርዓት ማዘመኛ	Haaromsaa sirnaa	ናይ ስርዓት ምሕዳስ	Cusbooneysiinta nidaamka
notifications	notifications.newFeaturesAdded	New features have been added to the platform	አዲስ ባህሪያት ወደ መድረኩ ተጨምረዋል	Amalonni haaraan gara waltajjiitti dabalameera	ሓደስቲ ባህርያት ኣብ ፕላትፎርም ተወሲኾም	Astaamaha cusub ayaa lagu daray barnaamijka
createProject	createProject.basics	Basics	መሠረታዊ	Bu'uuraa	መሰረታዊ	Aasaaska
createProject	createProject.organization	Organization	ድርጅት	Dhaabbata	ትካል	Hay'adda
createProject	createProject.team	Team	ቡድን	Garee	ጋንታ	Kooxda
createProject	createProject.timeline	Timeline	የጊዜ ሰሌዳ	Sarara Yeroo	ናይ ግዜ ሰሌዳ	Jadwalka waqtiga
createProject	createProject.appearance	Appearance	ገጽታ	Mul'ata	ትርኢት	Muuqaalka
createProject	createProject.review	Review	ግምገማ	Gamaaggama	ግምገማ	Dib u eegis
createProject	createProject.nameKeyType	Name, key & type	ስም፣ ቁልፍ እና ዓይነት	Maqaa, furtuu fi gosa	ስም፣ መፍትሕን ዓይነትን	Magaca, furaha & nooca
createProject	createProject.deptCompliance	Department & compliance	ክፍል እና ተገዢነት	Kutaa fi hordoffii seeraa	ክፍልን ምትሕልላውን	Waaxda & waafaqsanaanta
createProject	createProject.ownershipMembers	Ownership & members	ባለቤትነት እና አባላት	Abbummaa fi miseensota	ዋንነትን ኣባላትን	Milkiilenimada & xubnaha
createProject	createProject.schedulePriority	Schedule & priority	መርሐ ግብር እና ቅድሚያ	Sagantaa fi dursa	ሰሌዳን ቀዳምነትን	Jadwalka & mudnaanta
createProject	createProject.workflowBranding	Workflow & branding	የሥራ ፍሰት እና ብራንዲንግ	Adeemsa hojii fi agarsiisaa	ናይ ስራሕ ፍሰትን ምስሊን	Socodka shaqada & calaamadaynta
createProject	createProject.confirmCreate	Confirm & create	አረጋግጥ እና ፍጠር	Mirkaneessii uumi	ኣረጋግጽን ፍጠርን	Xaqiiji & samee
documents	documents.title	All Documents	ሁሉም ሰነዶች	Dokumantoota Hundaa	ኩሎም ሰነዳት	Dhammaan dukumentiyada
documents	documents.searchDocuments	Search documents...	ሰነዶች ፈልግ...	Dokumantoota barbaadi...	ሰነዳት ድለ...	Raadi dukumentiyada...
documents	documents.newDocument	New Document	አዲስ ሰነድ	Dokumantii Haaraa	ሓድሽ ሰነድ	Dukumenti cusub
documents	documents.documentDetails	Document Details	የሰነድ ዝርዝር	Bal'ina Dokumantii	ናይ ሰነድ ዝርዝር	Faahfaahinta dukumentiga
documents	documents.documentInformation	Document Information	የሰነድ መረጃ	Odeeffannoo Dokumantii	ናይ ሰነድ ሓበሬታ	Xogta dukumentiga
wiki	wiki.title	Knowledge Base	የእውቀት መሠረት	Kuusaa Beekumsaa	ናይ ፍልጠት መሰረት	Saldhigga aqoonta
wiki	wiki.articlesAcross	articles across	ጽሑፎች በ	barreeffamoonni keessatti	ጽሑፋት ኣብ	maqaallo ku kala yaal
wiki	wiki.categories	categories	ምድቦች	ramaddii	ክፍልታት	qaybaha
wiki	wiki.searchArticles	Search articles, guides, and documentation...	ጽሑፎች፣ መመሪያዎች እና ሰነዶች ፈልግ...	Barreeffamoota, qajeelfamoota fi dokumantoota barbaadi...	ጽሑፋት፣ መምርሒታትን ሰነዳትን ድለ...	Raadi maqaalada, hagayaasha, iyo dukumentiyada...
wiki	wiki.newArticle	New Article	አዲስ ጽሑፍ	Barreeffama Haaraa	ሓድሽ ጽሑፍ	Maqaal cusub
wiki	wiki.backToCategories	Back to all categories	ወደ ሁሉም ምድቦች ተመለስ	Gara ramaddii hundaatti deebi'i	ናብ ኩሎም ክፍልታት ተመለስ	Ku noqo dhammaan qaybaha
wiki	wiki.totalArticles	Total Articles	ጠቅላላ ጽሑፎች	Barreeffamoota Waliigalaa	ጠቕላላ ጽሑፋት	Wadarta maqaalada
wiki	wiki.updatedRecently	Updated recently	በቅርቡ የተዘመኑ	Dhiyootti haaromfame	ብቐረባ ዝተሓደሰ	Dhowaan la cusbooneysiiyey
wiki	wiki.gettingStarted	Getting Started	ለመጀመር	Jalqabuu	ንምጅማር	Bilawga
wiki	wiki.projectManagement	Project Management	ፕሮጀክት አስተዳደር	Bulchiinsa Pirojektii	ናይ ፕሮጀክት ኣመሓዳድራ	Maaraynta mashruuca
wiki	wiki.teamCollaboration	Team Collaboration	የቡድን ትብብር	Wal Ta'iinsa Garee	ናይ ጋንታ ምትሕብባር	Iskaashiga kooxda
wiki	wiki.tipsBestPractices	Tips & Best Practices	ምክሮች እና ምርጥ ልምዶች	Gorsa fi Gocha Gaarii	ምኽርታትን ዝበለጹ ኣገባባትን	Talooyinka & habraacyada ugu wanaagsan
wiki	wiki.securityCompliance	Security & Compliance	ደህንነት እና ተገዢነት	Nageenya fi Hordoffii Seeraa	ድሕነትን ምትሕልላውን	Amniga & waafaqsanaanta
wiki	wiki.administration	Administration	አስተዳደር	Bulchiinsa	ኣመሓዳድራ	Maamulka
wiki	wiki.welcomeToOnekof	Welcome to Onekof	እንኳን ወደ Onekof በደህና መጡ	Baga gara Onekof dhuftan	ናብ Onekof እንኳዕ ብደሓን መጻእካ	Ku soo dhawoow Onekof
wiki	wiki.welcomeDesc	Learn how to navigate the platform and get productive quickly.	መድረኩን እንዴት ማሰስ እንደሚችሉ እና በፍጥነት ምርታማ ለመሆን ይማሩ።	Waltajjii kana akkamitti akka fayyadamtanii fi dafqa akka jalqabdan baraa.	ፕላትፎርሙ ከመይ ከም ትጥቀመሉን ብቕልጡፍ ከም ትስርሕን ተምሃር።	Baro sida barnaamijka loo isticmaalo oo degdeg wax ku qabso.
wiki	wiki.settingUpWorkspace	Setting Up Your Workspace	የሥራ ቦታዎን ማዋቀር	Iddoo Hojii Keessan Qindeessuu	ናይ ስራሕ ቦታኻ ኣዋድድ	Dejinta goobta shaqadaada
wiki	wiki.settingUpDesc	Configure your organization, invite members, and customize settings.	ድርጅትዎን ያዋቅሩ፣ አባላት ይጋብዙ እና ቅንብሮችን ያበጁ።	Dhaabbata qindeessaa, miseensota afeeraa, qindaa'ina maamila.	ትካልካ ኣወዳድብ፣ ኣባላት ዓድምን ቅጥዒታት ቀይርን።	Hay'addaada habeyn, xubnaha caasimo, dejinta la habeyn.
wiki	wiki.creatingFirstProject	Creating Your First Project	የመጀመሪያ ፕሮጀክትዎን መፍጠር	Pirojektii Jalqabaa Keessan Uumuu	ቀዳማይ ፕሮጀክትካ ፍጠር	Mashruucaaga koowaad samaynta
wiki	wiki.creatingFirstDesc	Step-by-step guide to creating and managing projects.	ፕሮጀክቶችን ለመፍጠር እና ለማስተዳደር ደረጃ-በደረጃ መመሪያ።	Pirojektii uumuu fi bulchuuf qajeelfama tarkaanfii-tarkaanfiin.	ፕሮጀክትታት ንምፍጣርን ንምኣመሓዳርን ስጉምቲ ብስጉምቲ መምርሒ።	Hagitaanka tallaabooyinka mashruuca samaynta iyo maarayntiisa.
wiki	wiki.taskWorkflows	Task Workflows & Statuses	የተግባር የሥራ ፍሰቶች እና ሁኔታዎች	Adeemsa Hojii fi Haala Hojii	ናይ ተግባር ናይ ስራሕ ፍሰትን ኩነታትን	Socodka hawlaha & xaaladaha
wiki	wiki.taskWorkflowsDesc	Understanding TODO, In Progress, In Review, Done, and Blocked statuses.	የሚሠራ፣ በሂደት ላይ፣ በግምገማ ላይ፣ የተጠናቀቀ እና የታገደ ሁኔታዎችን መረዳት።	Haala Kan Hojjetamu, Hojii Irra, Gamaaggama Irra, Xumurame fi Dhaabbate hubachuu.	ዝግበር፣ ኣብ ሂደት፣ ኣብ ግምገማ፣ ተወዲኡን ተዓጊቱን ኩነታት ምርዳእ።	Fahamka xaaladaha La qaban doono, Wuu socdaa, Dib u eegis, La dhammeeyey, iyo La joojiyey.
wiki	wiki.boardVsList	Board View vs List View	ቦርድ እይታ vs ዝርዝር እይታ	Ilaalcha Boordii fi Tarree	ናይ ሰሌዳ ትርኢት ምስ ናይ ዝርዝር ትርኢት	Aragtida sambalka iyo liiska
wiki	wiki.boardVsListDesc	Choose the right view for your workflow and team size.	ለሥራ ፍሰትዎ እና ቡድንዎ ትክክለኛውን እይታ ይምረጡ።	Adeemsa hojii fi guddina garee keessaniif ilaalcha sirrii ta'e filadhaa.	ንስራሕ ፍሰትካን ዓቐን ጋንታኻን ቅኑዕ ትርኢት ምረጽ።	Dooro aragtida ku habboon socodka shaqadaada iyo cabbirka kooxdaada.
wiki	wiki.priorityGuide	Priority Levels Guide	የቅድሚያ ደረጃዎች መመሪያ	Qajeelfama Sadarkaa Dursaa	ናይ ቀዳምነት ደረጃ መምርሒ	Hagaha heerarka mudnaanta
wiki	wiki.priorityGuideDesc	When to use Critical, High, Medium, and Low priorities.	ወሳኝ፣ ከፍተኛ፣ መካከለኛ እና ዝቅተኛ ቅድሚያዎችን መቼ መጠቀም እንዳለብዎ።	Muddamaa, Ol'aanaa, Giddugaleessa fi Gad-aanaa yoom akka fayyadamtan.	ህጹጽ፣ ልዑል፣ ማእከላይን ትሑትን ቀዳምነታት መዓስ ከም ትጥቀም።	Goorta la isticmaalo mudnaanada Aad u deg deg ah, Sare, Dhexdhexaad, iyo Hoose.
wiki	wiki.invitingMembers	Inviting Team Members	የቡድን አባላት መጋበዝ	Miseensota Garee Afeeruu	ኣባላት ጋንታ ዕደም	Caasimidda xubnaha kooxda
wiki	wiki.invitingMembersDesc	How to invite users, assign roles, and manage permissions.	ተጠቃሚዎችን እንዴት መጋበዝ፣ ሚናዎችን መመደብ እና ፈቃዶችን ማስተዳደር እንደሚችሉ።	Fayyadamtoota akkamitti akka afeertan, gahee akka ramaddan fi hayyama akka bulchitan.	ተጠቀምቲ ከመይ ከም ትዕድም፣ ተራ ከም ትህብን ፍቓዳት ከም ትኣመሓድርን።	Sida loo caasimo isticmaaleyaasha, loo xilsaaro doorarka, iyo loo maareeyo oggolaanshaha.
wiki	wiki.commentsMentions	Comments & @Mentions	አስተያየቶች እና @ማጣቀሻዎች	Yaadota fi @Waamota	ርእይቶታትን @ምጥቃስን	Faallooyinka & @Sheegidda
wiki	wiki.commentsMentionsDesc	Collaborate on tasks using comments and mention team members.	በአስተያየቶች እና በቡድን አባላት ማጣቀሻ በተግባራት ላይ ይተባበሩ።	Yaadota fayyadamuun hojii irratti wal ta'aa miseensota garee waamaa.	ብርእይቶታት ኣብ ተግባራት ተሓባበርን ኣባላት ጋንታ ጠቐስን።	Hawlaha ku iskaashi faallooyinka iyo xubnaha kooxda sheeg.
wiki	wiki.teamRoles	Team Roles & Permissions	የቡድን ሚናዎች እና ፈቃዶች	Gahee fi Hayyama Garee	ናይ ጋንታ ተራታትን ፍቓዳትን	Doorarka kooxda & oggolaanshaha
wiki	wiki.teamRolesDesc	Understanding Owner, Admin, and Member roles.	የባለቤት፣ የአስተዳዳሪ እና የአባል ሚናዎችን መረዳት።	Gahee Abbaa Qabeenyaa, Bulchaa fi Miseensaa hubachuu.	ናይ ዋና፣ ኣመሓዳሪን ኣባልን ተራታት ምርዳእ።	Fahamka doorarka milkiilaha, maamulaha, iyo xubinka.
wiki	wiki.keyboardShortcuts	Keyboard Shortcuts	የቁልፍ ሰሌዳ ፈጣን መንገዶች	Qaxxaamura Kiiboordi	ናይ ኪቦርድ ቅልጡፋት	Garaacidda furayaasha degdega ah
wiki	wiki.keyboardShortcutsDesc	Speed up your workflow with essential keyboard shortcuts.	አስፈላጊ የቁልፍ ሰሌዳ ፈጣን መንገዶች የሥራ ፍሰትዎን ያፋጥኑ።	Qaxxaamura kiibordii barbaachisoo fayyadamuun adeemsa hojii saffisiisaa.	ብኣገደስቲ ናይ ኪቦርድ ቅልጡፋት ስራሕካ ኣቕልል።	Socodka shaqadaada ku dardaarsii garaacidda furayaasha muhiimka ah.
wiki	wiki.dashboardCustomization	Dashboard Customization	ዳሽቦርድ ማበጀት	Maamila Daashboordii	ናይ ዳሽቦርድ ምስምማዕ	Habaynta dashboorkka
wiki	wiki.dashboardCustomizationDesc	Tailor your dashboard layout and widgets to your needs.	የዳሽቦርድ አቀማመጥ እና ዊጀቶችን ለፍላጎትዎ ያበጁ።	Teessuma fi wiijeetota daashboordii barbaachisummaa keessaniin maamila.	ናይ ዳሽቦርድ ኣቀማምጣን ዊጀታትን ንድሌትካ ኣሰማምዕ።	Dashboorkkaaga u habeyn sida aad u baahan tahay.
wiki	wiki.automationRules	Automation Rules	የአውቶሜሽን ሕጎች	Seeraawwan Ofumaan Hojjachuu	ናይ ኦቶመይሽን ሕግታት	Xeerarka otomaatikga
wiki	wiki.automationRulesDesc	Set up automated workflows to reduce manual work.	የእጅ ሥራን ለመቀነስ ራስ-ሰር የሥራ ፍሰቶች ያዋቅሩ።	Hojii harkaa hir'isuuf adeemsa hojii ofumaan hojjechuu qindeessaa.	ኢደ-ስራሕ ንምንካይ ኦቶማቲክ ናይ ስራሕ ፍሰት ኣዋድድ።	Deji socodka shaqo otomaatik ah si aad u yaraysid shaqada gacanta.
wiki	wiki.twoFactorAuth	Two-Factor Authentication	ባለ ሁለት-ደረጃ ማረጋገጫ	Mirkaneessa Sadarkaa Lamaa	ክልተ-ደረጃ ምርግጋጽ	Xaqiijinta laba-tallaabo
wiki	wiki.twoFactorAuthDesc	Enable 2FA for enhanced account security.	ለተሻለ የመለያ ደህንነት 2FA ያንቁ።	Nageenya herregaa cimsituuf 2FA dandeesisiisaa.	ንዝማዕበለ ናይ ኣካውንት ድሕነት 2FA ኣብርህ።	Daar 2FA si aad amniga akoonka u xoojiso.
wiki	wiki.dataPrivacy	Data Privacy & Encryption	የዳታ ግላዊነት እና ምስጠራ	Dhuunfummaa fi Iccitii Daataa	ናይ ዳታ ምስጢራውነትን ምስጠራን	Asturnaanta xogta & encrypt-ka
wiki	wiki.dataPrivacyDesc	How Onekof protects your organization data.	Onekof የድርጅትዎን ዳታ እንዴት እንደሚጠብቅ።	Onekof daataa dhaabbata keessanii akkamitti akka eegu.	Onekof ናይ ትካልካ ዳታ ከመይ ከም ዝሕሉ።	Sida Onekof ay u ilaaliso xogta hay'addaada.
wiki	wiki.orgSettings	Organization Settings	የድርጅት ቅንብሮች	Qindaa'ina Dhaabbataa	ናይ ትካል ቅጥዒታት	Dejinta hay'adda
wiki	wiki.orgSettingsDesc	Manage your organization name, plan, and preferences.	የድርጅትዎን ስም፣ ዕቅድ እና ምርጫዎች ያስተዳድሩ።	Maqaa dhaabbataa, karoora fi filannoo keessan bulchaa.	ናይ ትካልካ ስም፣ ውጥንን ምርጫታትን ኣመሓድር።	Maamul magaca hay'addaada, qorshaha, iyo doorashooyinka.
wiki	wiki.billingSubscription	Billing & Subscription	ክፍያ እና ደንበኝነት	Kaffaltii fi Maallaqa	ክፍሊትን ምዝገባን	Biilasha & isdiiwaangelinta
wiki	wiki.billingSubscriptionDesc	View your plan, manage billing, and upgrade.	ዕቅድዎን ይመልከቱ፣ ክፍያን ያስተዳድሩ እና ያሻሽሉ።	Karoora keessan ilaalaa, kaffaltii bulchaa, ol guddiisaa.	ውጥንካ ርአ፣ ክፍሊት ኣመሓድርን ኣዕብይን።	Arag qorshahaaga, maamul biilasha, iyo kor u qaad.
wiki	wiki.searchWiki	Search wiki...	ዊኪ ይፈልጉ...	Wiikii barbaadi...	ዊኪ ድለዩ...	Wiki raadi...
wiki	wiki.newPage	New Page	አዲስ ገጽ	Fuula Haaraa	ሓድሽ ገጽ	Bog Cusub
wiki	wiki.pageInformation	Page Information	የገጽ መረጃ	Odeeffannoo Fuulaa	ሓበሬታ ገጽ	Macluumaadka Bogga
calendar	calendar.title	Calendar	ቀን መቁጠሪያ	Kaaleendarii	ዓውደ-ኣዋርሕ	Kalandar
calendar	calendar.createEvent	Create Event	ክስተት ፍጠር	Taatee Uumi	ፍጻመ ፍጠር	Munaasabad samee
calendar	calendar.eventTitle	Event title	የክስተት ርዕስ	Mata-duree taatee	ናይ ፍጻመ ኣርእስቲ	Cinwaanka munaasabadda
calendar	calendar.assigneePlaceholder	Assignee	ተመዳቢ	Itti Ramadamaa	ተመዳቢ	Qofka loo xilsaaray
calendar	calendar.start	Start	መጀመሪያ	Jalqaba	ምጅማር	Bilow
calendar	calendar.due	Due	የመጨረሻ	Xumura	ናይ ምውዳእ	Dhammaad
calendar	calendar.addDetails	Add details about this event...	ስለዚህ ክስተት ዝርዝር ያክሉ...	Waa'ee taatee kanaa bal'inaan ibsi...	ብዛዕባ እዚ ፍጻመ ዝርዝር ወስኽ...	Faahfaahin ku dar munaasabaddan...
calendar	calendar.tagsPlaceholder	meeting, urgent, planning (comma-separated)	ስብሰባ፣ አስቸኳይ፣ ዕቅድ (በኮማ የተለዩ)	wal'aansoo, ariifataa, karoorsuu (qoodduu-komaatiin)	ኣኼባ፣ ህጹጽ፣ ውጥን (ብኮማ ዝተፈላለዩ)	shir, degdeg, qorshayn (kala-sooc ah)
calendar	calendar.reminder	Reminder	ማስታወሻ	Yaadachiisa	መዘኻኸሪ	Xusuusin
calendar	calendar.noReminder	No reminder	ማስታወሻ የለም	Yaadachiisni hin jiru	መዘኻኸሪ የለን	Xusuusin ma jirto
calendar	calendar.minutes15Before	15 minutes before	15 ደቂቃ ቀደም ብሎ	Daqiiqaa 15 dura	ቅድሚ 15 ደቓይቕ	15 daqiiqo ka hor
calendar	calendar.hour1Before	1 hour before	1 ሰዓት ቀደም ብሎ	Sa'aatii 1 dura	ቅድሚ 1 ሰዓት	1 saacad ka hor
calendar	calendar.day1Before	1 day before	1 ቀን ቀደም ብሎ	Guyyaa 1 dura	ቅድሚ 1 መዓልቲ	1 maalin ka hor
calendar	calendar.dailyAt9	Daily at 9 AM	በየቀኑ 9 AM	Guyyaa guyyaan sa'aatii 9tti	መዓልታዊ ኣብ 9 ንግሆ	Maalinle 9 subaxnimo
tasks	tasks.editTask	Edit Task	ተግባር አርትዕ	Hojii Gulaali	ተግባር ኣርትዕ	Hawsha wax ka bedel
tasks	tasks.deleteTask	Delete task	ተግባር ሰርዝ	Hojii haqi	ተግባር ደምስስ	Hawsha tirtir
tasks	tasks.addDescription	Add a description...	ገለጻ ያክሉ...	Ibsa dabali...	መግለጺ ወስኽ...	Sharaxaad ku dar...
tasks	tasks.enterTags	Enter tags separated by commas	መለያዎችን በኮማ ለይተው ያስገቡ	Mallattoolee qoodduu-komaatiin gargar bahan galchi	መለለዪታት ብኮማ ዝተፈላለዩ ኣእቱ	Summadaha ku qor oo kala-sooc ah
tasks	tasks.noTags	No tags	መለያ የለም	Mallattoon hin jiru	መለለዪ የለን	Summad ma jirto
tasks	tasks.saveChanges	Save Changes	ለውጦችን አስቀምጥ	Jijjiirama Olchi	ለውጥታት ኣቐምጥ	Isbeddelada kaydi
admin	admin.title	Onekof Admin	Onekof አስተዳዳሪ	Onekof Bulchaa	Onekof ኣመሓዳሪ	Maamulka Onekof
admin	admin.platformConsole	Platform Management Console	የመድረክ አስተዳደር ኮንሶል	Konsolii Bulchiinsa Waltajjii	ናይ ፕላትፎርም ኣመሓዳድራ ኮንሶል	Konsoolka maaraynta barnaamijka
admin	admin.username	Username	የተጠቃሚ ስም	Maqaa Fayyadamaa	ናይ ተጠቃሚ ስም	Magaca isticmaalaha
admin	admin.usernamePlaceholder	Admin username	የአስተዳዳሪ ተጠቃሚ ስም	Maqaa fayyadamaa bulchaa	ናይ ኣመሓዳሪ ተጠቃሚ ስም	Magaca maamulaha
admin	admin.passwordPlaceholder	Admin password	የአስተዳዳሪ የይለፍ ቃል	Jecha darbii bulchaa	ናይ ኣመሓዳሪ ቃለ-ምስጢር	Furaha sirta maamulaha
admin	admin.signInToAdmin	Sign in to Admin	ወደ አስተዳዳሪ ግባ	Gara Bulchaatti Seeni	ናብ ኣመሓዳሪ እቶ	Maamulka soo gal
admin	admin.restrictedArea	This is a restricted area. Unauthorized access is prohibited.	ይህ የተገደበ ቦታ ነው። ያልተፈቀደ ሥራ የተከለከለ ነው።	Kun naannoo daangeffamedha. Hayyama malee seenuun dhorkadha.	ውሱን ቦታ እዩ። ፍቓድ ዘይብሉ ምብጻሕ ክልኩል እዩ።	Tani waa aag la xaddidday. Marin aan la oggolayn waa laga mamnuucay.
admin	admin.organizations	Organizations	ድርጅቶች	Dhaabbileen	ትካላት	Hay'adaha
admin	admin.manageOrganizations	Manage all organizations on the platform	በመድረኩ ላይ ያሉ ሁሉንም ድርጅቶች ያስተዳድሩ	Dhaabbilee waltajjii irraa hundaa bulchi	ኣብ ፕላትፎርም ዘለዉ ኩሎም ትካላት ኣመሓድር	Maamul dhammaan hay'adaha barnaamijka
admin	admin.totalOrgs	Total Orgs	ጠቅላላ ድርጅቶች	Dhaabbileen Waliigalaa	ጠቕላላ ትካላት	Wadarta hay'adaha
admin	admin.activeThisPage	Active (this page)	ንቁ (ይህ ገጽ)	Hojii Irra (fuula kana)	ንጡፋት (ኣብዚ ገጽ)	Firfircoon (boggan)
admin	admin.membersThisPage	Members (this page)	አባላት (ይህ ገጽ)	Miseensota (fuula kana)	ኣባላት (ኣብዚ ገጽ)	Xubnaha (boggan)
admin	admin.projectsThisPage	Projects (this page)	ፕሮጀክቶች (ይህ ገጽ)	Pirojektota (fuula kana)	ፕሮጀክትታት (ኣብዚ ገጽ)	Mashruucyada (boggan)
admin	admin.searchByNameSlug	Search by name or slug...	በስም ወይም slug ፈልግ...	Maqaa ykn slug-dhaan barbaadi...	ብስም ወይ slug ድለ...	Ku raadi magaca ama slug-ga...
admin	admin.allStatus	All Status	ሁሉም ሁኔታ	Haala Hundaa	ኩሉ ኩነታ	Xaaladda oo dhan
admin	admin.allPlans	All Plans	ሁሉም ዕቅዶች	Karoora Hundaa	ኩሎም ውጥናት	Qorshayaasha oo dhan
admin	admin.loadingOrganizations	Loading organizations...	ድርጅቶችን በመጫን ላይ...	Dhaabbileen fe'aa jiru...	ትካላት ይጸዓኑ ኣለዉ...	Hay'adaha waa la soo rarayaa...
admin	admin.noOrganizationsFound	No organizations found	ድርጅት አልተገኘም	Dhaabbatni hin argamne	ትካላት ኣይተረኽበን	Hay'ad lama helin
admin	admin.tryAdjustingFilters	Try adjusting your filters	ማጣሪያዎችዎን ያስተካክሉ	Calaloo keessan sirreessuu yaalaa	ጸሪኻ ቀይር	Shaandhayaashaada wax ka bedel
admin	admin.orgsWillAppear	Organizations will appear here as users sign up	ተጠቃሚዎች ሲመዘገቡ ድርጅቶች እዚህ ይታያሉ	Fayyadamtoonni yeroo galmaa'an dhaabbilee asitti mul'atu	ተጠቀምቲ ምስ ተመዝገቡ ትካላት ኣብዚ ይረኣዩ	Hay'adaha halkan ayay ka muuqan doonaan marka isticmaaleyaashu isdiiwaangeliyaan
admin	admin.organization	Organization	ድርጅት	Dhaabbata	ትካል	Hay'ad
admin	admin.plan	Plan	ዕቅድ	Karoora	ውጥን	Qorshe
admin	admin.actions	Actions	ድርጊቶች	Gocha	ተግባራት	Ficilada
admin	admin.changeStatus	Change Status	ሁኔታ ቀይር	Haala Jijjiiri	ኩነታ ቀይር	Xaaladda bedel
admin	admin.activate	Activate	አንቃ	Hojii Irra Oolchi	ኣንቅሕ	Firfircoonee
admin	admin.suspend	Suspend	አግድ	Dhaabi	ደው ኣብል	Hakee
admin	admin.changePlan	Change Plan	ዕቅድ ቀይር	Karoora Jijjiiri	ውጥን ቀይር	Qorshaha bedel
admin	admin.viewDashboard	View Dashboard	ዳሽቦርድ ይመልከቱ	Daashboordii Ilaali	ዳሽቦርድ ርአ	Dashboorkka arag
admin	admin.pageOf	Page {page} of {totalPages}	ገጽ {page} ከ{totalPages}	Fuula {page} keessaa {totalPages}	ገጽ {page} ካብ {totalPages}	Bogga {page} ee {totalPages}
admin	admin.showingOf	Showing {start}–{end} of {total}	{start}–{end} ከ{total} ይታያል	{start}–{end} keessaa {total} mul'isaa jira	{start}–{end} ካብ {total} ይርአ	Waxaa muuqda {start}–{end} ee {total}
admin	admin.users	Users	ተጠቃሚዎች	Fayyadamtoota	ተጠቀምቲ	Isticmaaleyaasha
admin	admin.manageUsers	Manage all users across the platform	በመድረኩ ላይ ያሉ ሁሉንም ተጠቃሚዎች ያስተዳድሩ	Fayyadamtoota waltajjii irraa hundaa bulchi	ኣብ ፕላትፎርም ዘለዉ ኩሎም ተጠቀምቲ ኣመሓድር	Maamul dhammaan isticmaaleyaasha barnaamijka
admin	admin.totalUsers	Total Users	ጠቅላላ ተጠቃሚዎች	Fayyadamtoota Waliigalaa	ጠቕላላ ተጠቀምቲ	Wadarta isticmaaleyaasha
admin	admin.withOrgs	With Orgs (this page)	ከድርጅት ጋር (ይህ ገጽ)	Dhaabbata Waliin (fuula kana)	ምስ ትካል (ኣብዚ ገጽ)	Hay'ad leh (boggan)
admin	admin.lockedThisPage	Locked (this page)	የተቆለፉ (ይህ ገጽ)	Cufame (fuula kana)	ዝተዓጽዉ (ኣብዚ ገጽ)	La xidhay (boggan)
admin	admin.totalPages	Total Pages	ጠቅላላ ገጾች	Fuulota Waliigalaa	ጠቕላላ ገጻት	Wadarta bogagga
admin	admin.searchByNameEmail	Search by name or email...	በስም ወይም ኢሜይል ፈልግ...	Maqaa ykn imeeliidhaan barbaadi...	ብስም ወይ ኢመይል ድለ...	Ku raadi magaca ama iimeylka...
admin	admin.loadingUsers	Loading users...	ተጠቃሚዎችን በመጫን ላይ...	Fayyadamtoota fe'aa jira...	ተጠቀምቲ ይጸዓኑ ኣለዉ...	Isticmaaleyaasha waa la soo rarayaa...
admin	admin.noUsersFound	No users found	ተጠቃሚ አልተገኘም	Fayyadamaan hin argamne	ተጠቀምቲ ኣይተረኽበን	Isticmaale lama helin
admin	admin.tryAdjustingSearch	Try adjusting your search	ፍለጋዎን ያስተካክሉ	Barbaachaa keessan sirreessuu yaalaa	ድልየትካ ቀይር	Raadintaada wax ka bedel
admin	admin.usersWillAppear	Users will appear here as they sign up	ተጠቃሚዎች ሲመዘገቡ እዚህ ይታያሉ	Fayyadamtoonni yeroo galmaa'an asitti mul'atu	ተጠቀምቲ ምስ ተመዝገቡ ኣብዚ ይረኣዩ	Isticmaaleyaasha halkan ayay ka muuqan doonaan marka ay isdiiwaangeliyaan
admin	admin.user	User	ተጠቃሚ	Fayyadamaa	ተጠቃሚ	Isticmaale
admin	admin.joined	Joined	የተቀላቀለ	Makame	ዝተጸንበረ	Ku biiray
admin	admin.noName	No name	ስም የለም	Maqaa hin qabu	ስም የለን	Magac ma jiro
admin	admin.noOrganizations	No organizations	ድርጅት የለም	Dhaabbata hin qabu	ትካላት የለን	Hay'ad ma jirto
admin	admin.viewOnly	View only	ማየት ብቻ	Ilaaluu qofa	ምርኣይ ጥራይ	Daawasho kaliya
admin	admin.locked	LOCKED	ተቆልፏል	CUFAME	ተዓጽዩ	LA XIDHAY
admin	admin.failedAttempts	{count} failed	{count} ያልተሳካ	{count} dogoggore	{count} ዘይሰለጠ	{count} guul-darro
admin	admin.unlockAccount	Unlock Account	መለያ ክፈት	Herrega Bani	ኣካውንት ክፈት	Akoonka fur
admin	admin.lockAccount	Lock Account	መለያ ቆልፍ	Herrega Cufi	ኣካውንት ዕጸው	Akoonka xidh
admin	admin.adminTeam	Admin Team	የአስተዳዳሪ ቡድን	Garee Bulchaa	ናይ ኣመሓዳሪ ጋንታ	Kooxda maamulka
admin	admin.manageAdminAccess	Manage who has access to the admin dashboard	ወደ አስተዳዳሪ ዳሽቦርድ ማን እንደሚደርስ ያስተዳድሩ	Eenyutu daashboordii bulchaa akka qaqqabu bulchi	ናብ ኣመሓዳሪ ዳሽቦርድ ምብጻሕ ዘለዎም ኣመሓድር	Maamul cidda marin u leh dashboorkka maamulka
admin	admin.memberCount	{count} member	{count} አባል	Miseensa {count}	{count} ኣባል	{count} xubin
admin	admin.membersCount	{count} members	{count} አባላት	Miseensota {count}	{count} ኣባላት	{count} xubnaha
admin	admin.ownerRole	Owner	ባለቤት	Abbaa Qabeenyaa	ዋና	Milkiilaha
admin	admin.ownerRoleDesc	Full access — manage admins, orgs, users, and system settings	ሙሉ ፈቃድ — አስተዳዳሪዎችን፣ ድርጅቶችን፣ ተጠቃሚዎችን እና የስርዓት ቅንብሮችን ያስተዳድሩ	Qaqqabii guutuu — bulchitoota, dhaabbileen, fayyadamtoota fi qindaa'ina sirnaa bulchi	ምሉእ ምብጻሕ — ኣመሓደርቲ፣ ትካላት፣ ተጠቀምቲን ናይ ስርዓት ቅጥዒታትን ኣመሓድር	Marin buuxda — maamul maamulayaasha, hay'adaha, isticmaaleyaasha, iyo dejinta nidaamka
admin	admin.adminRole	Admin	አስተዳዳሪ	Bulchaa	ኣመሓዳሪ	Maamulaha
admin	admin.adminRoleDesc	Can manage organizations and users, but cannot manage admin team	ድርጅቶችን እና ተጠቃሚዎችን ማስተዳደር ይችላሉ፣ ግን የአስተዳዳሪ ቡድንን ማስተዳደር አይችሉም	Dhaabbilee fi fayyadamtoota bulchuu danda'a, garuu garee bulchaa bulchuu hin danda'u	ትካላትን ተጠቀምቲን ከኣመሓድር ይኽእል፣ ግን ናይ ኣመሓዳሪ ጋንታ ምኣመሓዳር ኣይክእልን	Wuu maamuli karaa hay'adaha iyo isticmaaleyaasha, laakiin kama maamuli karo kooxda maamulka
admin	admin.viewerRole	Viewer	ተመልካች	Ilaalaa	ተዓዛቢ	Daawade
admin	admin.viewerRoleDesc	Read-only access to dashboard, organizations, and user data	ዳሽቦርድ፣ ድርጅቶች እና የተጠቃሚ ዳታ የማንበብ ብቻ ፈቃድ	Qaqqabii dubbisuu qofa daashboordii, dhaabbileen fi daataa fayyadamtootaaf	ንዳሽቦርድ፣ ትካላትን ናይ ተጠቃሚ ዳታን ምንባብ ጥራይ	Marin akhriska kaliya oo ah dashboorkka, hay'adaha, iyo xogta isticmaaleyaasha
admin	admin.currentTeamMembers	Current Team Members	የአሁኑ የቡድን አባላት	Miseensota Garee Ammaa	ሕጂ ዘለዉ ኣባላት ጋንታ	Xubnaha kooxda hadda
admin	admin.loadingTeam	Loading team...	ቡድን በመጫን ላይ...	Garee fe'aa jira...	ጋንታ ይጸዓን ኣሎ...	Kooxda waa la soo rarayaa...
admin	admin.noAdminUsers	No admin users configured	የአስተዳዳሪ ተጠቃሚ አልተዋቀረም	Fayyadamaan bulchaa hin qindaa'in	ናይ ኣመሓዳሪ ተጠቀምቲ ኣይተዋደዱን	Isticmaaleyaal maamul ah lama habeyn
admin	admin.addAdminUsersDesc	Add admin users via the ADMIN_USERS environment variable	በ ADMIN_USERS የአካባቢ ተለዋዋጭ በኩል የአስተዳዳሪ ተጠቃሚዎችን ያክሉ	Fayyadamtoota bulchaa jijjiiramaa naannoo ADMIN_USERS fayyadamuun dabalaa	ብ ADMIN_USERS ናይ ኣከባቢ ተቐያራይ ናይ ኣመሓዳሪ ተጠቀምቲ ወስኽ	Ku dar isticmaaleyaal maamul ah iyada oo loo marayo ADMIN_USERS ee deegaanka
admin	admin.howToAddAdmins	How to add or remove admin users	የአስተዳዳሪ ተጠቃሚዎችን እንዴት ማከል ወይም ማስወገድ እንደሚቻል	Fayyadamtoota bulchaa akkamitti dabaltu ykn haqxu	ናይ ኣመሓዳሪ ተጠቀምቲ ከመይ ከም ትውስኽ ወይ ትኣልግስ	Sida loo ku daro ama looga saaro maamulayaasha
admin	admin.adminUsersExplanation	Admin users are managed via the ADMIN_USERS environment variable in Vercel. Update the JSON array to add, remove, or change roles, then redeploy.	የአስተዳዳሪ ተጠቃሚዎች በ Vercel ውስጥ ባለው ADMIN_USERS የአካባቢ ተለዋዋጭ ይመራሉ። ለማከል፣ ለማስወገድ ወይም ሚናዎችን ለመቀየር JSON ድርድሩን ያዘምኑ፣ ከዚያ እንደገና ያሰማሩ።	Fayyadamtoonni bulchaa jijjiiramaa naannoo ADMIN_USERS Vercel keessatti bulchamu. Dabaluuf, haquuf ykn gahee jijjiiruuf JSON array haaromsaa, sana booda irra deebi'ii fe'i.	ናይ ኣመሓዳሪ ተጠቀምቲ ብ ADMIN_USERS ናይ ኣከባቢ ተቐያራይ ኣብ Vercel ይኣመሓደሩ። ንምውሳኽ፣ ምእላግ ወይ ተራ ምቕያር JSON ዝርዝር ኣሐድስ ድሕሪኡ ዳግማይ ኣስፍር።	Isticmaaleyaasha maamulka waxaa lagu maamulaa iyada oo loo marayo ADMIN_USERS ee deegaanka Vercel. Cusbooneysii shaxanka JSON si aad u ku darto, u ka saarto, ama u beddesho doorarka, ka dibna dib u geesin.
admin	admin.exampleValue	Example ADMIN_USERS value	ምሳሌ ADMIN_USERS ዋጋ	Fakkeenya gatii ADMIN_USERS	ኣብነት ADMIN_USERS ዋጋ	Tusaalaha ADMIN_USERS ee qiimaha
admin	admin.steps	Steps:	ደረጃዎች:	Tarkaanfiiwwan:	ስጉምትታት:	Tillaabooyinka:
admin	admin.step1	Go to Vercel → Project Settings → Environment Variables	ወደ Vercel → Project Settings → Environment Variables ይሂዱ	Gara Vercel → Qindaa'ina Pirojektii → Jijjiiramoota Naannoo deemaa	ናብ Vercel → ናይ ፕሮጀክት ቅጥዒታት → ናይ ኣከባቢ ተቐየርቲ ኪድ	U tag Vercel → Dejinta Mashruuca → Doorsooyinka Deegaanka
admin	admin.step2	Edit the ADMIN_USERS variable	ADMIN_USERS ተለዋዋጭን ያርትዑ	Jijjiiramaa ADMIN_USERS gulaali	ADMIN_USERS ተቐያራይ ኣርትዕ	Wax ka bedel doorsooyaha ADMIN_USERS
admin	admin.step3	Update the JSON array (add/remove users, change roles)	JSON ድርድሩን ያዘምኑ (ተጠቃሚዎችን ያክሉ/ያስወግዱ፣ ሚናዎችን ይቀይሩ)	JSON array haaromsi (fayyadamtoota dabali/haqi, gahee jijjiiri)	JSON ዝርዝር ኣሐድስ (ተጠቀምቲ ወስኽ/ኣልግስ፣ ተራ ቀይር)	Cusbooneysii shaxanka JSON (ku dar/ka saar isticmaaleyaasha, bedel doorarka)
admin	admin.step4	Use strong, unique passwords for each admin	ለእያንዳንዱ አስተዳዳሪ ጠንካራ፣ ልዩ የይለፍ ቃሎች ይጠቀሙ	Bulchaa hundaaf jecha darbii cimaa fi addaa fayyadami	ንነፍሲ ወከፍ ኣመሓዳሪ ሓያልን ፍሉይን ቃለ-ምስጢር ተጠቐም	Isticmaal furayaal sir ah oo kala duwan maamule kasta
admin	admin.step5	Redeploy for changes to take effect	ለውጦች ተግባራዊ እንዲሆኑ እንደገና ያሰማሩ	Jijjiiramni akka hojjetu irra deebi'ii fe'i	ለውጥታት ንኽሰርሑ ዳግማይ ኣስፍር	Dib u geesin si isbeddeladu u shaqeeyaan
admin	admin.systemHealth	System Health	የስርዓት ጤና	Fayyummaa Sirnaa	ናይ ስርዓት ጥዕና	Caafimaadka nidaamka
admin	admin.infraMonitoring	Infrastructure monitoring & status	የመሠረተ ልማት ክትትል እና ሁኔታ	To'annoo fi haala bu'uura misoomaa	ናይ መሰረት ልማዕ ክትትልን ኩነታን	La socodka kaabayaasha & xaaladda
admin	admin.runningChecks	Running health checks...	የጤና ምርመራዎችን በማካሄድ ላይ...	Sakatta'iinsa fayyummaa hojjechaa jira...	ናይ ጥዕና ምርመራ ይካየድ ኣሎ...	Baadhitaanada caafimaadka waa la wadi...
admin	admin.failedToLoadHealth	Failed to load health data	የጤና ዳታ መጫን አልተሳካም	Daataa fayyummaa fe'uu hin dandeenye	ናይ ጥዕና ዳታ ምጽዓን ኣይሰለጠን	Xogta caafimaadka soo dejinta waa la waayay
admin	admin.allSystemsOperational	All Systems Operational	ሁሉም ስርዓቶች ንቁ ናቸው	Sirni Hunduu Hojii Irra Jira	ኩሎም ስርዓታት ይሰርሑ ኣለዉ	Dhammaan nidaamyada way shaqeynayaan
admin	admin.someServicesDegraded	Some Services Degraded	አንዳንድ አገልግሎቶች ዝቅ ብለዋል	Tajaajiloota Tokko Tokko Laaffateera	ገለ ኣገልግሎታት ንድሕሪት ኣለዉ	Adeegyada qaar way yaraadeen
admin	admin.systemIssuesDetected	System Issues Detected	የስርዓት ችግሮች ተገኝተዋል	Rakkoo Sirnaa Argameera	ናይ ስርዓት ጸገማት ተረኺቦም	Dhibaatooyinka nidaamka waa la ogaaday
admin	admin.lastChecked	Last checked: {time}	ለመጨረሻ ጊዜ የተረጋገጠ: {time}	Yeroo dhumaa sakatta'ame: {time}	ናይ መወዳእታ ምርመራ: {time}	Markii ugu dambeysay la hubiyey: {time}
admin	admin.operational	{count} operational	{count} ንቁ	{count} hojii irra	{count} ዝሰርሑ	{count} shaqaynaya
admin	admin.degraded	{count} degraded	{count} ዝቅ ያለ	{count} laaffate	{count} ንድሕሪት	{count} yaraatay
admin	admin.down	{count} down	{count} ያልሰራ	{count} kufe	{count} ዝወደቑ	{count} joogsan
admin	admin.serviceStatus	Service Status	የአገልግሎት ሁኔታ	Haala Tajaajilaa	ናይ ኣገልግሎት ኩነታ	Xaaladda adeegga
admin	admin.checking	Checking...	በማረጋገጥ ላይ...	Sakatta'aa jira...	ይምርመር ኣሎ...	Waa la hubinayaa...
admin	admin.environment	Environment	አካባቢ	Naannoo	ኣከባቢ	Deegaanka
admin	admin.runtime	Runtime	ራንታይም	Runtime	Runtime	Waqtiga shaqaynta
admin	admin.region	Region	ክልል	Naannoo	ዞባ	Gobolka
admin	admin.deployment	Deployment	ማሰማራት	Fe'annoo	ምስፋር	Geesinta
admin	admin.capacityScaling	Capacity & Scaling	አቅም እና ማስፋት	Dandeettii fi Guddisuu	ዓቕምን ምስፍሕፋሕን	Awoodda & kordhinta
admin	admin.concurrentUsers	Concurrent Users	ተመሳሳይ ጊዜ ተጠቃሚዎች	Fayyadamtoota Yeroo Tokkoo	ሓደ ግዜ ዝጥቀሙ ተጠቀምቲ	Isticmaaleyaasha isku mar ah
admin	admin.serverlessTier	Serverless tier dependent	በ Serverless ደረጃ ላይ የተመሠረተ	Sadarkaa serverless irratti hundaa'a	ኣብ Serverless ደረጃ ዝምርኮስ	Ku xidhan heerka serverless-ka
admin	admin.databaseConnections	Database Connections	የዳታቤዝ ግንኙነቶች	Walqunnamtii Kuusdeetaa	ናይ ዳታቤዝ ርክባት	Xiriirka xogta kaydka
admin	admin.sharedPool	Shared pool	የጋራ ገንዳ	Kuusaa hirmaatame	ሓባራዊ ገንዳ	Badh wadaag ah
admin	admin.providerLimit	Provider limit	የአቅራቢ ገደብ	Daangaa dhiyeessaa	ናይ ኣቕራቢ ደረት	Xadka bixiyaha
admin	admin.connectionPooling	Connection pooling recommended for production scale	ለምርት ልኬት የግንኙነት ገንዳ ይመከራል	Guddina oomishaaf walqunnamtii kuusuu ni gorsama	ን production ደረጃ connection pooling ይምከር	Badhi xiriirka waxaa lagu talinayaa wax soo saaridda weyn
admin	admin.staticPages	Static Pages	ቋሚ ገጾች	Fuulota Dhaabbataa	ስታቲክ ገጻት	Bogagga joogtada ah
admin	admin.cdnServed	CDN-served globally	CDN-በዓለም አቀፍ ደረጃ የሚቀርብ	CDN-dhaan addunyaa guutuutti dhiyaata	ብCDN ኣብ ዓለም ይቐርብ	CDN lagu qaybinayo caalamka oo dhan
admin	admin.preRendered	Pre-rendered and cached — excellent performance	አስቀድሞ የተቀረጸ እና ተሸጎጠ — እጅግ ጥሩ አፈጻጸም	Duraan ijaaramee kuufame — raawwii gaarii	ቅድሚ ዝተሰርሐን ዝተኸዘነን — ብሉጽ ብቕዓት	Hore loo diyaariyey oo la kaydiyey — waxqabad wanaagsan
admin	admin.architectureStack	Architecture Stack	የሥነ ሕንጻ ቁልል	Tarree Ijaarsa	ናይ ኣርክቴክቸር ስታክ	Dhismaha teknoolajiyada
admin	admin.framework	Framework	ፍሬምወርክ	Framework	ፍረምዎርክ	Framework
admin	admin.database	Database	ዳታቤዝ	Kuusdeetaa	ዳታቤዝ	Xogta kaydka
admin	admin.authSystem	Auth	ማረጋገጫ	Mirkaneessa	ምርግጋጽ	Aqoonsiga
admin	admin.hosting	Hosting	ማስተናገጃ	Keessummeessaa	ኣስተናግዶ	Martigelinta
admin	admin.styling	Styling	ቅጥ	Faaya	ቅዲ	Qaab-dhijinta
admin	admin.state	State	ሁኔታ	Haala	ኩነታ	Xaaladda
departments	departments.development	Development	ልማት	Misoomaa	ምዕባለ	Horumarinta
departments	departments.developmentDesc	Track development tasks, backlog, and releases	የልማት ተግባራትን፣ ባክሎግን እና ልቀቶችን ይከታተሉ	Hojii misoomaa, tarree eeggataa fi gadhiisota hordofi	ናይ ምዕባለ ተግባራት፣ ባክሎግን ምልቃቓትን ተኸታተል	Raadraac hawlaha horumarinta, shaqada sugaysa, iyo sii daynta
departments	departments.marketing	Marketing	ግብይት	Gabaa	ዕዳጋ	Suuq-geynta
departments	departments.marketingDesc	Manage marketing campaigns, social media, and analytics	የግብይት ዘመቻዎችን፣ ማህበራዊ ሚዲያን እና ትንታኔን ያስተዳድሩ	Duulaawwan gabaa, miidiyaa hawaasaa fi xiinxala bulchi	ናይ ዕዳጋ ዘመተታት፣ ማሕበራዊ ሚድያን ትንተናን ኣመሓድር	Maamul ololaha suuq-geynta, baraha bulshada, iyo falanqaynta
departments	departments.operations	Operations	ተግባራት	Hojimaata	ስርሒታት	Hawlgallada
departments	departments.operationsDesc	Monitor operations, manage incidents, and track maintenance checklists	ተግባራትን ይከታተሉ፣ ክስተቶችን ያስተዳድሩ እና ቼክሊስቶችን ይቆጣጠሩ	Hojimaata to'adhaa, mudannoowwan bulchaa fi tarree eeggumsaa hordofi	ስርሒታት ተኸታተል፣ ፍጻመታት ኣመሓድርን ናይ ጽገና ዝርዝር ክትትልን	La soco hawlgallada, maamul dhacdooyinka, iyo raadraac liisaska hubinta dayactirka
departments	departments.research	Research	ምርምር	Qorannoo	ምርምር	Cilmi baadhis
departments	departments.researchDesc	Manage research projects, data collection, and findings	የምርምር ፕሮጀክቶችን፣ ዳታ ሰብሰባን እና ግኝቶችን ያስተዳድሩ	Pirojektota qorannoo, sassaabbii daataa fi argannoo bulchi	ናይ ምርምር ፕሮጀክትታት፣ ዳታ ምእካብን ረኽቦታትን ኣመሓድር	Maamul mashruucyada cilmi baadhista, ururinta xogta, iyo natiijooyinka
departments	departments.backlogDesc	Manage and prioritize the development backlog	የልማት ባክሎግን ያስተዳድሩ እና ቅድሚያ ይስጡ	Tarree eeggataa misoomaa bulchii dursa kenni	ናይ ምዕባለ ባክሎግ ኣመሓድርን ቀዳምነት ሃብን	Maamul oo mudnaanta sii shaqada horumarinta sugaysa
departments	departments.releasesDesc	Track and plan software releases and deployments	የሶፍትዌር ልቀቶችን እና ማሰማራቶችን ይከታተሉ እና ያቅዱ	Gadhiisota fi fe'annoota sooftiweerii hordofii karoorsii	ናይ ሶፍትዌር ምልቃቓትን ምስፋርን ተኸታተልን ውጥንን	Raadraac oo qorshee sii daynta software-ka iyo geesinta
departments	departments.codeReviewDesc	Manage code reviews and pull requests	የኮድ ግምገማዎችን እና pull requests ያስተዳድሩ	Gamaaggama koodii fi pull request bulchi	ናይ ኮድ ግምገማታትን ፑል ሪኩዌስታትን ኣመሓድር	Maamul dib u eegista koodhka iyo pull request-yada
departments	departments.socialMediaDesc	Plan and schedule social media content	የማህበራዊ ሚዲያ ይዘት ያቅዱ እና ያዘጋጁ	Qabiyyee miidiyaa hawaasaa karoorsi sagantaa baasi	ናይ ማሕበራዊ ሚድያ ትሕዝቶ ውጥንን መደብን	Qorshee oo jadwee qoraalka baraha bulshada
departments	departments.analyticsDesc	Track marketing metrics and performance	የግብይት ልኬቶችን እና አፈጻጸምን ይከታተሉ	Safartuu gabaa fi raawwii hordofi	ናይ ዕዳጋ መለክዒታትን ብቕዓትን ተኸታተል	Raadraac cabbirrada suuq-geynta iyo waxqabadka
departments	departments.campaignsDesc	Plan and manage marketing campaigns	የግብይት ዘመቻዎችን ያቅዱ እና ያስተዳድሩ	Duulaawwan gabaa karoorsi bulchi	ናይ ዕዳጋ ዘመተታት ውጥንን ኣመሓድርን	Qorshee iyo maamul ololaha suuq-geynta
departments	departments.incidentsDesc	Track and resolve operational incidents	የተግባር ክስተቶችን ይከታተሉ እና ይፍቱ	Mudannoowwan hojimaataa hordofi furmaata kenni	ስርሒታዊ ፍጻመታት ተኸታተልን ፍታሕን	Raadraac iyo xallinta dhacdooyinka hawlgalka
departments	departments.monitoringDesc	Monitor system health and performance metrics	የስርዓት ጤና እና አፈጻጸም ልኬቶችን ይከታተሉ	Fayyummaa sirnaa fi safartuu raawwii hordofi	ናይ ስርዓት ጥዕናን ብቕዓት መለክዒታትን ተኸታተል	La soco caafimaadka nidaamka iyo cabbirrada waxqabadka
departments	departments.checklistsDesc	Manage operational checklists and procedures	የተግባር ቼክሊስቶችን እና ሂደቶችን ያስተዳድሩ	Tarree sakatta'iinsaa fi adeemsa hojimaataa bulchi	ስርሒታዊ ዝርዝራትን ኣገባባትን ኣመሓድር	Maamul liisaska hubinta iyo habraacyada hawlgalka
departments	departments.dataDesc	Collect and manage research data for feasibility studies	ለአመቺነት ጥናቶች የምርምር ዳታ ይሰብስቡ እና ያስተዳድሩ	Qorannoo qulqullinaa fi daataa qorannoo sassaabii bulchi	ንናይ ኣድማዕነት ጽንዓት ምርምር ዳታ ኣክብን ኣመሓድርን	Uruuri oo maamul xogta cilmi baadhista ee daraasaadka macquulnimada
departments	departments.findingsDesc	Document research findings and insights	የምርምር ግኝቶችን እና ግንዛቤዎችን ይመዝግቡ	Argannoo fi hubannoo qorannoo galmeessi	ናይ ምርምር ረኽቦታትን ትዕዝብትታትን ሰነድ	Diiwaangeli natiijooyinka cilmi baadhista iyo aragtiyada
departments	departments.plansDesc	Develop and track research plans and methodologies	የምርምር ዕቅዶችን እና ዘዴዎችን ያዘጋጁ እና ይከታተሉ	Karoora fi mala qorannoo misoomsii hordofi	ናይ ምርምር ውጥናትን ኣገባባትን ኣማዕብልን ተኸታተልን	Horumarso oo raadraac qorshayaasha iyo hab-raacyada cilmi baadhista
departments	departments.materialsDesc	Manage research materials and resources	የምርምር ቁሳቁሶችን እና ሀብቶችን ያስተዳድሩ	Meeshaalee fi qabeenya qorannoo bulchi	ናይ ምርምር ኣቑሑትን ጸጋታትን ኣመሓድር	Maamul agabka iyo kheyraadka cilmi baadhista
departments	departments.inspectionsDesc	Schedule and track site inspections and surveys	የቦታ ምርመራዎችን እና ዳሰሳዎችን ያቅዱ እና ይከታተሉ	Sakatta'iinsa fi sarvee iddoo sagantaa baasii hordofi	ናይ ቦታ ምርመራታትን ዳህሳስን መደብን ተኸታተልን	Qorshee iyo raadraac kormeernada goobaha iyo sahanka
operationsPage	operationsPage.title	Operations	ተግባራት	Hojimaata	ስርሒታት	Hawlgallada
operationsPage	operationsPage.description	Monitor operations, manage incidents, and track maintenance checklists	ተግባራትን ይከታተሉ፣ ክስተቶችን ያስተዳድሩ እና ቼክሊስቶችን ይቆጣጠሩ	Hojimaata to'adhaa, mudannoowwan bulchaa fi tarree eeggumsaa hordofi	ስርሒታት ተኸታተል፣ ፍጻመታት ኣመሓድርን ናይ ጽገና ዝርዝር ክትትልን	La soco hawlgallada, maamul dhacdooyinka, iyo raadraac liisaska hubinta dayactirka
researchPage	researchPage.title	Research	ምርምር	Qorannoo	ምርምር	Cilmi baadhis
researchPage	researchPage.description	Manage research projects, data collection, and findings	የምርምር ፕሮጀክቶችን፣ ዳታ ሰብሰባን እና ግኝቶችን ያስተዳድሩ	Pirojektota qorannoo, sassaabbii daataa fi argannoo bulchi	ናይ ምርምር ፕሮጀክትታት፣ ዳታ ምእካብን ረኽቦታትን ኣመሓድር	Maamul mashruucyada cilmi baadhista, ururinta xogta, iyo natiijooyinka
medicalPage	medicalPage.title	Medical Services	የሕክምና አገልግሎቶች	Tajaajila Yaalaa	ናይ ሕክምና ኣገልግሎታት	Adeegyada caafimaadka
medicalPage	medicalPage.description	Manage medical services, equipment, and patient care	የሕክምና አገልግሎቶችን፣ መሣሪያዎችን እና የታካሚ ክብካቤን ያስተዳድሩ	Tajaajila yaalaa, meeshaalee fi kunuunsa dhukkubsattootaa bulchi	ናይ ሕክምና ኣገልግሎታት፣ መሳርሒታትን ክንክን ሕሙማትን ኣመሓድር	Maamul adeegyada caafimaadka, qalabka, iyo daryeelka bukaanadda
timeline	timeline.title	Timeline	የጊዜ ሰሌዳ	Sarara Yeroo	ናይ ግዜ ሰሌዳ	Jadwalka waqtiga
timeline	timeline.projectTimeline	Project Timeline	የፕሮጀክት የጊዜ ሰሌዳ	Sarara Yeroo Pirojektii	ናይ ፕሮጀክት ናይ ግዜ ሰሌዳ	Jadwalka waqtiga mashruuca
timeline	timeline.comingSoonDesc	Timeline view is coming soon. You will be able to see project phases, track progress, and manage dependencies visually.	የጊዜ ሰሌዳ እይታ በቅርቡ ይመጣል። የፕሮጀክት ደረጃዎችን ማየት፣ ሂደትን መከታተል እና ጥገኝነቶችን በእይታ ማስተዳደር ይችላሉ።	Ilaalchi sarara yeroo dhiyootti ni dhufa. Marsaalee pirojektii ilaaluu, adeemsa hordofuu fi hariiroo ijaan bulchuu dandeessu.	ናይ ግዜ ሰሌዳ ትርኢት ኣብ ቀረባ ይመጽእ። ናይ ፕሮጀክት ደረጃታት ምርኣይ፣ ምዕባለ ምክትታልን ትስስራት ብዓይኒ ምኣመሓዳርን ክትክእል ኢኻ።	Aragtida jadwalka waqtigu waa iman doontaa dhowaan. Waxaad awoodi doontaa inaad aragto marxaladaha mashruuca, raadraacdo horumarka, iyo si muuqaal ah u maamusho ku-xidhnaaashaha.
automation	automation.whenCreated	When item is created	ዕቃ ሲፈጠር	Yeroo wanti uumamu	ኣቑሕ ክፍጠር ከሎ	Marka la sameeyo
automation	automation.whenStatusChanges	When status changes	ሁኔታ ሲቀየር	Yeroo haalli jijjiiramu	ኩነታ ክቕየር ከሎ	Marka xaaladdu is beddesho
automation	automation.whenAssigned	When assigned	ሲመደብ	Yeroo ramadamu	ክምደብ ከሎ	Marka la xilsaaro
automation	automation.whenDueDateApproaches	When due date approaches	የመጨረሻ ቀን ሲቃረብ	Yeroo guyyaan xumuraa dhiyaatu	ናይ ምውዳእ ዕለት ክቐርብ ከሎ	Marka taariikhda dhammaadku soo dhowaato
automation	automation.whenDueDatePasses	When due date passes	የመጨረሻ ቀን ሲያልፍ	Yeroo guyyaan xumuraa darbu	ናይ ምውዳእ ዕለት ክሓልፍ ከሎ	Marka taariikhda dhammaadku dhaafto
automation	automation.whenBudgetThreshold	When budget threshold reached	የበጀት ገደብ ሲደረስ	Yeroo daangaan baajetaa ga'amu	ናይ በጀት ደረት ክበጽሕ ከሎ	Marka xadka miisaaniyada la gaadho
automation	automation.whenCommentedOn	When commented on	አስተያየት ሲሰጥ	Yeroo yaadni irratti dabalamu	ርእይቶ ክወሃብ ከሎ	Marka faallo lagu sameeyo
automation	automation.whenCompleted	When completed	ሲጠናቀቅ	Yeroo xumurame	ክውዳእ ከሎ	Marka la dhammeeyo
automation	automation.whenFieldChanges	When field changes	መስክ ሲቀየር	Yeroo dirreen jijjiiramu	ክፍሊ ክቕየር ከሎ	Marka meelaha is beddelaan
automation	automation.changeStatus	Change status	ሁኔታ ቀይር	Haala jijjiiri	ኩነታ ቀይር	Xaaladda bedel
automation	automation.assignToMember	Assign to member	ለአባል መድብ	Miseensaaf ramadi	ንኣባል ምደብ	U xilsaar xubin
automation	automation.sendNotification	Send notification	ማሳወቂያ ላክ	Beeksisa ergi	ሓበሬታ ስደድ	Ogeysiis dir
automation	automation.sendEmail	Send email	ኢሜይል ላክ	Imeelii ergi	ኢመይል ስደድ	Iimeyl dir
automation	automation.addLabel	Add label	መለያ ጨምር	Mallattoo dabali	መለለዪ ወስኽ	Summad ku dar
automation	automation.setPriority	Set priority	ቅድሚያ ቀይር	Dursa qindeessi	ቀዳምነት ኣቐምጥ	Mudnaanta deji
automation	automation.createSubtask	Create subtask	ንዑስ ተግባር ፍጠር	Hojii gadii uumi	ንኡስ ተግባር ፍጠር	Hawl-hoosaad samee
automation	automation.addComment	Add comment	አስተያየት ጨምር	Yaada dabali	ርእይቶ ወስኽ	Faallo ku dar
automation	automation.trigger	Trigger	ማስነሻ	Kakaasa	ኣበራሪ	Kicin
automation	automation.selectTrigger	Select a trigger...	ማስነሻ ይምረጡ...	Kakaasa fili...	ኣበራሪ ምረጽ...	Kicin dooro...
automation	automation.conditions	Conditions (optional)	ሁኔታዎች (አማራጭ)	Haaloota (filannoo)	ኩነታት (ኣማራጺ)	Shuruudaha (ikhtiyaari)
automation	automation.field	Field	መስክ	Dirree	ክፍሊ	Meelaha
automation	automation.value	Value	ዋጋ	Gatii	ዋጋ	Qiimaha
automation	automation.equals	equals	እኩል ነው	wal qixa	ማዕረ	waa la mid yahay
automation	automation.notEquals	not equals	እኩል አይደለም	wal qixa miti	ማዕረ ዘይኮነ	kama mid aha
automation	automation.contains	contains	ይዟል	of keessaa qaba	ዝሓዘ	waxa ku jira
automation	automation.greaterThan	greater than	ከዚህ ይበልጣል	irra guddaa	ዝዓቢ ካብ	ka weyn
automation	automation.lessThan	less than	ከዚህ ያንሳል	irra xiqqaa	ዝንእስ ካብ	ka yar
automation	automation.isEmpty	is empty	ባዶ ነው	duwwaa dha	ጥራሕ	waa madhan yahay
automation	automation.isNotEmpty	is not empty	ባዶ አይደለም	duwwaa miti	ጥራሕ ዘይኮነ	ma madhnid
automation	automation.addCondition	Add condition	ሁኔታ ጨምር	Haala dabali	ኩነት ወስኽ	Shuruud ku dar
automation	automation.addAction	Add an action...	ድርጊት ያክሉ...	Gocha dabali...	ተግባር ወስኽ...	Ficil ku dar...
automation	automation.saveAutomation	Save Automation	አውቶሜሽን አስቀምጥ	Ofumaan Hojjechuu Olchi	ኦቶመይሽን ኣቐምጥ	Otomaatikga kaydi
commandPalette	commandPalette.actions	Actions	ድርጊቶች	Gocha	ተግባራት	Ficilada
commandPalette	commandPalette.navigation	Navigation	ዳሰሳ	Ce'umsa	ምዝዋር	Marin
commandPalette	commandPalette.recent	Recent	የቅርብ	Dhiyoo	ናይ ቀረባ	Dhowaan
commandPalette	commandPalette.createNewIssue	Create New Issue	አዲስ ጉዳይ ፍጠር	Dhimma Haaraa Uumi	ሓድሽ ጉዳይ ፍጠር	Arrin cusub samee
commandPalette	commandPalette.createNewProject	Create New Project	አዲስ ፕሮጀክት ፍጠር	Pirojektii Haaraa Uumi	ሓድሽ ፕሮጀክት ፍጠር	Mashruuc cusub samee
commandPalette	commandPalette.noResultsFor	No results found for "{query}"	ለ"{query}" ምንም ውጤት አልተገኘም	Bu'aan "{query}" -f hin argamne	ን"{query}" ውጽኢት ኣይተረኽበን	Natiijo lama helin "{query}"
commandPalette	commandPalette.navigate	Navigate	ዳስስ	Ce'i	ዝወር	U gudub
commandPalette	commandPalette.select	Select	ምረጥ	Fili	ምረጽ	Dooro
keyboardShortcuts	keyboardShortcuts.title	Keyboard Shortcuts	የቁልፍ ሰሌዳ ፈጣን መንገዶች	Qaxxaamura Kiiboordi	ናይ ኪቦርድ ቅልጡፋት	Garaacidda furayaasha degdega ah
keyboardShortcuts	keyboardShortcuts.openCommandPalette	Open command palette	የትዕዛዝ ሰሌዳ ክፈት	Paaletii ajajaa bani	ናይ ትእዛዝ ፓለት ክፈት	Fur sanduuqa amarada
keyboardShortcuts	keyboardShortcuts.showShortcuts	Show keyboard shortcuts	የቁልፍ ሰሌዳ ፈጣን መንገዶችን አሳይ	Qaxxaamura kiiboordi agarsiisi	ናይ ኪቦርድ ቅልጡፋት ኣርኢ	Tus garaacidda furayaasha degdega ah
keyboardShortcuts	keyboardShortcuts.goToHome	Go to Home	ወደ መነሻ ሂድ	Gara Fuula Jalqabaatti deemi	ናብ መበገሲ ኪድ	U tag bogga hore
keyboardShortcuts	keyboardShortcuts.goToProjects	Go to Projects	ወደ ፕሮጀክቶች ሂድ	Gara Pirojektotatti deemi	ናብ ፕሮጀክትታት ኪድ	U tag mashruucyada
keyboardShortcuts	keyboardShortcuts.goToIssues	Go to Issues	ወደ ጉዳዮች ሂድ	Gara Dhimmootatti deemi	ናብ ጉዳያት ኪድ	U tag arrimaha
keyboardShortcuts	keyboardShortcuts.goToBudget	Go to Budget	ወደ በጀት ሂድ	Gara Baajetaatti deemi	ናብ በጀት ኪድ	U tag miisaaniyada
keyboardShortcuts	keyboardShortcuts.goToTeams	Go to Teams	ወደ ቡድኖች ሂድ	Gara Gareeleetti deemi	ናብ ጋንታታት ኪድ	U tag kooxaha
keyboardShortcuts	keyboardShortcuts.goToGoals	Go to Goals	ወደ ግቦች ሂድ	Gara Galmootatti deemi	ናብ ዕላማታት ኪድ	U tag hadafyada
keyboardShortcuts	keyboardShortcuts.createNewIssue	Create new issue	አዲስ ጉዳይ ፍጠር	Dhimma haaraa uumi	ሓድሽ ጉዳይ ፍጠር	Samee arrin cusub
keyboardShortcuts	keyboardShortcuts.newProject	New project	አዲስ ፕሮጀክት	Pirojektii haaraa	ሓድሽ ፕሮጀክት	Mashruuc cusub
keyboardShortcuts	keyboardShortcuts.focusSearch	Focus search	ፍለጋ ላይ አተኩር	Barbaachaa irratti xiyyeeffadhu	ድልየት ኣተኩር	Raadinta diirad saari
keyboardShortcuts	keyboardShortcuts.closeModal	Close modal / cancel	መስኮት ዝጋ / ሰርዝ	Moodaalii cufi / haqi	ሞዳል ዕጸው / ሰርዝ	Xidh daaqadda / ka noqo
keyboardShortcuts	keyboardShortcuts.global	Global	ዓለም አቀፍ	Waliigalaa	ዓለምለኻዊ	Guud
keyboardShortcuts	keyboardShortcuts.actions	Actions	ድርጊቶች	Gocha	ተግባራት	Ficilada
keyboardShortcuts	keyboardShortcuts.pressToToggle	Press ? to toggle this dialog	ይህን መስኮት ለመቀያየር ? ይጫኑ	Haasaa kana banuuf/cufiuf ? cuqaasi	? ጠውቕ ነዚ ዳይኣሎግ ንምቕያር	? ku riix si aad daaqaddan u furtid
activity	activity.loadingTimeline	Loading activity timeline...	የእንቅስቃሴ የጊዜ ሰሌዳ በመጫን ላይ...	Sarara yeroo soochii fe'aa jira...	ናይ ንጥፈት ናይ ግዜ ሰሌዳ ይጸዓን ኣሎ...	Jadwalka dhaqdhaqaaqa waa la soo rarayaa...
activity	activity.failedToLoad	Failed to load activities	እንቅስቃሴዎችን መጫን አልተሳካም	Soochii fe'uu hin dandeenye	ንጥፈታት ምጽዓን ኣይሰለጠን	Dhaqdhaqaaqyada soo dejin la waayay
activity	activity.showAll	Show all activity	ሁሉንም እንቅስቃሴ አሳይ	Soochii hundaa agarsiisi	ኩሉ ንጥፈት ኣርኢ	Dhaqdhaqaaqa oo dhan tus
activity	activity.noActivity	No activity yet	እስካሁን ምንም እንቅስቃሴ የለም	Hanga ammaatti soochiin hin jiru	ክሳብ ሕጂ ንጥፈት የለን	Weli dhaqdhaqaaq ma jiro
activity	activity.noFilteredActivity	No {type} activity yet	እስካሁን {type} እንቅስቃሴ የለም	Hanga ammaatti soochii {type} hin jiru	ክሳብ ሕጂ ናይ {type} ንጥፈት የለን	Weli dhaqdhaqaaq {type} ma jiro
activity	activity.noFilteredActivityDesc	No {type}-related activity has been recorded. Try a different filter.	ምንም {type}-ነክ እንቅስቃሴ አልተመዘገበም። ሌላ ማጣሪያ ይሞክሩ።	Soochiin {type} hanga ammaatti hin galmeeffamne. Calaloo biraa yaalaa.	ናይ {type} ዝተመዝገበ ንጥፈት የለን። ካልእ ጸሪ ፈትን።	Dhaqdhaqaaq {type} ah lama diiwaangelin. Shaandhaye kale isku day.
activity	activity.activityWillAppear	Activity will appear here as team members work on tasks, projects, and goals.	የቡድን አባላት በተግባራት፣ በፕሮጀክቶች እና በግቦች ላይ ሲሰሩ እንቅስቃሴ እዚህ ይታያል።	Miseensonni garee hojii, pirojektii fi galma irratti yeroo hojjetan soochiin asitti mul'ata.	ኣባላት ጋንታ ኣብ ተግባራት፣ ፕሮጀክትታትን ዕላማታትን ክሰርሑ ከለዉ ንጥፈት ኣብዚ ይረአ።	Dhaqdhaqaaq halkan ayuu ka muuqan doonaa marka xubnaha kooxdu ay ku shaqeeyaan hawlaha, mashruucyada iyo hadafyada.
activity	activity.completedTask	completed task	ተግባር አጠናቀቀ	hojii xumure	ተግባር ወዲኡ	hawsha wuu dhammeeyey
activity	activity.createdMilestone	created milestone	ግብ ምዕራፍ ፈጠረ	adeemsa ijoo uume	ማይልስቶን ፈጢሩ	calaamad muhiim ah wuu sameeyey
activity	activity.commentedOn	commented on	አስተያየት ሰጠ በ	yaada kenne irratti	ርእይቶ ሂቡ ኣብ	wuu ka hadlay
activity	activity.updatedTask	updated task	ተግባር አዘመነ	hojii haaromse	ተግባር ሓዲሱ	hawsha wuu cusbooneysiiyey
activity	activity.assignedTask	assigned task to	ተግባር መደበ ለ	hojii ramade	ተግባር መዲቡ ንኸ	hawsha wuxuu u xilsaaray
analytics	analytics.metricDetails	Metric Details	የልኬት ዝርዝር	Bal'ina Safartuu	ናይ መለክዒ ዝርዝር	Faahfaahinta cabbirka
analytics	analytics.current	Current	አሁን ያለ	Ammaa	ሕጂ	Hadda
analytics	analytics.change	Change	ለውጥ	Jijjiirama	ለውጢ	Isbeddel
analytics	analytics.dailyBreakdown	Daily Breakdown	ዕለታዊ ክፍፍል	Qooddii Guyyaa	መዓልታዊ ክፍፍል	Faahfaahinta maalinlaha
analytics	analytics.topContributors	Top Contributors	ዋና አስተዋፅዖ ሰጪዎች	Hirmaattota Olaanoo	ላዕለዎት ኣበርከትቲ	Tabaruceyaasha ugu waaweyn
analytics	analytics.contributions	contributions	አስተዋፅዖዎች	hirmaannaa	ኣበርክቶታት	tabarucyo
analytics	analytics.projectDetails	Project Details	የፕሮጀክት ዝርዝር	Bal'ina Pirojektii	ናይ ፕሮጀክት ዝርዝር	Faahfaahinta mashruuca
analytics	analytics.activityTimeline	Activity Timeline	የእንቅስቃሴ የጊዜ ሰሌዳ	Sarara Yeroo Soochii	ናይ ንጥፈት ናይ ግዜ ሰሌዳ	Jadwalka dhaqdhaqaaqa
analytics	analytics.activityDetails	Activity Details	የእንቅስቃሴ ዝርዝር	Bal'ina Soochii	ናይ ንጥፈት ዝርዝር	Faahfaahinta dhaqdhaqaaqa
analytics	analytics.projectsCreated	Projects Created	የተፈጠሩ ፕሮጀክቶች	Pirojektota Uumaman	ዝተፈጥሩ ፕሮጀክትታት	Mashruucyo la sameeyey
analytics	analytics.projectsCompleted	Projects Completed	የተጠናቀቁ ፕሮጀክቶች	Pirojektota Xumuraman	ዝተወድኡ ፕሮጀክትታት	Mashruucyo la dhammeeyey
analytics	analytics.topContributorsMonth	Top Contributors This Month	የዚህ ወር ዋና አስተዋፅዖ ሰጪዎች	Hirmaattota Olaanoo Ji'a Kanaa	ኣብዚ ወርሒ ላዕለዎት ኣበርከትቲ	Tabaruceyaasha ugu waaweyn bishan
analytics	analytics.greatProgress	Great Progress!	ጥሩ ሂደት!	Adeemsa Gaarii!	ብሉጽ ምዕባለ!	Horumar wanaagsan!
analytics	analytics.completionRate	{month} showed a {rate}% completion rate	{month} {rate}% የማጠናቀቂያ ምጣኔ አሳይቷል	{month} saffisa xumuramuu {rate}% agarsiise	{month} {rate}% ናይ ምውዳእ ቅጥኒ ኣመዝጊቡ	{month} waxay muujisay heerka dhammaystirka {rate}%
analytics	analytics.deliveringOnTime	Your team is consistently delivering projects on time!	ቡድንዎ ፕሮጀክቶችን ወቅቱን ጠብቆ በማቅረብ ላይ ነው!	Gareen keessan pirojektota yeroodhaan raawwachaa jira!	ጋንታኻ ፕሮጀክትታት ብግዜኡ ይዛዝም ኣሎ!	Kooxdaadu si joogto ah ayay waqtiga ugu soo gudbinaysaa mashruucyada!
analytics	analytics.milestoneDetails	Milestone Details	የምዕራፍ ዝርዝር	Bal'ina Adeemsa Ijoo	ናይ ማይልስቶን ዝርዝር	Faahfaahinta calaamadda muhiimka
analytics	analytics.daysRemaining	Days Remaining	የቀሩ ቀናት	Guyyoota Hafan	ዝተረፉ መዓልታት	Maalmo hadhay
analytics	analytics.days	days	ቀናት	guyyoota	መዓልታት	maalmood
analytics	analytics.relatedTasks	Related Tasks	ተዛማጅ ተግባራት	Hojii Walqabatoo	ዝተኣሳሰሩ ተግባራት	Hawlaha la xiriira
analytics	analytics.potentialRisks	Potential Risks	ሊሆኑ የሚችሉ አደጋዎች	Balaawwan Ta'uu Danda'an	ዝኽእሉ ሓደጋታት	Khataraha suurtagalka ah
help	help.title	Help & Support	እርዳታ እና ድጋፍ	Gargaarsa fi Deeggarsa	ሓገዝን ደገፍን	Caawimo & Taageero
help	help.subtitle	Get help using Onekof platform	Onekof መድረክን ለመጠቀም እርዳታ ያግኙ	Waltajjii Onekof fayyadamuu irratti gargaarsa argadhaa	Onekof ፕላትፎርም ንምጥቃም ሓገዝ ርኸብ	Hel caawimo isticmaalka barnaamijka Onekof
help	help.documentation	Documentation	ሰነዶች	Dokumanteeshinii	ሰነዳት	Dukumentiyada
help	help.documentationDesc	Browse our comprehensive guides and tutorials	ሰፊ መመሪያዎችን እና ማጠናከሪያዎችን ያስሱ	Qajeelfamoota fi barnoota keenya bal'aa ilaali	ሰፋሕቲ መምርሒታትናን ትምህርትታትናን ርአ	Baadhitaan ku samee hagayaasheena iyo casharadayada oo dhammaystiran
help	help.videoTutorials	Video Tutorials	የቪዲዮ ማጠናከሪያዎች	Barnootaalee Viidiyoo	ናይ ቪድዮ ትምህርትታት	Casharada fiidiyowga
help	help.videoTutorialsDesc	Watch step-by-step video guides	ደረጃ-በደረጃ የቪዲዮ መመሪያዎችን ይመልከቱ	Qajeelfama viidiyoo tarkaanfii-tarkaanfiin ilaali	ስጉምቲ ብስጉምቲ ናይ ቪድዮ መምርሒታት ርአ	Daawo casharrada fiidiyowga tallaabooyinka
help	help.communityForum	Community Forum	የማህበረሰብ መድረክ	Waltajjii Hawaasaa	ናይ ማሕበረሰብ መድረኽ	Madasha bulshada
help	help.communityForumDesc	Ask questions and share knowledge	ጥያቄዎችን ይጠይቁ እና እውቀት ያካፍሉ	Gaaffii gaafadhu beekumsa qoodi	ሕቶታት ሕተትን ፍልጠት ኣካፍልን	Su'aalo weydii oo aqoon la wadaag
help	help.contactSupport	Contact Support	ድጋፍ ያግኙ	Deeggarsa Quunnamii	ደገፍ ርኸብ	La xiriir taageerada
help	help.contactSupportDesc	Email us at support@onekof.com	support@onekof.com ላይ ኢሜይል ያድርጉልን	support@onekof.com irratti nuuf ergaa	ኣብ support@onekof.com ኢመይል ስደደልና	Noo soo dir iimeyl support@onekof.com
help	help.faq	Frequently Asked Questions	በተደጋጋሚ የሚጠየቁ ጥያቄዎች	Gaaffiiwwan Irra Deddeebi'an	ብተደጋጋሚ ዝሕተቱ ሕቶታት	Su'aalaha inta badan la weydiiyo
help	help.faqCreateProject	How do I create a new project?	አዲስ ፕሮጀክት እንዴት እፈጥራለሁ?	Pirojektii haaraa akkamittin uuma?	ሓድሽ ፕሮጀክት ከመይ ይፈጠር?	Sideen mashruuc cusub u samaynayaa?
help	help.faqCreateProjectAnswer	Navigate to the Projects page and click the "Create Project" button. Fill in the project details and select your preferred template.	ወደ ፕሮጀክቶች ገጽ ያሂዱ እና "ፕሮጀክት ፍጠር" ቁልፍን ይጫኑ። የፕሮጀክት ዝርዝሮችን ያስገቡ እና የሚፈልጉትን ቅንብር ይምረጡ።	Gara fuula Pirojektotaatti deemaa qabduu "Pirojektii Uumi" cuqaasaa. Bal'ina pirojektii guutaa unka barbaaddan filadhaa.	ናብ ፕሮጀክትታት ገጽ ኪድ ድሕሪኡ "ፕሮጀክት ፍጠር" ጠውቕ። ናይ ፕሮጀክት ዝርዝር ምላእ ን ዝደለኻዮ ቅዲ ምረጽ።	U gudub bogga mashruucyada oo guji badhanka "Mashruuc samee". Buuxi faahfaahinta mashruuca oo dooro qaabka aad rabto.
help	help.faqInviteMembers	How do I invite team members?	የቡድን አባላትን እንዴት እጋብዛለሁ?	Miseensota garee akkamittin afeera?	ኣባላት ጋንታ ከመይ ይዕደሙ?	Sideen xubnaha kooxda u caasimayaa?
help	help.faqInviteMembersAnswer	Go to Settings → Team Members and click "Invite Member". Enter their email address and assign a role.	ወደ ቅንብሮች → ቡድን አባላት ሂደው "አባል ጋብዝ" ን ይጫኑ። ኢሜይል አድራሻቸውን ያስገቡ እና ሚና ይመድቡ።	Gara Qindaa'ina → Miseensota Garee deemaa "Miseensa Afeeri" cuqaasaa. Teessoo imeelii isaanii galchaa gahee ramadaa.	ናብ ቅጥዒታት → ኣባላት ጋንታ ኪድ ድሕሪኡ "ኣባል ዕደም" ጠውቕ። ናይ ኢመይል ኣድራሻ ኣእቱ ን ተራ ሃብ።	U tag Dejinta → Xubnaha Kooxda oo guji "Xubin Caasimo". Geli iimeylkooda oo u xilsaar door.
help	help.faqCustomizeDashboard	How do I customize my dashboard?	ዳሽቦርዴን እንዴት አበጃለሁ?	Daashboordii koo akkamittin maamila?	ዳሽቦርድ ከመይ ይስምምዕ?	Sideen dashboorkayga u habeynayaa?
help	help.faqCustomizeDashboardAnswer	Admins can customize dashboard features by going to Settings → Customization. You can enable/disable sections and features based on your organization's needs.	አስተዳዳሪዎች ወደ ቅንብሮች → ማበጀት ሄደው የዳሽቦርድ ባህሪያትን ማበጀት ይችላሉ። እንደ ድርጅትዎ ፍላጎት ክፍሎችን እና ባህሪያትን ማንቃት/ማቦዘን ይችላሉ።	Bulchitoonni amaloota daashboordii gara Qindaa'ina → Maamila deemuun maamila gochuu danda'u. Barbaachisummaa dhaabbata keessaniitiin kutaalee fi amaloota dandeessisuu/dhaamsu dandeessu.	ኣመሓደርቲ ናብ ቅጥዒታት → ምስምማዕ ብምኻድ ናይ ዳሽቦርድ ባህርያት ክስምምዑ ይኽእሉ። ብመሰረት ድሌት ትካልካ ክፍልታትን ባህርያትን ከተብርህ/ከተጥፍእ ትኽእል።	Maamulayaashu waxay habeyn karaan astaamaha dashboorkka iyaga oo taga Dejinta → Habaynta. Waxaad daar ama dami kartaa qaybaha iyo astaamaha hay'addaada u baahan.
help	help.faqExportData	How do I export data?	ዳታ እንዴት ወደ ውጪ ላክ?	Daataa akkamittin ergadha?	ዳታ ከመይ ይስደድ?	Sideen xogta u dhoofiyaa?
help	help.faqExportDataAnswer	Most pages have an export button in the toolbar. Click it to download data in CSV or Excel format.	አብዛኛዎቹ ገጾች በመሣሪያ አሞሌ ላይ የላክ ቁልፍ አላቸው። ዳታን በCSV ወይም Excel ቅርጸት ለማውረድ ይጫኑ።	Fuulota baay'ee irratti qabduun erguu meeshaa keessatti argama. Daataa bifa CSV ykn Excel-n buufachuuf cuqaasaa.	መብዛሕትኦም ገጻት ኣብ ናይ መሳርሒ ባር ናይ ምስዳድ ቁልፊ ኣለዎም። ንዳታ ብ CSV ወይ Excel ቅርጽ ንምውራድ ጠውቕ።	Bogagga badankood waxay leeyihiin badhanka dhoofinta oo ku yaal qalabka. Guji si aad xogta ugu soo dejiso qaab CSV ama Excel ah.
help	help.additionalResources	Additional Resources	ተጨማሪ ሀብቶች	Qabeenya Dabalataa	ተወሳኺ ጸጋታት	Kheyraadka dheeraadka ah
help	help.gettingStartedGuide	Getting Started Guide	ለመጀመር መመሪያ	Qajeelfama Jalqabuu	ናይ ምጅማር መምርሒ	Hagaha bilawga
help	help.apiDocumentation	API Documentation	API ሰነዶች	Dokumanteeshinii API	ናይ API ሰነዳት	Dukumentiyada API
help	help.releaseNotes	Release Notes	የልቀት ማስታወሻዎች	Yaadannoo Gadhiisaa	ናይ ምልቃቕ ማስታወሻታት	Qoraallada sii daynta
tabs	tabs.summary	Summary	ማጠቃለያ	Cuunfaa	ጽሟቕ	Soo koobid
tabs	tabs.list	List	ዝርዝር	Tarree	ዝርዝር	Liis
tabs	tabs.board	Board	ቦርድ	Boordii	ሰሌዳ	Sambal
tabs	tabs.calendar	Calendar	ቀን መቁጠሪያ	Kaaleendarii	ዓውደ-ኣዋርሕ	Kalandar
tabs	tabs.timeline	Timeline	የጊዜ ሰሌዳ	Sarara Yeroo	ናይ ግዜ ሰሌዳ	Jadwalka waqtiga
tabs	tabs.team	Team	ቡድን	Garee	ጋንታ	Koox
tabs	tabs.goals	Goals	ግቦች	Galmoota	ዕላማታት	Hadafyada
tabs	tabs.budget	Budget	በጀት	Baajeta	በጀት	Miisaaniyad
tabs	tabs.docs	Docs	ሰነዶች	Dokumantoota	ሰነዳት	Dukumentiyo
tabs	tabs.automation	Automation	አውቶሜሽን	Ofumaan Hojjechuu	ኦቶመይሽን	Otomaatik
tabs	tabs.wiki	Wiki	ዊኪ	Wiikii	ዊኪ	Wiiki
tabs	tabs.settings	Settings	ቅንብሮች	Qindaa'ina	ቅጥዒታት	Dejinta
tabs	tabs.code	Code	ኮድ	Koodii	ኮድ	Koodh
tabs	tabs.forms	Forms	ቅጾች	Unkaawwan	ቅጥዒታት	Foomamka
tabs	tabs.pages	Pages	ገጾች	Fuulota	ገጻት	Bogagga
tabs	tabs.overview	Overview	አጠቃላይ እይታ	Ilaalcha Waliigalaa	ሓፈሻዊ ትዕዝብቲ	Guud mar
toast	toast.projectCreated	Project created successfully	ፕሮጀክት በተሳካ ሁኔታ ተፈጥሯል	Pirojektiin milkaa'inaan uumame	ፕሮጀክት ብዓወት ተፈጢሩ	Mashruuca si guul leh loo sameeyey
toast	toast.projectUpdated	Project updated successfully	ፕሮጀክት በተሳካ ሁኔታ ተዘምኗል	Pirojektiin milkaa'inaan haaromfame	ፕሮጀክት ብዓወት ተሓዲሱ	Mashruuca si guul leh loo cusbooneysiiyey
toast	toast.projectDeleted	Project deleted successfully	ፕሮጀክት በተሳካ ሁኔታ ተሰርዟል	Pirojektiin milkaa'inaan haqame	ፕሮጀክት ብዓወት ተደምሲሱ	Mashruuca si guul leh loo tirtiray
toast	toast.issueCreated	Issue created successfully	ጉዳይ በተሳካ ሁኔታ ተፈጥሯል	Dhimmi milkaa'inaan uumame	ጉዳይ ብዓወት ተፈጢሩ	Arinta si guul leh loo sameeyey
toast	toast.issueUpdated	Issue updated successfully	ጉዳይ በተሳካ ሁኔታ ተዘምኗል	Dhimmi milkaa'inaan haaromfame	ጉዳይ ብዓወት ተሓዲሱ	Arinta si guul leh loo cusbooneysiiyey
toast	toast.issueDeleted	Issue deleted successfully	ጉዳይ በተሳካ ሁኔታ ተሰርዟል	Dhimmi milkaa'inaan haqame	ጉዳይ ብዓወት ተደምሲሱ	Arinta si guul leh loo tirtiray
toast	toast.teamCreated	Team created successfully	ቡድን በተሳካ ሁኔታ ተፈጥሯል	Gareen milkaa'inaan uumame	ጋንታ ብዓወት ተፈጢሩ	Kooxda si guul leh loo sameeyey
toast	toast.teamUpdated	Team updated successfully	ቡድን በተሳካ ሁኔታ ተዘምኗል	Gareen milkaa'inaan haaromfame	ጋንታ ብዓወት ተሓዲሱ	Kooxda si guul leh loo cusbooneysiiyey
toast	toast.goalCreated	Goal created successfully	ግብ በተሳካ ሁኔታ ተፈጥሯል	Galmni milkaa'inaan uumame	ዕላማ ብዓወት ተፈጢሩ	Hadafka si guul leh loo sameeyey
toast	toast.goalUpdated	Goal updated successfully	ግብ በተሳካ ሁኔታ ተዘምኗል	Galmni milkaa'inaan haaromfame	ዕላማ ብዓወት ተሓዲሱ	Hadafka si guul leh loo cusbooneysiiyey
toast	toast.budgetUpdated	Budget updated successfully	በጀት በተሳካ ሁኔታ ተዘምኗል	Baajetni milkaa'inaan haaromfame	በጀት ብዓወት ተሓዲሱ	Miisaaniyada si guul leh loo cusbooneysiiyey
toast	toast.expenseCreated	Expense created successfully	ወጪ በተሳካ ሁኔታ ተፈጥሯል	Ba'iin milkaa'inaan uumame	ወጻኢ ብዓወት ተፈጢሩ	Kharashka si guul leh loo sameeyey
toast	toast.expenseApproved	Expense approved	ወጪ ጸድቋል	Ba'iin mirkanaa'e	ወጻኢ ጸዲቑ	Kharashka waa la ansixiyey
toast	toast.expenseRejected	Expense rejected	ወጪ ውድቅ ሆኗል	Ba'iin didame	ወጻኢ ተነጺጉ	Kharashka waa la diiday
toast	toast.documentUploaded	Document uploaded successfully	ሰነድ በተሳካ ሁኔታ ተሰቅሏል	Dokumantiin milkaa'inaan olkaa'ame	ሰነድ ብዓወት ተጸዒኑ	Dukumentiga si guul leh loo soo raray
toast	toast.settingsSaved	Settings saved successfully	ቅንብሮች በተሳካ ሁኔታ ተቀምጠዋል	Qindaa'inni milkaa'inaan olcha'e	ቅጥዒታት ብዓወት ተቐሚጡ	Dejinta si guul leh loo kaydiyey
toast	toast.copiedToClipboard	Copied to clipboard	ወደ ቅንጥብ ሰሌዳ ተቀድቷል	Gara kilipboorditti garagalchame	ናብ ክሊፕቦርድ ተቐዲሑ	Waa la koobiyeeyey
toast	toast.failedToCopy	Failed to copy	መቅዳት አልተሳካም	Garagalchuu hin dandeenye	ምቕዳሕ ኣይሰለጠን	Koobiyeeyidda waa la waayay
toast	toast.automationSaved	Automation saved successfully	አውቶሜሽን በተሳካ ሁኔታ ተቀምጧል	Ofumaan hojjechuun milkaa'inaan olcha'e	ኦቶመይሽን ብዓወት ተቐሚጡ	Otomaatikga si guul leh loo kaydiyey
toast	toast.eventCreated	Event created successfully	ክስተት በተሳካ ሁኔታ ተፈጥሯል	Taateen milkaa'inaan uumame	ፍጻመ ብዓወት ተፈጢሩ	Munaasabadda si guul leh loo sameeyey
toast	toast.taskUpdated	Task updated successfully	ተግባር በተሳካ ሁኔታ ተዘምኗል	Hojiin milkaa'inaan haaromfame	ተግባር ብዓወት ተሓዲሱ	Hawsha si guul leh loo cusbooneysiiyey
toast	toast.taskDeleted	Task deleted successfully	ተግባር በተሳካ ሁኔታ ተሰርዟል	Hojiin milkaa'inaan haqame	ተግባር ብዓወት ተደምሲሱ	Hawsha si guul leh loo tirtiray
toast	toast.memberInvited	Member invited successfully	አባል በተሳካ ሁኔታ ተጋብዟል	Miseensi milkaa'inaan afeerame	ኣባል ብዓወት ተዓዲሙ	Xubinka si guul leh loo caasimay
toast	toast.memberRemoved	Member removed successfully	አባል በተሳካ ሁኔታ ተወግዷል	Miseensi milkaa'inaan haqame	ኣባል ብዓወት ተኣሊጉ	Xubinka si guul leh looga saaray
toast	toast.roleUpdated	Role updated successfully	ሚና በተሳካ ሁኔታ ተዘምኗል	Gaheen milkaa'inaan haaromfame	ተራ ብዓወት ተሓዲሱ	Doorka si guul leh loo cusbooneysiiyey
toast	toast.errorOccurred	An error occurred	ስህተት ተፈጥሯል	Dogoggorri uumameera	ጌጋ ተፈጢሩ	Khalad ayaa dhacay
toast	toast.pleaseTryAgain	Please try again	እባክዎ እንደገና ይሞክሩ	Irra deebi'ii yaalaa	በጃኻ ዳግማይ ፈትን	Fadlan mar kale isku day
toast	toast.changesNotSaved	Changes could not be saved	ለውጦች ሊቀመጡ አልቻሉም	Jijjiiramni olcha'uu hin dandeenye	ለውጥታት ክቕመጡ ኣይከኣሉን	Isbeddelada lama kaydin karin
toast	toast.networkError	Network error. Please check your connection.	የአውታረ መረብ ስህተት። እባክዎ ግንኙነትዎን ያረጋግጡ።	Dogoggora neetworkii. Walqunnamtii keessan mirkaneessaa.	ናይ ኔትዎርክ ጌጋ። በጃኻ ርክብካ ኣረጋግጽ።	Khaladka shabakadda. Fadlan xiriirkaaga hubi.
toast	toast.sessionExpired	Session expired. Please sign in again.	ክፍለ ጊዜ አልቋል። እባክዎ እንደገና ይግቡ።	Seeshiiniin yeroon isaa darbeera. Irra deebi'ii seenaa.	ሰሽን ግዜኡ ወዲኡ። በጃኻ ዳግማይ እቶ።	Fadhigu wuu dhacay. Fadlan mar kale soo gal.
toast	toast.unauthorized	You are not authorized to perform this action.	ይህን ድርጊት ለማከናወን ፈቃድ የለዎትም።	Gocha kana raawwachuuf hayyamni isiniif hin jiru.	ነዚ ተግባር ንምግባር ፍቓድ የብልካን።	Oggolaansho uma lihid ficilkan.
invite	invite.validating	Validating invitation...	Validating invitation...	Validating invitation...	Validating invitation...	Validating invitation...
invite	invite.invalidInvitation	Invalid Invitation	Invalid Invitation	Invalid Invitation	Invalid Invitation	Invalid Invitation
invite	invite.goToSignIn	Go to Sign In	Go to Sign In	Go to Sign In	Go to Sign In	Go to Sign In
invite	invite.welcome	Welcome!	Welcome!	Welcome!	Welcome!	Welcome!
invite	invite.goToDashboard	Go to Dashboard	Go to Dashboard	Go to Dashboard	Go to Dashboard	Go to Dashboard
invite	invite.youreInvited	You're Invited!	You're Invited!	You're Invited!	You're Invited!	You're Invited!
invite	invite.joinTeamOnOnekof	Join your team on Onekof	Join your team on Onekof	Join your team on Onekof	Join your team on Onekof	Join your team on Onekof
invite	invite.invitationExpired	This invitation has expired	This invitation has expired	This invitation has expired	This invitation has expired	This invitation has expired
invite	invite.askNewInvitation	Please ask the sender for a new invitation	Please ask the sender for a new invitation	Please ask the sender for a new invitation	Please ask the sender for a new invitation	Please ask the sender for a new invitation
invite	invite.organization	Organization	Organization	Organization	Organization	Organization
invite	invite.invitedBy	Invited by	Invited by	Invited by	Invited by	Invited by
invite	invite.role	Role	Role	Role	Role	Role
invite	invite.expires	Expires	Expires	Expires	Expires	Expires
invite	invite.signInOrCreate	Sign in or create an account to accept this invitation	Sign in or create an account to accept this invitation	Sign in or create an account to accept this invitation	Sign in or create an account to accept this invitation	Sign in or create an account to accept this invitation
invite	invite.signInToAccept	Sign In to Accept	Sign In to Accept	Sign In to Accept	Sign In to Accept	Sign In to Accept
invite	invite.createAccount	Create Account	Create Account	Create Account	Create Account	Create Account
invite	invite.accepting	Accepting...	Accepting...	Accepting...	Accepting...	Accepting...
invite	invite.acceptInvitation	Accept Invitation	Accept Invitation	Accept Invitation	Accept Invitation	Accept Invitation
verifyEmail	verifyEmail.welcomeToOnekof	Welcome to Onekof!	Welcome to Onekof!	Welcome to Onekof!	Welcome to Onekof!	Welcome to Onekof!
verifyEmail	verifyEmail.yourEmailVerified	Your Email is Verified	Your Email is Verified	Your Email is Verified	Your Email is Verified	Your Email is Verified
verifyEmail	verifyEmail.verifyYourEmail	Verify Your Email	Verify Your Email	Verify Your Email	Verify Your Email	Verify Your Email
verifyEmail	verifyEmail.almostThere	Almost There!	Almost There!	Almost There!	Almost There!	Almost There!
verifyEmail	verifyEmail.canAccessAllFeatures	You can now access all features of Onekof.	You can now access all features of Onekof.	You can now access all features of Onekof.	You can now access all features of Onekof.	You can now access all features of Onekof.
verifyEmail	verifyEmail.oneMoreStep	Just one more step to get started with Onekof.	Just one more step to get started with Onekof.	Just one more step to get started with Onekof.	Just one more step to get started with Onekof.	Just one more step to get started with Onekof.
verifyEmail	verifyEmail.checkYourInbox	Check your inbox	Check your inbox	Check your inbox	Check your inbox	Check your inbox
verifyEmail	verifyEmail.sentVerificationLink	We've sent you a verification link	We've sent you a verification link	We've sent you a verification link	We've sent you a verification link	We've sent you a verification link
verifyEmail	verifyEmail.verifyingYourEmail	Verifying your email...	Verifying your email...	Verifying your email...	Verifying your email...	Verifying your email...
verifyEmail	verifyEmail.emailVerified	Email verified!	Email verified!	Email verified!	Email verified!	Email verified!
verifyEmail	verifyEmail.verificationFailed	Verification failed	Verification failed	Verification failed	Verification failed	Verification failed
verifyEmail	verifyEmail.pleaseWaitVerifying	Please wait while we verify your email address.	Please wait while we verify your email address.	Please wait while we verify your email address.	Please wait while we verify your email address.	Please wait while we verify your email address.
verifyEmail	verifyEmail.accountVerified	Your account has been successfully verified.	Your account has been successfully verified.	Your account has been successfully verified.	Your account has been successfully verified.	Your account has been successfully verified.
verifyEmail	verifyEmail.couldNotVerify	We couldn't verify your email address.	We couldn't verify your email address.	We couldn't verify your email address.	We couldn't verify your email address.	We couldn't verify your email address.
verifyEmail	verifyEmail.verifyingEmailAddress	Verifying your email address...	Verifying your email address...	Verifying your email address...	Verifying your email address...	Verifying your email address...
verifyEmail	verifyEmail.continueToSignIn	Continue to Sign In	Continue to Sign In	Continue to Sign In	Continue to Sign In	Continue to Sign In
verifyEmail	verifyEmail.linkExpiredOrUsed	The link may have expired or already been used.	The link may have expired or already been used.	The link may have expired or already been used.	The link may have expired or already been used.	The link may have expired or already been used.
verifyEmail	verifyEmail.requestNewLink	Request a new verification link	Request a new verification link	Request a new verification link	Request a new verification link	Request a new verification link
verifyEmail	verifyEmail.emailAddress	Email address	Email address	Email address	Email address	Email address
verifyEmail	verifyEmail.resendVerificationEmail	Resend Verification Email	Resend Verification Email	Resend Verification Email	Resend Verification Email	Resend Verification Email
verifyEmail	verifyEmail.sending	Sending...	Sending...	Sending...	Sending...	Sending...
verifyEmail	verifyEmail.backToSignIn	Back to Sign In	Back to Sign In	Back to Sign In	Back to Sign In	Back to Sign In
resetPage	resetPage.createNewSecure	Create a New Secure Password	Create a New Secure Password	Create a New Secure Password	Create a New Secure Password	Create a New Secure Password
resetPage	resetPage.chooseStrongPassword	Choose a strong password to keep your account safe and secure.	Choose a strong password to keep your account safe and secure.	Choose a strong password to keep your account safe and secure.	Choose a strong password to keep your account safe and secure.	Choose a strong password to keep your account safe and secure.
resetPage	resetPage.bankLevelSecurity	Bank-level Security	Bank-level Security	Bank-level Security	Bank-level Security	Bank-level Security
resetPage	resetPage.passwordEncrypted	Your password is encrypted with industry-standard protocols	Your password is encrypted with industry-standard protocols	Your password is encrypted with industry-standard protocols	Your password is encrypted with industry-standard protocols	Your password is encrypted with industry-standard protocols
resetPage	resetPage.oneTimeUseLink	One-time Use Link	One-time Use Link	One-time Use Link	One-time Use Link	One-time Use Link
resetPage	resetPage.resetLinkExpires	This reset link expires after use for your protection	This reset link expires after use for your protection	This reset link expires after use for your protection	This reset link expires after use for your protection	This reset link expires after use for your protection
resetPage	resetPage.newPasswordDifferent	Your new password must be different from previously used passwords.	Your new password must be different from previously used passwords.	Your new password must be different from previously used passwords.	Your new password must be different from previously used passwords.	Your new password must be different from previously used passwords.
resetPage	resetPage.invalidResetLink	Invalid Reset Link	Invalid Reset Link	Invalid Reset Link	Invalid Reset Link	Invalid Reset Link
resetPage	resetPage.resetLinkExpiredOrInvalid	This reset link is invalid or has expired. Please request a new one.	This reset link is invalid or has expired. Please request a new one.	This reset link is invalid or has expired. Please request a new one.	This reset link is invalid or has expired. Please request a new one.	This reset link is invalid or has expired. Please request a new one.
resetPage	resetPage.requestNewLink	Request New Link	Request New Link	Request New Link	Request New Link	Request New Link
resetPage	resetPage.enterNewPassword	Enter your new password	Enter your new password	Enter your new password	Enter your new password	Enter your new password
resetPage	resetPage.confirmNewPassword	Confirm your new password	Confirm your new password	Confirm your new password	Confirm your new password	Confirm your new password
resetPage	resetPage.passwordMustContain	Password must contain:	Password must contain:	Password must contain:	Password must contain:	Password must contain:
resetPage	resetPage.success	Success!	Success!	Success!	Success!	Success!
resetPage	resetPage.error	Error	Error	Error	Error	Error
resetPage	resetPage.securePasswordReset	Secure Password Reset	Secure Password Reset	Secure Password Reset	Secure Password Reset	Secure Password Reset
resetPage	resetPage.passwordEncryptedOneTime	Your password is encrypted and this reset link will expire after one use.	Your password is encrypted and this reset link will expire after one use.	Your password is encrypted and this reset link will expire after one use.	Your password is encrypted and this reset link will expire after one use.	Your password is encrypted and this reset link will expire after one use.
resetPage	resetPage.checkSpamFolder	If you don't see it, check your spam folder.	If you don't see it, check your spam folder.	If you don't see it, check your spam folder.	If you don't see it, check your spam folder.	If you don't see it, check your spam folder.
resetPage	resetPage.enterEmailInstructions	Enter your email address and we'll send you instructions to reset your password.	Enter your email address and we'll send you instructions to reset your password.	Enter your email address and we'll send you instructions to reset your password.	Enter your email address and we'll send you instructions to reset your password.	Enter your email address and we'll send you instructions to reset your password.
resetPage	resetPage.resetInstructions	We'll send you instructions to reset your password and get you back on track.	We'll send you instructions to reset your password and get you back on track.	We'll send you instructions to reset your password and get you back on track.	We'll send you instructions to reset your password and get you back on track.	We'll send you instructions to reset your password and get you back on track.
profile	profile.title	Profile Settings	Profile Settings	Profile Settings	Profile Settings	Profile Settings
profile	profile.subtitle	Manage your account information and preferences	Manage your account information and preferences	Manage your account information and preferences	Manage your account information and preferences	Manage your account information and preferences
profile	profile.profileInformation	Profile Information	Profile Information	Profile Information	Profile Information	Profile Information
profile	profile.editProfile	Edit Profile	Edit Profile	Edit Profile	Edit Profile	Edit Profile
profile	profile.fullName	Full Name	Full Name	Full Name	Full Name	Full Name
profile	profile.emailAddress	Email Address	Email Address	Email Address	Email Address	Email Address
profile	profile.saving	Saving...	Saving...	Saving...	Saving...	Saving...
profile	profile.saveChanges	Save Changes	Save Changes	Save Changes	Save Changes	Save Changes
profile	profile.security	Security	Security	Security	Security	Security
profile	profile.changePassword	Change Password	Change Password	Change Password	Change Password	Change Password
profile	profile.changePasswordDesc	Update your password to keep your account secure	Update your password to keep your account secure	Update your password to keep your account secure	Update your password to keep your account secure	Update your password to keep your account secure
profile	profile.dangerZone	Danger Zone	Danger Zone	Danger Zone	Danger Zone	Danger Zone
profile	profile.signOut	Sign Out	Sign Out	Sign Out	Sign Out	Sign Out
profile	profile.signOutDesc	Sign out of your account on this device	Sign out of your account on this device	Sign out of your account on this device	Sign out of your account on this device	Sign out of your account on this device
profile	profile.deleteAccount	Delete Account	Delete Account	Delete Account	Delete Account	Delete Account
profile	profile.deleteAccountDesc	Permanently delete your account and all associated data	Permanently delete your account and all associated data	Permanently delete your account and all associated data	Permanently delete your account and all associated data	Permanently delete your account and all associated data
profile	profile.backToDashboard	Back to Dashboard	Back to Dashboard	Back to Dashboard	Back to Dashboard	Back to Dashboard
profile	profile.profileUpdated	Profile updated successfully!	Profile updated successfully!	Profile updated successfully!	Profile updated successfully!	Profile updated successfully!
profile	profile.failedToUpdateProfile	Failed to update profile	Failed to update profile	Failed to update profile	Failed to update profile	Failed to update profile
onboardingPage	onboardingPage.whatTypeWorkspace	What type of workspace do you need?	What type of workspace do you need?	What type of workspace do you need?	What type of workspace do you need?	What type of workspace do you need?
onboardingPage	onboardingPage.tellUsAboutOrg	Tell us about your organization	Tell us about your organization	Tell us about your organization	Tell us about your organization	Tell us about your organization
onboardingPage	onboardingPage.finalStepCreate	Final step: Create your workspace	Final step: Create your workspace	Final step: Create your workspace	Final step: Create your workspace	Final step: Create your workspace
onboardingPage	onboardingPage.choosePersonalOrOrg	Choose personal for solo use, or select your organization type	Choose personal for solo use, or select your organization type	Choose personal for solo use, or select your organization type	Choose personal for solo use, or select your organization type	Choose personal for solo use, or select your organization type
onboardingPage	onboardingPage.personalizeExperience	We'll use this to personalize your experience	We'll use this to personalize your experience	We'll use this to personalize your experience	We'll use this to personalize your experience	We'll use this to personalize your experience
onboardingPage	onboardingPage.readyInSeconds	Your workspace will be ready in seconds	Your workspace will be ready in seconds	Your workspace will be ready in seconds	Your workspace will be ready in seconds	Your workspace will be ready in seconds
onboardingPage	onboardingPage.step	Step	Step	Step	Step	Step
onboardingPage	onboardingPage.of	of	of	of	of	of
onboardingPage	onboardingPage.complete	complete	complete	complete	complete	complete
onboardingPage	onboardingPage.organizationName	Organization Name	Organization Name	Organization Name	Organization Name	Organization Name
onboardingPage	onboardingPage.govPlaceholder	e.g., Ministry of Water & Irrigation	e.g., Ministry of Water & Irrigation	e.g., Ministry of Water & Irrigation	e.g., Ministry of Water & Irrigation	e.g., Ministry of Water & Irrigation
onboardingPage	onboardingPage.orgPlaceholder	Your organization name	Your organization name	Your organization name	Your organization name	Your organization name
onboardingPage	onboardingPage.departmentBureau	Department/Bureau (Optional)	Department/Bureau (Optional)	Department/Bureau (Optional)	Department/Bureau (Optional)	Department/Bureau (Optional)
onboardingPage	onboardingPage.deptPlaceholder	e.g., Planning & Budget Bureau	e.g., Planning & Budget Bureau	e.g., Planning & Budget Bureau	e.g., Planning & Budget Bureau	e.g., Planning & Budget Bureau
onboardingPage	onboardingPage.industry	Industry	Industry	Industry	Industry	Industry
onboardingPage	onboardingPage.selectIndustry	Select industry	Select industry	Select industry	Select industry	Select industry
onboardingPage	onboardingPage.technology	Technology	Technology	Technology	Technology	Technology
onboardingPage	onboardingPage.finance	Finance	Finance	Finance	Finance	Finance
onboardingPage	onboardingPage.retail	Retail	Retail	Retail	Retail	Retail
onboardingPage	onboardingPage.manufacturing	Manufacturing	Manufacturing	Manufacturing	Manufacturing	Manufacturing
onboardingPage	onboardingPage.consulting	Consulting	Consulting	Consulting	Consulting	Consulting
onboardingPage	onboardingPage.other	Other	Other	Other	Other	Other
onboardingPage	onboardingPage.teamSize	Team Size	Team Size	Team Size	Team Size	Team Size
onboardingPage	onboardingPage.workspaceUrl	Workspace URL	Workspace URL	Workspace URL	Workspace URL	Workspace URL
onboardingPage	onboardingPage.yourWorkspace	Your workspace:	Your workspace:	Your workspace:	Your workspace:	Your workspace:
onboardingPage	onboardingPage.calendarPreference	Calendar Preference	Calendar Preference	Calendar Preference	Calendar Preference	Calendar Preference
onboardingPage	onboardingPage.ethiopian	Ethiopian	Ethiopian	Ethiopian	Ethiopian	Ethiopian
onboardingPage	onboardingPage.gregorian	Gregorian	Gregorian	Gregorian	Gregorian	Gregorian
onboardingPage	onboardingPage.international	International	International	International	International	International
onboardingPage	onboardingPage.both	Both	Both	Both	Both	Both
onboardingPage	onboardingPage.showBothCalendars	Show both calendars	Show both calendars	Show both calendars	Show both calendars	Show both calendars
onboardingPage	onboardingPage.downloadMobileApp	Download Mobile App	Download Mobile App	Download Mobile App	Download Mobile App	Download Mobile App
onboardingPage	onboardingPage.manageOnTheGo	Manage on the go	Manage on the go	Manage on the go	Manage on the go	Manage on the go
onboardingPage	onboardingPage.youreAllSet	You're all set!	You're all set!	You're all set!	You're all set!	You're all set!
onboardingPage	onboardingPage.basedOnSelections	Based on your selections, we've enabled features for	Based on your selections, we've enabled features for	Based on your selections, we've enabled features for	Based on your selections, we've enabled features for	Based on your selections, we've enabled features for
onboardingPage	onboardingPage.organization	organization	organization	organization	organization	organization
onboardingPage	onboardingPage.back	Back	Back	Back	Back	Back
onboardingPage	onboardingPage.continue	Continue	Continue	Continue	Continue	Continue
onboardingPage	onboardingPage.creatingWorkspace	Creating workspace...	Creating workspace...	Creating workspace...	Creating workspace...	Creating workspace...
onboardingPage	onboardingPage.launchWorkspace	Launch Workspace	Launch Workspace	Launch Workspace	Launch Workspace	Launch Workspace
onboardingPage	onboardingPage.builtForEthiopia	Built for Ethiopia	Built for Ethiopia	Built for Ethiopia	Built for Ethiopia	Built for Ethiopia
onboardingPage	onboardingPage.enterprisePM	Enterprise Project Management	Enterprise Project Management	Enterprise Project Management	Enterprise Project Management	Enterprise Project Management
departmentTabs	departmentTabs.backlog	Backlog	ባክሎግ	Tarree Eeggataa	ባክሎግ	Shaqada sugaysa
departmentTabs	departmentTabs.releases	Releases	ልቀቶች	Gadhiisota	ምልቃቓት	Sii daynta
departmentTabs	departmentTabs.codeReview	Code Review	ኮድ ግምገማ	Gamaaggama Koodii	ናይ ኮድ ግምገማ	Dib u eegista koodhka
departmentTabs	departmentTabs.socialMedia	Social Media	ማህበራዊ ሚዲያ	Miidiyaa Hawaasaa	ማሕበራዊ ሚድያ	Baraha bulshada
departmentTabs	departmentTabs.analytics	Analytics	ትንታኔ	Xiinxala	ትንተና	Falanqaynta
departmentTabs	departmentTabs.campaigns	Campaigns	ዘመቻዎች	Duulaawwan	ዘመተታት	Ololayaal
departmentTabs	departmentTabs.incidents	Incidents	ክስተቶች	Mudannoowwan	ፍጻመታት	Dhacdooyinka
departmentTabs	departmentTabs.monitoring	Monitoring	ክትትል	To'annoo	ክትትል	La socodka
departmentTabs	departmentTabs.checklists	Checklists	ቼክሊስቶች	Tarree Sakatta'iinsaa	ናይ መርኣያ ዝርዝር	Liiska hubinta
departmentTabs	departmentTabs.data	Data	ዳታ	Daataa	ዳታ	Xogta
departmentTabs	departmentTabs.findings	Findings	ግኝቶች	Argannoo	ረኽቦታት	Natiijooyinka
departmentTabs	departmentTabs.plans	Plans	ዕቅዶች	Karoora	ውጥናት	Qorshayaal
departmentTabs	departmentTabs.materials	Materials	ቁሳቁሶች	Meeshaalee	ኣቑሑት	Agabka
departmentTabs	departmentTabs.inspections	Inspections	ምርመራዎች	Sakatta'iinsa	ምርመራታት	Kormeernta
departmentTabs	departmentTabs.aiDocuments	AI Documents	AI ሰነዶች	Dokumantoota AI	AI ሰነዳት	Dukumentiyada AI
departmentTabs	departmentTabs.automation	Automation	አውቶሜሽን	Ofumaan Hojjachuu	ኦቶመይሽን	Otomaatik
departmentTabs	departmentTabs.wiki	Wiki	ዊኪ	Wiikii	ዊኪ	Wiiki
departmentTabs	departmentTabs.docs	Docs	ሰነዶች	Dokumantoota	ሰነዳት	Dukumentiyo
departmentTabs	departmentTabs.summary	Summary	ማጠቃለያ	Cuunfaa	ጽሟቕ	Soo koobid
departmentTabs	departmentTabs.expenses	Expenses	ወጪዎች	Ba'iiwwan	ወጻኢታት	Kharashka
departmentTabs	departmentTabs.income	Income	ገቢ	Galii	ኣታዊ	Dakhli
departmentTabs	departmentTabs.forecasting	Forecasting	ትንበያ	Tilmaama	ትንቢት	Saadaalin
departmentTabs	departmentTabs.reports	Reports	ሪፖርቶች	Gabaasaalee	ጸብጻባት	Warbixinno
departmentTabs	departmentTabs.settings	Settings	ቅንብሮች	Qindaa'ina	ቅጥዒታት	Dejinta
departmentTabs	departmentTabs.overview	Summary	ማጠቃለያ	Ilaalcha Waliigalaa	ሓፈሻዊ ትዕዝብቲ	Guud mar
departmentTabs	departmentTabs.list	List	ዝርዝር	Tarree	ዝርዝር	Liis
departmentTabs	departmentTabs.board	Board	ሰሌዳ	Boordii	ሰሌዳ	Sambal
departmentTabs	departmentTabs.code	Code	ኮድ	Koodii	ኮድ	Koodh
departmentTabs	departmentTabs.forms	Forms	ቅጾች	Unkaawwan	ቅጥዒታት	Foomamka
departmentTabs	departmentTabs.timeline	Timeline	የጊዜ ሰሌዳ	Sarara Yeroo	ናይ ግዜ ሰሌዳ	Jadwalka waqtiga
departmentTabs	departmentTabs.pages	Pages	ገጾች	Fuulota	ገጻት	Bogagga
departmentTabs	departmentTabs.allDocuments	All Documents	ሁሉም ሰነዶች	Dokumantoota Hundaa	ኩሎም ሰነዳት	Dhammaan dukumentiyada
departmentTabs	departmentTabs.recent	Recent	የቅርብ	Dhiyoo	ናይ ቀረባ	Dhowaan
departmentTabs	departmentTabs.shared	Shared	የተጋሩ	Kan Qoodaman	ዝተኻፈሉ	La wadaagay
departmentTabs	departmentTabs.templates	Templates	አብነቶች	Unkaawwan Moodeelii	ቅዳሓት	Qaababka
departmentTabs	departmentTabs.team	Team	ቡድን	Garee	ጋንታ	Koox
sidebar	sidebar.home	Home	መነሻ	Fuula Jalqabaa	መበገሲ	Bogga hore
sidebar	sidebar.projects	Projects	ፕሮጀክቶች	Pirojektota	ፕሮጀክትታት	Mashruucyo
sidebar	sidebar.allProjects	All Projects	ሁሉም ፕሮጀክቶች	Pirojektota Hundaa	ኩሎም ፕሮጀክትታት	Dhammaan mashruucyada
sidebar	sidebar.issues	Issues	ጉዳዮች	Dhimmoota	ጉዳያት	Arrimaha
sidebar	sidebar.calendar	Calendar	ቀን መቁጠሪያ	Kaaleendarii	ዓውደ-ኣዋርሕ	Kalandarka
sidebar	sidebar.timeline	Timeline	የጊዜ ሰሌዳ	Sarara Yeroo	ናይ ግዜ ሰሌዳ	Jadwalka waqtiga
sidebar	sidebar.goals	Goals	ግቦች	Galmoota	ዕላማታት	Hadafyada
sidebar	sidebar.reports	Reports	ሪፖርቶች	Gabaasaalee	ጸብጻባት	Warbixinno
sidebar	sidebar.teams	Teams	ቡድኖች	Gareelee	ጋንታታት	Kooxaha
sidebar	sidebar.members	Members	አባላት	Miseensota	ኣባላት	Xubnaha
sidebar	sidebar.budget	Budget	በጀት	Baajeta	በጀት	Miisaaniyad
sidebar	sidebar.development	Development	ልማት	Misoomaa	ምዕባለ	Horumarinta
sidebar	sidebar.backlog	Backlog	ባክሎግ	Tarree Eeggataa	ባክሎግ	Shaqada sugaysa
sidebar	sidebar.releases	Releases	ልቀቶች	Gadhiisota	ምልቃቓት	Sii daynta
sidebar	sidebar.codeReview	Code Review	ኮድ ግምገማ	Gamaaggama Koodii	ናይ ኮድ ግምገማ	Dib u eegista koodhka
sidebar	sidebar.marketing	Marketing	ግብይት	Gabaa	ዕዳጋ	Suuq-geynta
sidebar	sidebar.socialMedia	Social Media	ማህበራዊ ሚዲያ	Miidiyaa Hawaasaa	ማሕበራዊ ሚድያ	Baraha bulshada
sidebar	sidebar.analytics	Analytics	ትንታኔ	Xiinxala	ትንተና	Falanqaynta
sidebar	sidebar.campaigns	Campaigns	ዘመቻዎች	Duulaawwan	ዘመተታት	Ololayaal
sidebar	sidebar.operations	Operations	ተግባራት	Hojiiwwan	ስርሒታት	Hawlgallada
sidebar	sidebar.incidents	Incidents	ክስተቶች	Mudannoowwan	ፍጻመታት	Dhacdooyinka
sidebar	sidebar.monitoring	Monitoring	ክትትል	To'annoo	ክትትል	La socodka
sidebar	sidebar.checklists	Checklists	ቼክሊስቶች	Tarree Sakatta'iinsaa	ናይ መርኣያ ዝርዝር	Liiska hubinta
sidebar	sidebar.research	Research	ምርምር	Qorannoo	ምርምር	Cilmi baadhis
sidebar	sidebar.data	Data	ዳታ	Daataa	ዳታ	Xogta
sidebar	sidebar.findings	Findings	ግኝቶች	Argannoo	ረኽቦታት	Natiijooyinka
sidebar	sidebar.plans	Plans	ዕቅዶች	Karoora	ውጥናት	Qorshayaal
sidebar	sidebar.materials	Materials	ቁሳቁሶች	Meeshaalee	ኣቑሑት	Agabka
sidebar	sidebar.inspections	Inspections	ምርመራዎች	Sakatta'iinsa	ምርመራታት	Kormeernta
sidebar	sidebar.knowledge	Knowledge	እውቀት	Beekumsa	ፍልጠት	Aqoonta
sidebar	sidebar.aiDocuments	AI Documents	AI ሰነዶች	Dokumantoota AI	AI ሰነዳት	Dukumentiyada AI
sidebar	sidebar.automation	Automation	አውቶሜሽን	Ofumaan Hojjachuu	ኦቶመይሽን	Otomaatik
sidebar	sidebar.wiki	Wiki	ዊኪ	Wiikii	ዊኪ	Wiiki
sidebar	sidebar.docs	Docs	ሰነዶች	Dokumantoota	ሰነዳት	Dukumentiyo
sidebar	sidebar.integrations	Integrations	ውህደቶች	Walitti Makamtii	ውህደታት	Isku xidhka
codeConnect	codeConnect.title	Connect Repository	ሪፖዚቶሪ አገናኝ	Kuusaa Walitti Hidhi	ሪፖዚቶሪ ኣራኽብ	Ku xidh Kaydka
codeConnect	codeConnect.description	Link repositories to track commits, PRs, and branches alongside your projects.	ኮሚቶችን፣ PR-ዎችን እና ቅርንጫፎችን ከፕሮጀክቶችዎ ጋር ለመከታተል ሪፖዚቶሪዎችን ያገናኙ።	Commit, PR, fi damee pirojektota keessan waliin hordofuuf kuusaalee walitti hidhi.	ሪፖዚቶሪታት ኣራኽብ ኮሚትታት፣ PRs፣ ን ጨንፈራትን ምስ ፕሮጀክትታትካ ንምክትታል።	Kaydyada ku xidh si aad u raadraacdo commits, PRs, iyo laamaha mashruucyadaada.
codeConnect	codeConnect.teamsDescription	Link repositories to track team code contributions, commits, and pull requests.	የቡድን ኮድ አስተዋጽኦዎችን፣ ኮሚቶችን እና pull requests ለመከታተል ሪፖዚቶሪዎችን ያገናኙ።	Gumaacha koodii garee, commit, fi pull request hordofuuf kuusaalee walitti hidhi.	ሪፖዚቶሪታት ኣራኽብ ናይ ጋንታ ኮድ ኣበርክቶ፣ ኮሚትታት፣ ን pull requests ንምክትታል።	Kaydyada ku xidh si aad u raadraacdo wax-ku-biirinta koodhka kooxda, commits, iyo pull requests.
codeConnect	codeConnect.goalsDescription	Link code repositories to automatically track development progress toward your goals.	ወደ ግቦችዎ የልማት እድገትን በራስ-ሰር ለመከታተል የኮድ ሪፖዚቶሪዎችን ያገናኙ።	Gara galmoota keessaniitti adeemsa misoomaa ofumaan hordofuuf kuusaalee koodii walitti hidhi.	ናይ ኮድ ሪፖዚቶሪታት ኣራኽብ ናይ ምዕባለ ግስጋሰ ናብ ዕላማታትካ ብኣውቶማቲክ ንምክትታል።	Kaydyada koodhka ku xidh si loo raadraaco horumarinta hadafyadaada si toos ah.
codeConnect	codeConnect.connectYourTeamRepos	Connect your team repositories	የቡድን ሪፖዚቶሪዎችዎን ያገናኙ	Kuusaalee garee keessanii walitti hidhi	ናይ ጋንታኻ ሪፖዚቶሪታት ኣራኽብ	Kaydyada kooxdaada ku xidh
codeConnect	codeConnect.connectReposTrackGoals	Connect repositories to track goal progress	የግብ እድገትን ለመከታተል ሪፖዚቶሪዎችን ያገናኙ	Adeemsa galmoo hordofuuf kuusaalee walitti hidhi	ሪፖዚቶሪታት ኣራኽብ ናይ ዕላማ ግስጋሰ ንምክትታል	Kaydyada ku xidh si aad u raadraacdo horumarka hadafka
codeConnect	codeConnect.teamCommits	Team Commits	የቡድን ኮሚቶች	Commit Garee	ናይ ጋንታ ኮሚትታት	Commits-ka Kooxda
codeConnect	codeConnect.teamCommitsDesc	Track code commits by team members	በቡድን አባላት የተደረጉ የኮድ ኮሚቶችን ይከታተሉ	Commit koodii miseensota garee hordofi	ናይ ኮድ ኮሚትታት ብኣባላት ጋንታ ተኸታተል	Raadraac commits-ka koodhka ee xubnaha kooxda
codeConnect	codeConnect.pullRequests	Pull Requests	Pull Requests	Pull Requests	Pull Requests	Pull Requests
codeConnect	codeConnect.pullRequestsDesc	Monitor team PRs and code reviews	የቡድን PR-ዎችን እና ኮድ ግምገማዎችን ይከታተሉ	PR garee fi gamaaggama koodii to'adhu	ናይ ጋንታ PRs ን ናይ ኮድ ግምገማታትን ተኸታተል	La socod PRs-ka kooxda iyo dib u eegista koodhka
codeConnect	codeConnect.contributors	Contributors	አስተዋጽኦ አድራጊዎች	Gumaachitoota	ኣበርከቲ	Wax-ku-biiriyayaal
codeConnect	codeConnect.contributorsDesc	View team member contributions	የቡድን አባላት አስተዋጽኦዎችን ይመልከቱ	Gumaacha miseensota garee ilaali	ናይ ኣባላት ጋንታ ኣበርክቶ ርአ	Arag wax-ku-biirinta xubnaha kooxda
codeConnect	codeConnect.commitTracking	Commit Tracking	ኮሚት ክትትል	Hordoffii Commit	ናይ ኮሚት ክትትል	Raadraacinta Commits
codeConnect	codeConnect.commitTrackingDesc	Track commits linked to goal milestones	ከግብ ማይልስቶኖች ጋር የተገናኙ ኮሚቶችን ይከታተሉ	Commit milestone galmoo waliin walitti hidhamanii hordofi	ምስ ናይ ዕላማ ዓበይቲ ምዕራፋት ዝተኣሳሰሩ ኮሚትታት ተኸታተል	Raadraac commits-ka ku xidhan marxaladaha hadafka
codeConnect	codeConnect.prProgress	PR Progress	PR እድገት	Adeemsa PR	ናይ PR ግስጋሰ	Horumarka PR
codeConnect	codeConnect.prProgressDesc	Monitor pull requests for goal deliverables	ለግብ ውጤቶች pull requests ይከታተሉ	Pull request bu'aa galmoof hordofi	ንናይ ዕላማ ውጽኢታት pull requests ተኸታተል	La socod pull requests-ka wax-soo-saarka hadafka
codeConnect	codeConnect.milestoneSync	Milestone Sync	ማይልስቶን ማመሳሰል	Walsimsii Milestone	ናይ ምዕራፍ ምስንኻል	Isku xidhka Marxaladaha
codeConnect	codeConnect.milestoneSyncDesc	Sync code milestones with goal tracking	የኮድ ማይልስቶኖችን ከግብ ክትትል ጋር ያመሳስሉ	Milestone koodii hordoffii galmoo waliin walsimsisi	ናይ ኮድ ምዕራፋት ምስ ናይ ዕላማ ክትትል ኣስንክል	Marxaladaha koodhka la mid ka dhig raadraacinta hadafka
codeConnect	codeConnect.chooseProviderTeams	Choose your code hosting provider to connect team repositories	የቡድን ሪፖዚቶሪዎችን ለማገናኘት የኮድ ማስተናገጃ አቅራቢዎን ይምረጡ	Kuusaalee garee walitti hidhuuf dhiyeessaa koodii keessan fili	ናይ ጋንታ ሪፖዚቶሪታት ንምርኻብ ናይ ኮድ ኣቕራቢ ምረጽ	Dooro bixiyaha kaydinta koodhka si aad ugu xidho kaydyada kooxda
codeConnect	codeConnect.chooseProviderGoals	Choose your code hosting provider to track goal progress	የግብ እድገትን ለመከታተል የኮድ ማስተናገጃ አቅራቢዎን ይምረጡ	Adeemsa galmoo hordofuuf dhiyeessaa koodii keessan fili	ናይ ዕላማ ግስጋሰ ንምክትታል ናይ ኮድ ኣቕራቢ ምረጽ	Dooro bixiyaha kaydinta koodhka si aad u raadraacdo horumarka hadafka
codeConnect	codeConnect.connectGitHub	Connect team GitHub repositories	የቡድን GitHub ሪፖዚቶሪዎችን ያገናኙ	Kuusaalee GitHub garee walitti hidhi	ናይ ጋንታ GitHub ሪፖዚቶሪታት ኣራኽብ	Ku xidh kaydyada GitHub ee kooxda
codeConnect	codeConnect.connectGitLab	Connect team GitLab repositories	የቡድን GitLab ሪፖዚቶሪዎችን ያገናኙ	Kuusaalee GitLab garee walitti hidhi	ናይ ጋንታ GitLab ሪፖዚቶሪታት ኣራኽብ	Ku xidh kaydyada GitLab ee kooxda
codeConnect	codeConnect.connectBitbucket	Connect team Bitbucket repositories	የቡድን Bitbucket ሪፖዚቶሪዎችን ያገናኙ	Kuusaalee Bitbucket garee walitti hidhi	ናይ ጋንታ Bitbucket ሪፖዚቶሪታት ኣራኽብ	Ku xidh kaydyada Bitbucket ee kooxda
codeConnect	codeConnect.connectGitHubGoals	Connect GitHub repositories	GitHub ሪፖዚቶሪዎችን ያገናኙ	Kuusaalee GitHub walitti hidhi	GitHub ሪፖዚቶሪታት ኣራኽብ	Ku xidh kaydyada GitHub
codeConnect	codeConnect.connectGitLabGoals	Connect GitLab repositories	GitLab ሪፖዚቶሪዎችን ያገናኙ	Kuusaalee GitLab walitti hidhi	GitLab ሪፖዚቶሪታት ኣራኽብ	Ku xidh kaydyada GitLab
codeConnect	codeConnect.connectBitbucketGoals	Connect Bitbucket repositories	Bitbucket ሪፖዚቶሪዎችን ያገናኙ	Kuusaalee Bitbucket walitti hidhi	Bitbucket ሪፖዚቶሪታት ኣራኽብ	Ku xidh kaydyada Bitbucket
codeConnect	codeConnect.connect	Connect	አገናኝ	Walitti Hidhi	ኣራኽብ	Ku xidh
codeConnect	codeConnect.connecting	Connecting	በማገናኘት ላይ	Walitti Hidhaa Jira	ይራኸብ ኣሎ	Waa la xidhiidhiyaa
codeConnect	codeConnect.redirectingOAuth	Redirecting to {provider} OAuth flow	ወደ {provider} OAuth ፍሰት በማዞር ላይ	Gara {provider} OAuth qajeelchaa jira	ናብ {provider} OAuth ይኸይድ ኣሎ	Waxaa loo jihayaa {provider} OAuth
teamForms	teamForms.title	Team Forms	የቡድን ቅጾች	Unkaawwan Garee	ናይ ጋንታ ቅጥዒታት	Foomamka Kooxda
teamForms	teamForms.heading	Team Form Templates	የቡድን ቅጽ አብነቶች	Unkaalee Garee Moodeela	ናይ ጋንታ ቅጥዒ ቅዳሓት	Qaababka Foomka Kooxda
teamForms	teamForms.subtitle	Choose a template to create team-related requests, reviews, and documentation	ከቡድን ጋር የተያያዙ ጥያቄዎችን፣ ግምገማዎችን እና ሰነዶችን ለመፍጠር አብነት ይምረጡ	Gaaffii, gamaaggama, fi galmeewwan garee waliin walqabataniif moodeela fili	ናይ ጋንታ ጠለባት፣ ግምገማታት፣ ን ሰነዳትን ንምፍጣር ቅዳሕ ምረጽ	Dooro qaab si aad u sameyso codsiyada, dib u eegisyada, iyo dukumentiyada la xiriira kooxda
teamForms	teamForms.teamOnboarding	Team Onboarding	የቡድን ማካተት	Simachuu Garee	ናይ ጋንታ ምቕባል	Soo dhoweynta Kooxda
teamForms	teamForms.teamOnboardingDesc	Onboard new team members	አዲስ የቡድን አባላትን ያካትቱ	Miseensota garee haaraa simadhu	ሓደስቲ ኣባላት ጋንታ ተቐበል	Soo dhowee xubnaha cusub ee kooxda
teamForms	teamForms.performanceReview	Performance Review	የአፈጻጸም ግምገማ	Gamaaggama Raawwannoo	ናይ ኣፈጻጽማ ግምገማ	Dib u eegista Waxqabadka
teamForms	teamForms.performanceReviewDesc	Quarterly team performance review	ሩብ ዓመታዊ የቡድን አፈጻጸም ግምገማ	Gamaaggama raawwannoo garee kurmaana waggaa	ናይ ሩብ ዓመት ናይ ጋንታ ኣፈጻጽማ ግምገማ	Dib u eegista waxqabadka kooxda oo rubuc-sannadlaha ah
teamForms	teamForms.teamMeeting	Team Meeting	የቡድን ስብሰባ	Wal-ga'ii Garee	ናይ ጋንታ ኣኼባ	Kulanka Kooxda
teamForms	teamForms.teamMeetingDesc	Schedule and document team meetings	የቡድን ስብሰባዎችን ያቅዱ እና ያስመዝግቡ	Wal-ga'ii garee qindeessi fi galmeessi	ናይ ጋንታ ኣኼባታት ስራዕ ን ሰንድን	Qorshe iyo diiwaangeli kulamada kooxda
teamForms	teamForms.teamOffboarding	Team Offboarding	የቡድን ማስወጣት	Gaggeessuu Garee	ናይ ጋንታ ምስንባት	Ka bixitaanka Kooxda
teamForms	teamForms.teamOffboardingDesc	Offboard departing team members	የሚለቁ የቡድን አባላትን ያስወጡ	Miseensota garee ba'an gaggeessi	ዝወጹ ኣባላት ጋንታ ኣሰናብት	Ka bixee xubnaha kooxda ee tegaya
teamForms	teamForms.resourceRequest	Resource Request	የሀብት ጥያቄ	Gaaffii Qabeenya	ናይ ጸጋ ጠለብ	Codsiga Kheyraadka
teamForms	teamForms.resourceRequestDesc	Request additional team resources	ተጨማሪ የቡድን ሀብቶችን ይጠይቁ	Qabeenya garee dabalataa gaafadhu	ተወሳኺ ናይ ጋንታ ጸጋታት ጠልብ	Codso kheyraad dheeraad ah oo kooxda
teamForms	teamForms.create	Create {name}	{name} ፍጠር	{name} Uumi	{name} ፍጠር	Samee {name}
teamForms	teamForms.submit	Submit {name}	{name} አስገባ	{name} Galchi	{name} ኣእቱ	Gudbi {name}
teamForms	teamForms.select	Select {name}	{name} ምረጥ	{name} Fili	{name} ምረጽ	Dooro {name}
teamForms	teamForms.formSubmitted	Form submitted	ቅጽ ገብቷል	Unkaan galche	ቅጥዒ ኣትዩ	Foomka waa la gudbiyey
teamForms	teamForms.formSubmittedSuccess	{name} submitted successfully	{name} በተሳካ ሁኔታ ገብቷል	{name} milkaa'inaan galche	{name} ብዓወት ኣትዩ	{name} si guul leh loo gudbiyey
teamForms	teamForms.teamMemberName	Team Member Name	የቡድን አባል ስም	Maqaa Miseensa Garee	ስም ኣባል ጋንታ	Magaca Xubin Kooxda
teamForms	teamForms.fullName	Full name	ሙሉ ስም	Maqaa guutuu	ምሉእ ስም	Magaca buuxa
teamForms	teamForms.email	Email	ኢሜይል	Imeelii	ኢመይል	Iimaylka
teamForms	teamForms.emailPlaceholder	email@company.com	email@company.com	email@company.com	email@company.com	email@company.com
teamForms	teamForms.role	Role	ሚና	Gahee	ተራ	Doorka
teamForms	teamForms.startDate	Start Date	የመጀመሪያ ቀን	Guyyaa Jalqabaa	ናይ ምጅማር ዕለት	Taariikhda bilowga
teamForms	teamForms.mentor	Mentor	አማካሪ	Gorsiisaa	ኣማኻሪ	La taliyaha
teamForms	teamForms.mentorPlaceholder	Assigned mentor name	የተመደበ አማካሪ ስም	Maqaa gorsiisaa ramadame	ዝተመደበ ናይ ኣማኻሪ ስም	Magaca la taliyaha loo xilsaaray
teamForms	teamForms.onboardingNotes	Onboarding Notes	የማካተት ማስታወሻዎች	Yaadannoo Simachuu	ናይ ምቕባል ማስታወሻታት	Qoraallada Soo dhoweynta
teamForms	teamForms.onboardingNotesPlaceholder	Special requirements, access needs...	ልዩ መስፈርቶች፣ የመዳረሻ ፍላጎቶች...	Ulaagaalee addaa, fedhii argachuu...	ፍሉይ ጠለባት፣ ናይ ኣገልግሎት ድሌታት...	Shuruudo gaar ah, baahida gelitaanka...
teamForms	teamForms.teamName	Team Name	የቡድን ስም	Maqaa Garee	ስም ጋንታ	Magaca Kooxda
teamForms	teamForms.teamBeingReviewed	Team being reviewed	የሚገመገም ቡድን	Gareen gamaaggamamaa jiru	ዝግምገም ዘሎ ጋንታ	Kooxda la dib u eegayo
teamForms	teamForms.reviewPeriod	Review Period	የግምገማ ጊዜ	Yeroo Gamaaggamaa	ናይ ግምገማ ግዜ	Mudada Dib u eegista
teamForms	teamForms.overallPerformance	Overall Performance	አጠቃላይ አፈጻጸም	Raawwannoo Waliigalaa	ሓፈሻዊ ኣፈጻጽማ	Waxqabadka Guud
teamForms	teamForms.keyAchievements	Key Achievements	ዋና ስኬቶች	Milkaa'inoota Ijoo	ቀንዲ ውጽኢታት	Guulaha Muhiimka ah
teamForms	teamForms.keyAchievementsPlaceholder	Major accomplishments this quarter...	በዚህ ሩብ ዓመት ዋና ስኬቶች...	Milkaa'inoota gurguddaa kurmaana waggaa kanaa...	ቀንዲ ዓወታት ናይዚ ሩብ ዓመት...	Guulaha waaweyn ee rubucsan ee...
teamForms	teamForms.areasForImprovement	Areas for Improvement	ለማሻሻል የሚያስፈልጉ ቦታዎች	Naannoowwan Fooyyessa Barbaadan	ናይ ምምሕያሽ ዓውድታት	Meelaha Loo Baahan Yahay Horumarinta
teamForms	teamForms.areasForImprovementPlaceholder	Opportunities for growth...	ለእድገት ዕድሎች...	Carraa guddina...	ዕድላት ንዕብየት...	Fursadaha kobcinta...
teamForms	teamForms.goalsForNextQuarter	Goals for Next Quarter	ለቀጣዩ ሩብ ዓመት ግቦች	Galmoota Kurmaana Waggaa Itti Aanuuf	ናይ ዝቕጽል ሩብ ዓመት ዕላማታት	Hadafyada Rubuca Xiga
teamForms	teamForms.goalsForNextQuarterPlaceholder	Objectives and key results...	ዓላማዎች እና ዋና ውጤቶች...	Kaayyoo fi bu'aawwan ijoo...	ዕላማታት ን ቀንዲ ውጽኢታትን...	Hadafyada iyo natiijooyinka muhiimka ah...
teamForms	teamForms.meetingTitle	Meeting Title	የስብሰባ ርዕስ	Mata-duree Wal-ga'ii	ኣርእስቲ ኣኼባ	Cinwaanka Kulanka
teamForms	teamForms.meetingTitlePlaceholder	e.g., Sprint Planning	ምሳሌ፣ Sprint Planning	fkn., Sprint Planning	ንኣብነት፣ Sprint Planning	tusaale, Sprint Planning
teamForms	teamForms.meetingType	Meeting Type	የስብሰባ ዓይነት	Gosa Wal-ga'ii	ዓይነት ኣኼባ	Nooca Kulanka
teamForms	teamForms.dateTime	Date & Time	ቀን እና ሰዓት	Guyyaa fi Sa'aatii	ዕለት ን ግዜን	Taariikh & Waqti
teamForms	teamForms.duration	Duration	ቆይታ	Turtii	ንውሓት	Muddada
teamForms	teamForms.agenda	Agenda	አጀንዳ	Ajandaa	ኣጀንዳ	Ajendaha
teamForms	teamForms.agendaPlaceholder	Meeting topics and objectives...	የስብሰባ ርዕሶች እና ዓላማዎች...	Mata-dureewwan fi kaayyoowwan wal-ga'ii...	ናይ ኣኼባ ኣርእስትታት ን ዕላማታትን...	Mowduucyada iyo hadafyada kulanka...
teamForms	teamForms.attendees	Attendees	ተሳታፊዎች	Hirmaattoota	ተሳተፍቲ	Ka qaybgalayaasha
teamForms	teamForms.attendeesPlaceholder	List team members (one per line)	የቡድን አባላትን ይዘርዝሩ (በእያንዳንዱ መስመር)	Miseensota garee tarreessi (sararaan tokkoon)	ኣባላት ጋንታ ዝርዝር (ሓደ ንሓደ ስርዓት)	Ku qor xubnaha kooxda (mid kastoo saf)
teamForms	teamForms.lastDay	Last Day	የመጨረሻ ቀን	Guyyaa Xumuraa	ናይ መወዳእታ መዓልቲ	Maalinta Ugu Dambeysa
teamForms	teamForms.reasonForLeaving	Reason for Leaving	የመልቀቂያ ምክንያት	Sababa Deemuu	ምኽንያት ምውጻእ	Sababta Ka bixitaanka
teamForms	teamForms.exitInterviewCompleted	Exit Interview Completed	የመውጫ ቃለ-መጠይቅ ተጠናቋል	Af-gaaffii Ba'iinsaa Xumurame	ናይ ምውጻእ ቃለ-መሕትት ተዛዚሙ	Wareysiga Ka bixitaanku Waa La Dhammeeyey
teamForms	teamForms.knowledgeTransferPlan	Knowledge Transfer Plan	የእውቀት ሽግግር ዕቅድ	Karoora Dabarsuu Beekumsaa	ናይ ፍልጠት ምስግጋር ውጥን	Qorshaha Wareejinta Aqoonta
teamForms	teamForms.knowledgeTransferPlanPlaceholder	Documentation and handoff details...	ሰነዶች እና የማስረከቢያ ዝርዝሮች...	Galmeewwan fi bal'ina dabarsuu...	ሰነድ ን ናይ ምርኻብ ዝርዝርን...	Dukumentiyada iyo faahfaahinaha wareejinta...
teamForms	teamForms.accessRevocationChecklist	Access Revocation Checklist	የመዳረሻ ሰረዛ ቼክሊስት	Tarree Sakatta'iinsaa Argachuu Dhaamsuu	ናይ ኣገልግሎት ምስራዝ ዝርዝር	Liiska Hubinta Ka saarista Gelitaanka
teamForms	teamForms.accessRevocationChecklistPlaceholder	Systems and accounts to be disabled...	የሚሰናከሉ ስርዓቶች እና መለያዎች...	Sirnoota fi herregota dhaamsamuu qaban...	ዝዕጸዉ ስርዓታት ን ኣካውንትታትን...	Nidaamyada iyo akoontiyadii la damiyey...
teamForms	teamForms.resourceType	Resource Type	የሀብት ዓይነት	Gosa Qabeenya	ዓይነት ጸጋ	Nooca Kheyraadka
teamForms	teamForms.requestPriority	Request Priority	የጥያቄ ቅድሚያ	Dursa Gaaffii	ቀዳምነት ጠለብ	Mudnaanta Codsiga
teamForms	teamForms.requestedBy	Requested By	የጠየቀው	Kan Gaafate	ዝጠለቦ	Waxaa Codsaday
teamForms	teamForms.yourName	Your name	ስምዎ	Maqaa keessan	ስምካ	Magacaaga
teamForms	teamForms.justification	Justification	ማረጋገጫ	Sababa	ምኽንያት	Sababta
teamForms	teamForms.justificationPlaceholder	Why is this resource needed?	ይህ ሀብት ለምን ያስፈልጋል?	Qabeenyi kun maaliif barbaachisa?	ስለምንታይ እዚ ጸጋ ኣድለየ?	Maxaa kheyraadkan loo baahan yahay?
teamForms	teamForms.expectedImpact	Expected Impact	የሚጠበቅ ተፅዕኖ	Dhiibbaa Eegamu	ዝጽበ ጽልዋ	Saameynta La Filayo
teamForms	teamForms.expectedImpactPlaceholder	How will this improve team performance?	ይህ የቡድን አፈጻጸምን እንዴት ያሻሽላል?	Kun raawwannoo garee akkamitti fooyyessa?	ከመይ ኣፈጻጽማ ጋንታ ከምዝመሓይሽ?	Sidee ayuu waxqabadka kooxda u hagaajin doonaa?
teamForms	teamForms.budgetEstimate	Budget Estimate	የበጀት ግምት	Tilmaama Baajeta	ግምት በጀት	Qiyaasta Miisaaniyada
teamForms	teamForms.budgetEstimatePlaceholder	Approximate cost if applicable	ተፈጻሚ ከሆነ ግምታዊ ወጪ	Gatii tilmaamaa yoo raawwatamu	ግምታዊ ወጻኢ እንተድኣ ተኣማሚኑ	Qiyaas kharashka haddii la dabaqo
teamPages	teamPages.title	Team Pages	የቡድን ገጾች	Fuulota Garee	ናይ ጋንታ ገጻት	Bogagga Kooxda
teamPages	teamPages.createPage	Create Page	ገጽ ፍጠር	Fuula Uumi	ገጽ ፍጠር	Bog Samee
teamPages	teamPages.allPages	All Pages	ሁሉም ገጾች	Fuulota Hundaa	ኩሎም ገጻት	Dhammaan Bogagga
teamPages	teamPages.templates	Templates	አብነቶች	Moodeelota	ቅዳሓት	Qaababka
teamPages	teamPages.pageTemplates	Page Templates	የገጽ አብነቶች	Moodeelota Fuulaa	ናይ ገጽ ቅዳሓት	Qaababka Bogga
teamPages	teamPages.templatesSubtitle	Choose a template to create team documentation and collaboration pages	የቡድን ሰነዶችን እና የትብብር ገጾችን ለመፍጠር አብነት ይምረጡ	Galmeewwan garee fi fuulota waliin hojjachuu uumuuf moodeela fili	ናይ ጋንታ ሰነዳት ን ናይ ምትሕብባር ገጻትን ንምፍጣር ቅዳሕ ምረጽ	Dooro qaab si aad u sameyso dukumentiyada kooxda iyo bogagga iskaashiga
teamPages	teamPages.browseAndManage	Browse and manage team documentation	የቡድን ሰነዶችን ያስሱ እና ያስተዳድሩ	Galmeewwan garee sakatta'i fi bulchi	ናይ ጋንታ ሰነዳት ርአ ን ኣመሓድርን	Baadh oo maamul dukumentiyada kooxda
teamPages	teamPages.teamCharter	Team Charter	የቡድን ቻርተር	Chaartarii Garee	ናይ ጋንታ ቻርተር	Axdiga Kooxda
teamPages	teamPages.teamCharterDesc	Define team mission, values, and goals	የቡድን ተልዕኮ፣ እሴቶች እና ግቦችን ይግለጹ	Ergama, duudhaa, fi galmoota garee ibsi	ዕላማ፣ ክብሪታት፣ ን ዕላማታትን ጋንታ ግለጽ	Qeex howlaha, qiyamka, iyo hadafyada kooxda
teamPages	teamPages.teamHandbook	Team Handbook	የቡድን መመሪያ	Qajeelfama Garee	ናይ ጋንታ መምርሒ	Buugga Hagaha Kooxda
teamPages	teamPages.teamHandbookDesc	Document team processes and best practices	የቡድን ሂደቶችን እና ምርጥ ተሞክሮዎችን ያስመዝግቡ	Adeemsa garee fi shaakala gaarii galmeessi	ናይ ጋንታ ስርሒታት ን ዝበለጹ ልምድታትን ሰንድ	Diiwaangeli habka shaqada kooxda iyo dhaqamada ugu wanaagsan
teamPages	teamPages.meetingNotes	Meeting Notes	የስብሰባ ማስታወሻዎች	Yaadannoo Wal-ga'ii	ናይ ኣኼባ ማስታወሻታት	Qoraallada Kulanka
teamPages	teamPages.meetingNotesDesc	Template for team meeting minutes	ለቡድን ስብሰባ ቃለ ጉባዔ አብነት	Moodeela yaa'ii wal-ga'ii garee	ናይ ጋንታ ኣኼባ ቃለ-ጉባኤ ቅዳሕ	Qaabka qoraalada kulanka kooxda
teamPages	teamPages.retrospective	Retrospective	ቀደም ሲል የተከናወኑ ግምገማ	Duubdeebii	ድሕረ-ግምገማ	Dib u eegis
teamPages	teamPages.retrospectiveDesc	Sprint or quarterly retrospective template	Sprint ወይም ሩብ ዓመታዊ ግምገማ አብነት	Moodeela duubdeebii Sprint ykn kurmaana waggaa	ናይ Sprint ወይ ሩብ ዓመት ድሕረ-ግምገማ ቅዳሕ	Qaabka dib u eegista Sprint ama rubuc-sannadlaha
teamPages	teamPages.teamGoals	Team Goals	የቡድን ግቦች	Galmoota Garee	ናይ ጋንታ ዕላማታት	Hadafyada Kooxda
teamPages	teamPages.teamGoalsDesc	Document quarterly or annual team objectives	ሩብ ዓመታዊ ወይም ዓመታዊ የቡድን ዓላማዎችን ያስመዝግቡ	Kaayyoowwan garee kurmaana waggaa ykn waggaa galmeessi	ናይ ሩብ ዓመት ወይ ዓመታዊ ናይ ጋንታ ዕላማታት ሰንድ	Diiwaangeli hadafyada rubuc-sannadlaha ama sannadlaha ee kooxda
teamPages	teamPages.teamRoster	Team Roster	የቡድን ዝርዝር	Tarree Garee	ናይ ጋንታ ዝርዝር	Liiska Kooxda
teamPages	teamPages.teamRosterDesc	Team member directory with roles and contacts	ሚናዎች እና አድራሻዎች ያሉት የቡድን አባላት ማውጫ	Galmee miseensota garee gahee fi quunnamtii waliin	ናይ ኣባላት ጋንታ ማውጽኢ ምስ ተራን ርክብን	Liiska xubnaha kooxda oo leh doorarka iyo xiriirka
teamPages	teamPages.create	Create {name}	{name} ፍጠር	{name} Uumi	{name} ፍጠር	Samee {name}
teamPages	teamPages.page	Page	ገጽ	Fuula	ገጽ	Bog
teamPages	teamPages.team	Team	ቡድን	Garee	ጋንታ	Koox
teamPages	teamPages.author	Author	ጸሐፊ	Barreessaa	ጸሓፊ	Qoraha
teamPages	teamPages.lastModified	Last Modified	ለመጨረሻ ጊዜ የተቀየረ	Yeroo Dhiyoo Jijjiirame	ናይ መወዳእታ ምቕያር	Markii ugu dambeysay la bedelay
goalPages	goalPages.title	Goal Pages	የግብ ገጾች	Fuulota Galmoo	ናይ ዕላማ ገጻት	Bogagga Hadafka
goalPages	goalPages.createPage	Create Page	ገጽ ፍጠር	Fuula Uumi	ገጽ ፍጠር	Bog Samee
goalPages	goalPages.allPages	All Pages	ሁሉም ገጾች	Fuulota Hundaa	ኩሎም ገጻት	Dhammaan Bogagga
goalPages	goalPages.templates	Templates	አብነቶች	Moodeelota	ቅዳሓት	Qaababka
goalPages	goalPages.pageTemplates	Page Templates	የገጽ አብነቶች	Moodeelota Fuulaa	ናይ ገጽ ቅዳሓት	Qaababka Bogga
goalPages	goalPages.templatesSubtitle	Choose a template to create goal planning and strategy documentation	የግብ ዕቅድ እና የስትራቴጂ ሰነዶችን ለመፍጠር አብነት ይምረጡ	Karoora galmoo fi galmeewwan tarsiimoo uumuuf moodeela fili	ናይ ዕላማ ውጥን ን ስትራተጂ ሰነዳትን ንምፍጣር ቅዳሕ ምረጽ	Dooro qaab si aad u sameyso dukumentiyada qorsheynta hadafka iyo istiraatiijiyada
goalPages	goalPages.browseAndManage	Browse and manage goal planning documentation	የግብ ዕቅድ ሰነዶችን ያስሱ እና ያስተዳድሩ	Galmeewwan karoora galmoo sakatta'i fi bulchi	ናይ ዕላማ ውጥን ሰነዳት ርአ ን ኣመሓድርን	Baadh oo maamul dukumentiyada qorsheynta hadafka
goalPages	goalPages.okrFrameworkGuide	OKR Framework Guide	የ OKR ማዕቀፍ መመሪያ	Qajeelfama Caasaa OKR	ናይ OKR ቅርጺ መምርሒ	Hagaha Qaab-dhismeedka OKR
goalPages	goalPages.okrFrameworkGuideDesc	Document your OKR methodology and best practices	የ OKR ዘዴዎን እና ምርጥ ተሞክሮዎችን ያስመዝግቡ	Mala OKR fi shaakala gaarii keessan galmeessi	ናይ OKR ኣገባብ ን ዝበለጹ ልምድታትን ሰንድ	Diiwaangeli habka OKR iyo dhaqamada ugu wanaagsan
goalPages	goalPages.goalPlanning	Goal Planning	የግብ ዕቅድ	Karoora Galmoo	ናይ ዕላማ ውጥን	Qorsheynta Hadafka
goalPages	goalPages.goalPlanningDesc	Template for quarterly and annual planning	ለሩብ ዓመታዊ እና ዓመታዊ ዕቅድ አብነት	Moodeela karoora kurmaana waggaa fi waggaa	ናይ ሩብ ዓመት ን ዓመታዊ ውጥንን ቅዳሕ	Qaabka qorsheynta rubuc-sannadlaha iyo sannadlaha
goalPages	goalPages.strategyDocument	Strategy Document	የስትራቴጂ ሰነድ	Galmee Tarsiimoo	ናይ ስትራተጂ ሰነድ	Dukumentiga Istiraatiijiyada
goalPages	goalPages.strategyDocumentDesc	Long-term strategic goals and initiatives	የረጅም ጊዜ ስትራቴጂካዊ ግቦች እና ተነሳሽነቶች	Galmoota tarsiimoo fi jalqabbii yeroo dheeraa	ናይ ነዊሕ ግዜ ስትራተጂካዊ ዕላማታት ን ተበግሶታትን	Hadafyada istiraatiijiga ah ee muda-dheer iyo hindisayaasha
goalPages	goalPages.okrReviewNotes	OKR Review Notes	የ OKR ግምገማ ማስታወሻዎች	Yaadannoo Gamaaggama OKR	ናይ OKR ግምገማ ማስታወሻታት	Qoraallada Dib u eegista OKR
goalPages	goalPages.okrReviewNotesDesc	Template for OKR review meetings	ለ OKR ግምገማ ስብሰባዎች አብነት	Moodeela wal-ga'ii gamaaggama OKR	ናይ OKR ግምገማ ኣኼባታት ቅዳሕ	Qaabka kulamada dib u eegista OKR
goalPages	goalPages.goalAlignmentMap	Goal Alignment Map	የግብ ማጣጣም ካርታ	Kaartaa Walsimsii Galmoo	ናይ ዕላማ ምስምማዕ ካርታ	Khariidada Isku-xidhka Hadafyada
goalPages	goalPages.goalAlignmentMapDesc	Visualize how team goals align with company objectives	የቡድን ግቦች ከድርጅቱ ዓላማዎች ጋር እንዴት እንደሚጣጣሙ ይመልከቱ	Galmooti garee kaayyoowwan dhaabbataa waliin akkamitti akka walsiman ilaali	ናይ ጋንታ ዕላማታት ምስ ናይ ኩባንያ ዕላማታት ከመይ ከም ዝስማዕሙ ርአ	Muuji sida hadafyada kooxda ugu habboon yihiin hadafyada shirkadda
goalPages	goalPages.successMetricsDashboard	Success Metrics Dashboard	የስኬት መለኪያ ዳሽቦርድ	Daashboordii Safartuu Milkaa'ina	ናይ ዓወት መለክዒ ዳሽቦርድ	Dashboorkka Cabbirrada Guusha
goalPages	goalPages.successMetricsDashboardDesc	Track and document key success indicators	ዋና የስኬት አመልካቾችን ይከታተሉ እና ያስመዝግቡ	Agarsiistoota milkaa'ina ijoo hordofi fi galmeessi	ቀንዲ ናይ ዓወት ኣመልከትቲ ተኸታተል ን ሰንድን	Raadraac oo diiwaangeli tilmaamaha muhiimka ah ee guusha
goalPages	goalPages.create	Create {name}	{name} ፍጠር	{name} Uumi	{name} ፍጠር	Samee {name}
goalPages	goalPages.page	Page	ገጽ	Fuula	ገጽ	Bog
goalPages	goalPages.relatedGoal	Related Goal	ተዛማጅ ግብ	Galmoo Walqabataa	ዝተኣሳሰረ ዕላማ	Hadafka La xiriira
goalPages	goalPages.author	Author	ጸሐፊ	Barreessaa	ጸሓፊ	Qoraha
goalPages	goalPages.lastModified	Last Modified	ለመጨረሻ ጊዜ የተቀየረ	Yeroo Dhiyoo Jijjiirame	ናይ መወዳእታ ምቕያር	Markii ugu dambeysay la bedelay
projectTimeline	projectTimeline.title	Timeline	የጊዜ ሰሌዳ	Sarara Yeroo	ናይ ግዜ ሰሌዳ	Jadwalka Waqtiga
projectTimeline	projectTimeline.project	project	ፕሮጀክት	pirojektii	ፕሮጀክት	mashruuc
projectTimeline	projectTimeline.projects	projects	ፕሮጀክቶች	pirojektota	ፕሮጀክትታት	mashruucyo
projectTimeline	projectTimeline.members	members	አባላት	miseensota	ኣባላት	xubnaha
projectTimeline	projectTimeline.tasks	tasks	ተግባራት	hojiiwwan	ተግባራት	hawlaha
projectList	projectList.title	Projects	ፕሮጀክቶች	Pirojektota	ፕሮጀክትታት	Mashruucyo
projectList	projectList.createProject	Create Project	ፕሮጀክት ፍጠር	Pirojektii Uumi	ፕሮጀክት ፍጠር	Mashruuc Samee
projectList	projectList.searchProjects	Search projects	ፕሮጀክቶችን ፈልግ	Pirojektota barbaadi	ፕሮጀክትታት ድለ	Raadi mashruucyo
projectList	projectList.allStatus	All Status	ሁሉም ሁኔታ	Haala Hundaa	ኩሉ ኩነታ	Dhammaan Xaaladaha
projectList	projectList.onTrack	On Track	በትክክል	Karaa Irra	ኣብ መስመር	Waa Hagaagsan yahay
projectList	projectList.atRisk	At Risk	አደጋ ላይ	Balaa Irra	ኣብ ሓደጋ	Khatar Ayuu ku jiraa
projectList	projectList.offTrack	Off Track	ከመስመር ውጭ	Karaa Irraa	ካብ መስመር	Ka baxay Wadada
projectList	projectList.noProjects	No projects	ፕሮጀክቶች የሉም	Pirojektiin hin jiru	ፕሮጀክትታት የለዉን	Mashruucyo ma jiraan
projectList	projectList.noProjectsMatchSearch	No projects match your search.	ከፍለጋዎ ጋር የሚዛመድ ፕሮጀክት የለም።	Pirojektiin barbaachaa keessan waliin walsimu hin jiru.	ምስ ድልየትካ ዝሰማማዕ ፕሮጀክት የለን።	Mashruuc la helin raadintaada.
projectList	projectList.getStarted	Get started by creating a new project.	አዲስ ፕሮጀክት በመፍጠር ይጀምሩ።	Pirojektii haaraa uumuun jalqabi.	ሓድሽ ፕሮጀክት ብምፍጣር ጀምር።	Bilow adoo sameeynaya mashruuc cusub.
projectList	projectList.project	Project	ፕሮጀክት	Pirojektii	ፕሮጀክት	Mashruuc
projectList	projectList.key	Key	ቁልፍ	Furtuu	መፍትሕ	Furaha
projectList	projectList.lead	Lead	መሪ	Hogganaa	መራሒ	Hogaamiyaha
projectList	projectList.members	Members	አባላት	Miseensota	ኣባላት	Xubnaha
projectList	projectList.tasks	Tasks	ተግባራት	Hojiiwwan	ተግባራት	Hawlaha
projectList	projectList.status	Status	ሁኔታ	Haala	ኩነታ	Xaalad
projectList	projectList.updated	Updated	ዘምኗል	Haaromfame	ዝተሓደሰ	La cusbooneysiiyey
budgetSettings	budgetSettings.title	Budget Settings	የበጀት ቅንብሮች	Qindaa'ina Baajeta	ናይ በጀት ቅጥዒታት	Dejinta Miisaaniyada
budgetSettings	budgetSettings.selectBudget	Select Budget	በጀት ይምረጡ	Baajeta Fili	በጀት ምረጽ	Miisaaniyad Dooro
budgetSettings	budgetSettings.generalSettings	General Settings	አጠቃላይ ቅንብሮች	Qindaa'ina Waliigalaa	ሓፈሻዊ ቅጥዒታት	Dejinta Guud
budgetSettings	budgetSettings.currency	Currency	ምንዛሬ	Maallaqa	ባጤራ	Lacagta
budgetSettings	budgetSettings.fiscalYearStartMonth	Fiscal Year Start Month	የበጀት ዓመት መጀመሪያ ወር	Ji'a Jalqaba Waggaa Baajeta	ናይ ፊስካል ዓመት መጀመርያ ወርሒ	Bisha Bilowga Sannad-maaliyadeedka
budgetSettings	budgetSettings.notifications	Notifications	ማሳወቂያዎች	Beeksisa	ሓበሬታታት	Ogeysiisyada
budgetSettings	budgetSettings.enableBudgetAlerts	Enable Budget Alerts	የበጀት ማንቂያዎችን አንቃ	Akeekkachiisa Baajeta Dandeessisi	ናይ በጀት ማንቃሕታ ኣብርህ	Daar Digniinta Miisaaniyada
budgetSettings	budgetSettings.enableBudgetAlertsDesc	Receive notifications when budgets approach their limits	በጀቶች ወሰናቸውን ሲቃረቡ ማሳወቂያ ይቀበሉ	Baajetni daangaa isaa yoo dhiyaatu beeksisa fudhacchuu	በጀታት ናብ ገደቦም ክቐርቡ ከለዉ ሓበሬታ ተቐበል	Hel ogeysiisyo markii miisaaniyadu ay u dhowaato xadkeeda
budgetSettings	budgetSettings.budgetAlertThreshold	Budget Alert Threshold (%)	የበጀት ማንቂያ ድንበር (%)	Daangaa Akeekkachiisa Baajeta (%)	ናይ በጀት ማንቃሕታ ደረጃ (%)	Heerka Digniinta Miisaaniyada (%)
budgetSettings	budgetSettings.budgetAlertThresholdDesc	Alert when budget utilization reaches this percentage	የበጀት አጠቃቀም ይህን መቶኛ ሲደርስ ያንቁ	Itti fayyadamni baajeta dhibbeentaa kana yoo ga'u akeekkachiisi	ናይ በጀት ኣጠቓቕማ ናብዚ ሚእታዊ ክበጽሕ ከሎ ኣጠንቅቕ	Dig markii isticmaalka miisaaniyadu gaadho boqolkiibatan
budgetSettings	budgetSettings.approvalWorkflow	Approval Workflow	የማጽደቂያ የሥራ ፍሰት	Adeemsa Hayyama	ናይ ምጽዳቕ ኣሰራርሓ	Habka Ansixinta
budgetSettings	budgetSettings.requireExpenseApproval	Require Expense Approval	የወጪ ማጽደቂያ ያስፈልጋል	Hayyama Baasii Barbaachisa	ናይ ወጻኢ ምጽዳቕ ግዴታ	U Baahan Ansixinta Kharashaadka
budgetSettings	budgetSettings.requireExpenseApprovalDesc	All expenses must be approved before being processed	ሁሉም ወጪዎች ከመስተናገዳቸው በፊት መጽደቅ አለባቸው	Baasiiwwan hunduu osoo hin gaggeeffamin hayyamuu qabu	ኩሎም ወጻኢታት ቅድሚ ምስራሖም ክጸድቑ ኣለዎም	Dhammaan kharashaadyada waa in la ansixiyaa ka hor inta aan la habeynin
budgetSettings	budgetSettings.approvalThresholdAmount	Approval Threshold Amount (ETB)	የማጽደቂያ ድንበር መጠን (ETB)	Hangaa Daangaa Hayyamaa (ETB)	ናይ ምጽዳቕ ደረጃ መጠን (ETB)	Xadka Lacagta Ansixinta (ETB)
budgetSettings	budgetSettings.approvalThresholdAmountDesc	Expenses above this amount require higher-level approval	ከዚህ መጠን በላይ ወጪዎች ከፍተኛ ደረጃ ማጽደቂያ ያስፈልጋቸዋል	Baasiiwwan hangaa kana ol hayyama sadarkaa olaanaa barbaadu	ካብዚ መጠን ንላዕሊ ዝኾኑ ወጻኢታት ናይ ላዕለዋይ ደረጃ ምጽዳቕ ይሓቱ	Kharashaadyada ka sarreeya lacagtan waxay u baahan yihiin ansixin heer sare
budgetSettings	budgetSettings.saveSettings	Save Settings	ቅንብሮችን አስቀምጥ	Qindaa'ina Olchi	ቅጥዒታት ኣቐምጥ	Kaydi Dejinta
budgetSettings	budgetSettings.noBudgetsFound	No Budgets Found	ምንም በጀት አልተገኘም	Baajetni Hin Argamne	በጀት ኣይተረኽበን	Miisaaniyad Lama Helin
budgetSettings	budgetSettings.noBudgetsFoundDesc	Create a budget in a project first to configure settings.	ቅንብሮችን ለማዋቀር መጀመሪያ በፕሮጀክት ውስጥ በጀት ይፍጠሩ።	Qindaa'ina qindeessuuf dursa pirojektii keessatti baajeta uumi.	ቅጥዒታት ንምውዳብ ኣቐዲምካ ኣብ ፕሮጀክት በጀት ፍጠር።	Marka hore ku samee miisaaniyad mashruuc si aad u habeeyso dejinta.
budgetSettings	budgetSettings.settingsSaved	Budget settings saved successfully	የበጀት ቅንብሮች በተሳካ ሁኔታ ተቀምጠዋል	Qindaa'inni baajeta milkaa'inaan olchame	ናይ በጀት ቅጥዒታት ብዓወት ተቐሚጡ	Dejinta miisaaniyada si guul leh loo kaydiyey
budgetSettings	budgetSettings.januaryMonth	January	ጥር	Amajjii	ጥሪ	Janaayo
budgetSettings	budgetSettings.februaryMonth	February	የካቲት	Guraandhala	ለካቲት	Febraayo
budgetSettings	budgetSettings.marchMonth	March	መጋቢት	Bitooteessa	መጋቢት	Maarso
budgetSettings	budgetSettings.aprilMonth	April	ሚያዚያ	Ebla	ሚያዝያ	Abriil
budgetSettings	budgetSettings.mayMonth	May	ግንቦት	Caamsaa	ግንቦት	Maajo
budgetSettings	budgetSettings.juneMonth	June	ሰኔ	Waxabajjii	ሰነ	Juun
budgetSettings	budgetSettings.julyMonth	July (Ethiopian FY)	ሐምሌ (የኢትዮጵያ በጀት ዓመት)	Adoolessa (Waggaa Baajeta Itoophiyaa)	ሓምለ (ኢትዮጵያዊ ፊስካል ዓመት)	Luulyo (Sannad-maaliyadeedka Itoobiya)
budgetSettings	budgetSettings.augustMonth	August	ነሐሴ	Hagayya	ነሓሰ	Agoosto
budgetSettings	budgetSettings.septemberMonth	September	መስከረም	Fulbaana	መስከረም	Sebtembar
budgetSettings	budgetSettings.octoberMonth	October	ጥቅምት	Onkoloolessa	ጥቅምቲ	Oktoobar
budgetSettings	budgetSettings.novemberMonth	November	ኅዳር	Sadaasa	ሕዳር	Nofembar
budgetSettings	budgetSettings.decemberMonth	December	ታኅሣሥ	Muddee	ታሕሳስ	Disembar
budgetSettings	budgetSettings.etbBirr	ETB - Ethiopian Birr	ETB - የኢትዮጵያ ብር	ETB - Birrii Itoophiyaa	ETB - ኢትዮጵያዊ ብር	ETB - Birta Itoobiya
budgetSettings	budgetSettings.usdDollar	USD - US Dollar	USD - የአሜሪካ ዶላር	USD - Doolara Ameerikaa	USD - ናይ ኣሜሪካ ዶላር	USD - Doolarka Maraykan
budgetSettings	budgetSettings.eurEuro	EUR - Euro	EUR - ዩሮ	EUR - Yuuroo	EUR - ዩሮ	EUR - Yuuroo
budgetSettings	budgetSettings.gbpPound	GBP - British Pound	GBP - የእንግሊዝ ፓውንድ	GBP - Paawundii Biritish	GBP - ናይ ብሪጣንያ ፓውንድ	GBP - Bowndka Ingiriiska
reports	reports.title	Reports	ሪፖርቶች	Gabaasaalee	ጸብጻባት	Warbixinno
reports	reports.loadingAnalytics	Loading analytics...	ትንታኔዎችን በመጫን ላይ...	Xiinxala fe'aa jira...	ትንተና ይጸዓን ኣሎ...	Falanqaynta waa la soo rarayaa...
reports	reports.activeProjects	Active Projects	ንቁ ፕሮጀክቶች	Pirojektota Hojii Irra	ንጡፋት ፕሮጀክትታት	Mashruucyada Firfircoon
reports	reports.taskCompletion	Task Completion	የተግባር ማጠናቀቂያ	Xumuura Hojii	ምፍጻም ተግባራት	Dhammaynta Hawlaha
reports	reports.goalsProgress	Goals Progress	የግቦች እድገት	Adeemsa Galmoota	ግስጋሰ ዕላማታት	Horumarka Hadafyada
reports	reports.teams	Teams	ቡድኖች	Gareelee	ጋንታታት	Kooxaha
reports	reports.projectActivity	Project Activity (Last 6 Months)	የፕሮጀክት እንቅስቃሴ (ባለፉት 6 ወራት)	Sochii Pirojektii (Ji'oota 6 Darbaniif)	ንጥፈት ፕሮጀክት (ናይ መወዳእታ 6 ኣዋርሕ)	Dhaqdhaqaaqa Mashruuca (6dii Bilood ee la soo Dhaafay)
reports	reports.topProjectsByCompletion	Top Projects by Completion	በማጠናቀቂያ ከፍተኛ ፕሮጀክቶች	Pirojektota Ol'aanoo Xumuura Irra	ብምፍጻም ዝበለጹ ፕሮጀክትታት	Mashruucyada Ugu Fiican ee Dhammaynta
reports	reports.attentionRequired	Attention Required	ትኩረት ያስፈልጋል	Xiyyeeffannoo Barbaada	ቆላሕታ ዘድሊ	Fiiro Gaar ah Loo Baahan Yahay
reports	reports.projectsAtRisk	projects at risk	አደጋ ላይ ያሉ ፕሮጀክቶች	pirojektota balaa irra	ኣብ ሓደጋ ዘለዉ ፕሮጀክትታት	mashruucyo khatar ku jira
reports	reports.overdueTasks	overdue tasks	ያለፈባቸው ተግባራት	hojiiwwan yeroon darbe	ግዜኦም ዝሓለፈ ተግባራት	hawlo waqtigoodu dhaafay
reports	reports.noDataYet	No Data Yet	ገና ዳታ የለም	Ammaaf Daataan Hin Jiru	ገና ዳታ የለን	Wali Xog Ma Jirto
reports	reports.noDataYetDesc	Create projects and tasks to see analytics and reports here.	ትንታኔዎችን እና ሪፖርቶችን ለማየት ፕሮጀክቶችን እና ተግባራትን ይፍጠሩ።	Xiinxala fi gabaasaalee asitti arguuf pirojektota fi hojiiwwan uumi.	ትንተና ን ጸብጻባትን ንምርኣይ ፕሮጀክትታት ን ተግባራትን ፍጠር።	Samee mashruucyo iyo hawlo si aad halkan uga aragto falanqaynta iyo warbixinnada.
reports	reports.upcomingMilestones	Upcoming Milestones	መጪ ማይልስቶኖች	Milestone Dhufaa Jiran	ዝመጹ ዓበይቲ ምዕራፋት	Marxaladaha Soo Socda
reports	reports.topContributors	Top Contributors	ከፍተኛ አስተዋጽኦ አድራጊዎች	Gumaachitoota Ol'aanoo	ዝበለጹ ኣበርከቲ	Wax-ku-biiriyayaasha Ugu Fiican
reports	reports.goalsOverview	Goals Overview	የግቦች አጠቃላይ እይታ	Ilaalcha Waliigalaa Galmoota	ሓፈሻዊ ትዕዝብቲ ዕላማታት	Guud Mar Hadafyada
reports	reports.totalGoals	Total Goals	ጠቅላላ ግቦች	Galmoota Waliigalaa	ጠቕላላ ዕላማታት	Wadarta Hadafyada
reports	reports.completed	Completed	ተጠናቅቋል	Xumurame	ዝተወድኡ	La dhammeeyey
reports	reports.averageProgress	average progress	አማካይ እድገት	adeemsa giddu galeessaa	ማእከላይ ግስጋሰ	horumar celceliska ah
reports	reports.created	Created	ተፈጥሯል	Uumame	ዝተፈጥሩ	La sameeyey
reports	reports.totalLabel	total	ጠቅላላ	waliigalaa	ጠቕላላ	wadarta
reports	reports.tasks	tasks	ተግባራት	hojiiwwan	ተግባራት	hawlaha
reports	reports.members	members	አባላት	miseensota	ኣባላት	xubnaha
reports	reports.contributions	contributions	አስተዋጽኦዎች	gumaachota	ኣበርክቶ	wax-ku-biirinta
reports	reports.daysLeft	d left	ቀ ቀርቷል	g hafe	መ ተሪፉ	m hartay
projectSettings	projectSettings.title	Project Settings	የፕሮጀክት ቅንብሮች	Qindaa'ina Pirojektii	ናይ ፕሮጀክት ቅጥዒታት	Dejinta Mashruuca
projectSettings	projectSettings.saveChanges	Save Changes	ለውጦችን አስቀምጥ	Jijjiirama Olchi	ለውጥታት ኣቐምጥ	Kaydi Isbedelada
projectSettings	projectSettings.general	General	አጠቃላይ	Waliigalaa	ሓፈሻዊ	Guud
projectSettings	projectSettings.notifications	Notifications	ማሳወቂያዎች	Beeksisa	ሓበሬታታት	Ogeysiisyada
projectSettings	projectSettings.membersPermissions	Members & Permissions	አባላት እና ፈቃዶች	Miseensota fi Hayyama	ኣባላት ን ፍቓዳትን	Xubnaha & Ogolaanshaha
projectSettings	projectSettings.workflows	Workflows	የሥራ ፍሰቶች	Adeemsa Hojii	ናይ ስራሕ ኣሰራርሓ	Habka Shaqada
projectSettings	projectSettings.security	Security	ደህንነት	Nageenya	ድሕነት	Amniga
projectSettings	projectSettings.generalSettings	General Settings	አጠቃላይ ቅንብሮች	Qindaa'ina Waliigalaa	ሓፈሻዊ ቅጥዒታት	Dejinta Guud
projectSettings	projectSettings.generalSettingsDesc	Configure default project settings and behavior	ነባሪ የፕሮጀክት ቅንብሮችን እና ባህሪን ያዋቅሩ	Qindaa'ina fi amala pirojektii durtii qindeessi	ነባሪ ናይ ፕሮጀክት ቅጥዒታት ን ባህርይን ኣወዳድብ	Habeyn dejinta caadiga ah ee mashruuca iyo dhaqankiisa
projectSettings	projectSettings.defaultProjectStatus	Default Project Status	ነባሪ የፕሮጀክት ሁኔታ	Haala Pirojektii Durtii	ነባሪ ናይ ፕሮጀክት ኩነታ	Xaaladda Caadiga ah ee Mashruuca
projectSettings	projectSettings.planning	Planning	ዕቅድ	Karoora	ውጥን	Qorsheyn
projectSettings	projectSettings.active	Active	ንቁ	Hojii Irra	ንጡፍ	Firfircoon
projectSettings	projectSettings.onHold	On Hold	በእንጥልጥል	Dhaabbatee	ኣብ ምጽባይ	Waa la hakiyey
projectSettings	projectSettings.autoArchive	Auto-archive completed projects	የተጠናቀቁ ፕሮጀክቶችን በራስ-ሰር ማከማቸት	Pirojektota xumuramanii ofumaan kuusi	ዝተወድኡ ፕሮጀክትታት ብኣውቶማቲክ ኣርካይቭ ግበር	Si toos ah u kaydi mashruucyada la dhammeeyey
projectSettings	projectSettings.autoArchiveDesc	Automatically archive projects 30 days after completion	ፕሮጀክቶችን ከተጠናቀቁ 30 ቀናት በኋላ በራስ-ሰር ያከማቹ	Pirojektota xumuramanii guyyaa 30 booda ofumaan kuusi	ፕሮጀክትታት ድሕሪ ምውዳኦም 30 መዓልታት ብኣውቶማቲክ ኣርካይቭ ግበር	Si toos ah u kaydi mashruucyada 30 maalmood ka dib marka la dhammeeyey
projectSettings	projectSettings.requireApproval	Require approval for project creation	ለፕሮጀክት መፍጠር ማጽደቂያ ያስፈልጋል	Pirojektii uumuuf hayyama barbaachisa	ንፕሮጀክት ምፍጣር ምጽዳቕ ግዴታ	U baahan ansixinta abuuritaanka mashruuca
projectSettings	projectSettings.requireApprovalDesc	New projects must be approved by an admin before becoming active	አዲስ ፕሮጀክቶች ንቁ ከመሆናቸው በፊት በአስተዳዳሪ መጽደቅ አለባቸው	Pirojektoonni haaraan osoo hojii irra hin oolin bulchaan hayyamamuu qabu	ሓደስቲ ፕሮጀክትታት ቅድሚ ንጡፋት ምዃኖም ብኣድሚን ክጸድቑ ኣለዎም	Mashruucyada cusub waa in maamulaha ansixiyaa ka hor inta aysan firfircoonaanin
projectSettings	projectSettings.notificationPreferences	Notification Preferences	የማሳወቂያ ምርጫዎች	Filannoo Beeksisaa	ናይ ሓበሬታ ምርጫታት	Doorashada Ogeysiisyada
projectSettings	projectSettings.notificationPreferencesDesc	Manage how and when you receive project notifications	የፕሮጀክት ማሳወቂያዎችን እንዴት እና መቼ እንደሚቀበሉ ያስተዳድሩ	Beeksisa pirojektii akkamitti fi yoom akka fudhattan bulchi	ናይ ፕሮጀክት ሓበሬታታት ከመይ ን መዓስን ከም ትቕበል ኣመሓድር	Maamul sida iyo goorta aad ku hesho ogeysiisyada mashruuca
projectSettings	projectSettings.emailNotifications	Email notifications	የኢሜይል ማሳወቂያዎች	Beeksisa imeelii	ናይ ኢመይል ሓበሬታታት	Ogeysiisyada iimayl
projectSettings	projectSettings.emailNotificationsDesc	Receive email updates for project activity	ለፕሮጀክት እንቅስቃሴ የኢሜይል ዝመናዎችን ይቀበሉ	Sochii pirojektiif haaromsa imeelii fudhacchuu	ንናይ ፕሮጀክት ንጥፈታት ናይ ኢመይል ሓበሬታ ተቐበል	Ku hel cusboonaysiinta mashruuca iimayl
projectSettings	projectSettings.notifyWhenMentioned	Notify when mentioned	ሲጠቀሱ ያሳውቁ	Yeroo caqasamanitti beeksisi	ክጥቀሱ ከለዉ ሓብር	Ogeysii markii la sheego
projectSettings	projectSettings.notifyWhenMentionedDesc	Get notified when someone mentions you in a comment	አንድ ሰው በአስተያየት ውስጥ ሲጠቅስዎት ማሳወቂያ ይቀበሉ	Namni yaada keessatti isin yoo caqase beeksisa argattu	ሓደ ሰብ ኣብ ርእይቶ ክጠቅሰካ ከሎ ሓበሬታ ተቐበል	Hel ogeysiis markii qof kugu sheego faallo
projectSettings	projectSettings.notifyOnAssignment	Notify on assignment	ሲመደቡ ያሳውቁ	Yeroo ramadamanitti beeksisi	ኣብ ምምዳብ ሓብር	Ogeysii markii la xilsaaro
projectSettings	projectSettings.notifyOnAssignmentDesc	Get notified when assigned to a project or task	ለፕሮጀክት ወይም ተግባር ሲመደቡ ማሳወቂያ ይቀበሉ	Pirojektii ykn hojiitti yeroo ramadamanitti beeksisa argattu	ኣብ ፕሮጀክት ወይ ተግባር ክትምደብ ከለኻ ሓበሬታ ተቐበል	Hel ogeysiis markii mashruuc ama hawl lagugu xilsaaro
projectSettings	projectSettings.weeklyProjectDigest	Weekly project digest	ሳምንታዊ የፕሮጀክት ማጠቃለያ	Cuunfaa pirojektii torbaniin	ሰሙናዊ ናይ ፕሮጀክት ጽሟቕ	Soo koobidda mashruuca toddobaadlaha
projectSettings	projectSettings.weeklyProjectDigestDesc	Receive a weekly summary of project activity	ሳምንታዊ የፕሮጀክት እንቅስቃሴ ማጠቃለያ ይቀበሉ	Cuunfaa sochii pirojektii torbaniin fudhacchuu	ሰሙናዊ ጽሟቕ ናይ ፕሮጀክት ንጥፈት ተቐበል	Hel soo koobid toddobaadlaha ah oo ku saabsan dhaqdhaqaaqa mashruuca
projectSettings	projectSettings.membersPermissionsDesc	Manage access control and permissions	የመዳረሻ ቁጥጥር እና ፈቃዶችን ያስተዳድሩ	To'annoo argachuu fi hayyama bulchi	ናይ ኣገልግሎት ቁጽጽር ን ፍቓዳትን ኣመሓድር	Maamul xakamaynta gelitaanka iyo ogolaanshaha
projectSettings	projectSettings.membersComingSoon	Member management and role-based access control settings coming soon...	የአባላት አስተዳደር እና ሚና ላይ የተመሰረተ የመዳረሻ ቁጥጥር ቅንብሮች በቅርቡ ይመጣሉ...	Qindaa'inni bulchiinsa miseensotaa fi to'annoo argachuu gahee irratti hundaa'e dhiyootti ni dhufa...	ናይ ኣባላት ምሕደራ ን ተራ-ዝተመስረተ ናይ ኣገልግሎት ቁጽጽር ቅጥዒታት ኣብ ቀረባ ይመጽእ...	Maaraynta xubnaha iyo dejinta xakamaynta gelitaanka ee ku salaysan doorka waa iman doontaa dhowaan...
projectSettings	projectSettings.workflowsDesc	Customize project workflows and statuses	የፕሮጀክት የሥራ ፍሰቶችን እና ሁኔታዎችን ያብጁ	Adeemsa hojii fi haala pirojektii jijjiiri	ናይ ፕሮጀክት ናይ ስራሕ ኣሰራርሓ ን ኩነታትን ኣዳሉ	U habeyn habka shaqada mashruuca iyo xaaladaha
projectSettings	projectSettings.workflowsComingSoon	Workflow customization coming soon...	የሥራ ፍሰት ማበጀት በቅርቡ ይመጣል...	Jijjiirraa adeemsa hojii dhiyootti ni dhufa...	ናይ ስራሕ ኣሰራርሓ ምዕጣቕ ኣብ ቀረባ ይመጽእ...	Habeynta habka shaqadu waa iman doontaa dhowaan...
projectSettings	projectSettings.securityDesc	Security and privacy settings	የደህንነት እና ግላዊነት ቅንብሮች	Qindaa'ina nageenya fi iccitii	ናይ ድሕነት ን ውልቃውነትን ቅጥዒታት	Dejinta amniga iyo asturnaanta
projectSettings	projectSettings.allowGuestAccess	Allow guest access	የእንግዳ መዳረሻ ፍቀድ	Argachuu keessummaaf hayyami	ናይ ጋሻ ኣገልግሎት ፍቐድ	U oggolow gelitaanka marti
projectSettings	projectSettings.allowGuestAccessDesc	Enable external users to view projects with read-only access	ውጫዊ ተጠቃሚዎች ፕሮጀክቶችን በማንበብ ብቻ እንዲመለከቱ ያንቁ	Fayyadamtoonni alaa pirojektota dubbisuu qofaan akka ilaalaniif dandeessisi	ናይ ደገ ተጠቀምቲ ፕሮጀክትታት ብምንባብ ጥራይ ክርእዩ ኣኽእል	U oggolow isticmaalayaasha dibadda inay mashruucyada arkaan oo kaliya akhris
projectsSummary	projectsSummary.title	Projects Overview	የፕሮጀክቶች አጠቃላይ እይታ	Ilaalcha Waliigalaa Pirojektota	ሓፈሻዊ ትዕዝብቲ ፕሮጀክትታት	Guud Mar Mashruucyada
projectsSummary	projectsSummary.loadingAnalyticsData	Loading analytics data...	የትንታኔ ዳታ በመጫን ላይ...	Daataa xiinxalaa fe'aa jira...	ናይ ትንተና ዳታ ይጸዓን ኣሎ...	Xogta falanqaynta waa la soo rarayaa...
projectsSummary	projectsSummary.totalProjects	Total Projects	ጠቅላላ ፕሮጀክቶች	Pirojektota Waliigalaa	ጠቕላላ ፕሮጀክትታት	Wadarta Mashruucyada
projectsSummary	projectsSummary.activeProjects	Active Projects	ንቁ ፕሮጀክቶች	Pirojektota Hojii Irra	ንጡፋት ፕሮጀክትታት	Mashruucyada Firfircoon
projectsSummary	projectsSummary.completed	Completed	ተጠናቅቋል	Xumurame	ዝተወድኡ	La dhammeeyey
projectsSummary	projectsSummary.atRisk	At Risk	አደጋ ላይ	Balaa Irra	ኣብ ሓደጋ	Khatar ku jira
projectsSummary	projectsSummary.projectHealth	Project Health	የፕሮጀክት ጤና	Fayyummaa Pirojektii	ጥዕና ፕሮጀክት	Caafimaadka Mashruuca
projectsSummary	projectsSummary.onTrack	On Track	በትክክል	Karaa Irra	ኣብ መስመር	Waa Hagaagsan yahay
projectsSummary	projectsSummary.offTrack	Off Track	ከመስመር ውጭ	Karaa Irraa	ካብ መስመር	Ka baxay Wadada
projectsSummary	projectsSummary.projectTrends	Project Trends	የፕሮጀክት አዝማሚያዎች	Adeemsa Pirojektii	ናይ ፕሮጀክት ዝንባሌታት	Isbedelada Mashruuca
projectsSummary	projectsSummary.topPerformingProjects	Top Performing Projects	ከፍተኛ አፈጻጸም ያላቸው ፕሮጀክቶች	Pirojektota Raawwannoo Ol'aanaa	ዝበለጸ ኣፈጻጽማ ዘለዎም ፕሮጀክትታት	Mashruucyada Waxqabadka Ugu Fiican
projectsSummary	projectsSummary.viewAll	View All	ሁሉንም ይመልከቱ	Hundaa Ilaali	ኩሉ ርአ	Dhammaan Arag
projectsSummary	projectsSummary.upcomingMilestones	Upcoming Milestones	መጪ ማይልስቶኖች	Milestone Dhufaa Jiran	ዝመጹ ዓበይቲ ምዕራፋት	Marxaladaha Soo Socda
projectsSummary	projectsSummary.daysLeft	days left	ቀናት ቀርተዋል	guyyaa hafe	መዓልታት ተሪፉ	maalmood hartay
projectsSummary	projectsSummary.recentActivity	Recent Activity	የቅርብ ጊዜ እንቅስቃሴ	Sochii Dhiyoo	ናይ ቀረባ ንጥፈት	Dhaqdhaqaaqa Dhowaan
projectsSummary	projectsSummary.performanceInsight	Performance Insight	የአፈጻጸም ግንዛቤ	Hubannoo Raawwannoo	ናይ ኣፈጻጽማ ትንተና	Aragti Waxqabadka
projectsSummary	projectsSummary.last7Days	Last 7 Days	ባለፉት 7 ቀናት	Guyyaa 7 Darban	ናይ መወዳእታ 7 መዓልታት	7dii Maalmood ee la soo Dhaafay
projectsSummary	projectsSummary.last30Days	Last 30 Days	ባለፉት 30 ቀናት	Guyyaa 30 Darban	ናይ መወዳእታ 30 መዓልታት	30ka Maalmood ee la soo Dhaafay
projectsSummary	projectsSummary.last90Days	Last 90 Days	ባለፉት 90 ቀናት	Guyyaa 90 Darban	ናይ መወዳእታ 90 መዓልታት	90ka Maalmood ee la soo Dhaafay
projectsSummary	projectsSummary.tasks	tasks	ተግባራት	hojiiwwan	ተግባራት	hawlaha
projectsSummary	projectsSummary.created	Created	ተፈጥሯል	Uumame	ዝተፈጥሩ	La sameeyey
projectsSummary	projectsSummary.completedLegend	Completed	ተጠናቅቋል	Xumurame	ዝተወድኡ	La dhammeeyey
projectPages	projectPages.title	Pages	ገጾች	Fuulota	ገጻት	Bogagga
projectPages	projectPages.createPage	Create Page	ገጽ ፍጠር	Fuula Uumi	ገጽ ፍጠር	Bog Samee
projectPages	projectPages.projectDocumentation	Project documentation	የፕሮጀክት ሰነዶች	Galmeewwan pirojektii	ናይ ፕሮጀክት ሰነዳት	Dukumentiyada mashruuca
projectPages	projectPages.projectDocumentationDesc	Create pages to document your projects, share knowledge, and keep your team aligned.	ፕሮጀክቶችዎን ለማስመዝገብ፣ እውቀት ለማጋራት እና ቡድንዎን ለማስማማት ገጾችን ይፍጠሩ።	Pirojektota keessan galmeessuuf, beekumsa qooduuf, fi garee keessan walsimsisuuf fuulota uumi.	ፕሮጀክትታትካ ንምሰናድ፣ ፍልጠት ንምክፋል፣ ን ጋንታኻ ንምስምማዕ ገጻት ፍጠር።	Samee bogag si aad u diiwaangeliso mashruucyadaada, wadaagto aqoonta, oo kooxdaada isku xidho.
projectPages	projectPages.blankPage	Blank Page	ባዶ ገጽ	Fuula Duwwaa	ባዶ ገጽ	Bog Madhan
projectPages	projectPages.blankPageDesc	Start from scratch with a blank canvas	ከባዶ ሸራ ይጀምሩ	Fuula duwwaa irraa jalqabi	ብባዶ ካንቫስ ካብ ባዶ ጀምር	Ka bilow bog madhan oo cusub
projectPages	projectPages.projectBrief	Project Brief	የፕሮጀክት ማጠቃለያ	Cuunfaa Pirojektii	ናይ ፕሮጀክት ጽሟቕ	Soo koobidda Mashruuca
projectPages	projectPages.projectBriefDesc	Document project goals, scope, and deliverables	የፕሮጀክት ግቦችን፣ ወሰንን እና ውጤቶችን ያስመዝግቡ	Galmoota, daangaa, fi bu'aawwan pirojektii galmeessi	ናይ ፕሮጀክት ዕላማታት፣ ዓውዲ፣ ን ውጽኢታትን ሰንድ	Diiwaangeli hadafyada, baaxadda, iyo wax-soo-saarka mashruuca
projectPages	projectPages.technicalSpec	Technical Spec	ቴክኒካል ዝርዝር	Ibsa Teeknikaalaa	ናይ ቴክኒክ ዝርዝር	Faahfaahinta Farsamada
projectPages	projectPages.technicalSpecDesc	Document technical requirements and architecture	ቴክኒካል መስፈርቶችን እና አርክቴክቸርን ያስመዝግቡ	Ulaagaalee teeknikaalaa fi ijaarsa galmeessi	ናይ ቴክኒክ ጠለባት ን ኣርክተክቸርን ሰንድ	Diiwaangeli shuruudaha farsamada iyo qaab-dhismeedka
projectPages	projectPages.createYourFirstPage	Create Your First Page	የመጀመሪያ ገጽዎን ይፍጠሩ	Fuula Jalqabaa Keessan Uumaa	ቀዳማይ ገጽካ ፍጠር	Boggaaga Koowaad Samee
projectCode	projectCode.title	Code	ኮድ	Koodii	ኮድ	Koodhka
projectCode	projectCode.connectRepository	Connect Repository	ሪፖዚቶሪ አገናኝ	Kuusaa Walitti Hidhi	ሪፖዚቶሪ ኣራኽብ	Ku xidh Kaydka
projectCode	projectCode.connectYourCodeRepo	Connect your code repository	የኮድ ሪፖዚቶሪዎን ያገናኙ	Kuusaa koodii keessan walitti hidhi	ናይ ኮድ ሪፖዚቶሪኻ ኣራኽብ	Ku xidh kaydka koodhkaaga
projectCode	projectCode.connectYourCodeRepoDesc	Link repositories to track commits, PRs, and branches alongside your projects.	ኮሚቶችን፣ PR-ዎችን እና ቅርንጫፎችን ከፕሮጀክቶችዎ ጋር ለመከታተል ሪፖዚቶሪዎችን ያገናኙ።	Commit, PR, fi damee pirojektota keessan waliin hordofuuf kuusaalee walitti hidhi.	ሪፖዚቶሪታት ኣራኽብ ኮሚትታት፣ PRs፣ ን ጨንፈራትን ምስ ፕሮጀክትታትካ ንምክትታል።	Kaydyada ku xidh si aad u raadraacdo commits, PRs, iyo laamaha mashruucyadaada.
projectCode	projectCode.commits	Commits	ኮሚቶች	Commit	ኮሚትታት	Commits
projectCode	projectCode.commitsDesc	Track code commits linked to projects	ከፕሮጀክቶች ጋር የተገናኙ የኮድ ኮሚቶችን ይከታተሉ	Commit koodii pirojektota waliin walitti hidhamanii hordofi	ምስ ፕሮጀክትታት ዝተኣሳሰሩ ናይ ኮድ ኮሚትታት ተኸታተል	Raadraac commits-ka koodhka ee ku xidhan mashruucyada
projectCode	projectCode.pullRequests	Pull Requests	Pull Requests	Pull Requests	Pull Requests	Pull Requests
projectCode	projectCode.pullRequestsDesc	Monitor PRs and code reviews	PR-ዎችን እና ኮድ ግምገማዎችን ይከታተሉ	PR fi gamaaggama koodii to'adhu	PRs ን ናይ ኮድ ግምገማታትን ተኸታተል	La socod PRs-ka iyo dib u eegista koodhka
projectCode	projectCode.branches	Branches	ቅርንጫፎች	Dameelee	ጨንፈራት	Laamaha
projectCode	projectCode.branchesDesc	View active feature branches	ንቁ የባህሪ ቅርንጫፎችን ይመልከቱ	Dameelee amala hojii irra jiran ilaali	ንጡፋት ናይ ባህርይ ጨንፈራት ርአ	Arag laamaha sifooyinka ee firfircoon
projectCode	projectCode.chooseProvider	Choose your code hosting provider to connect repositories	ሪፖዚቶሪዎችን ለማገናኘት የኮድ ማስተናገጃ አቅራቢዎን ይምረጡ	Kuusaalee walitti hidhuuf dhiyeessaa koodii keessan fili	ሪፖዚቶሪታት ንምርኻብ ናይ ኮድ ኣቕራቢ ምረጽ	Dooro bixiyaha kaydinta koodhka si aad ugu xidho kaydyada
projectCode	projectCode.connectGitHub	Connect your GitHub repositories	GitHub ሪፖዚቶሪዎችዎን ያገናኙ	Kuusaalee GitHub keessan walitti hidhi	ናይ GitHub ሪፖዚቶሪታትካ ኣራኽብ	Ku xidh kaydyadaada GitHub
projectCode	projectCode.connectGitLab	Connect your GitLab repositories	GitLab ሪፖዚቶሪዎችዎን ያገናኙ	Kuusaalee GitLab keessan walitti hidhi	ናይ GitLab ሪፖዚቶሪታትካ ኣራኽብ	Ku xidh kaydyadaada GitLab
projectCode	projectCode.connectBitbucket	Connect your Bitbucket repositories	Bitbucket ሪፖዚቶሪዎችዎን ያገናኙ	Kuusaalee Bitbucket keessan walitti hidhi	ናይ Bitbucket ሪፖዚቶሪታትካ ኣራኽብ	Ku xidh kaydyadaada Bitbucket
projectCode	projectCode.connect	Connect	አገናኝ	Walitti Hidhi	ኣራኽብ	Ku xidh
projectForms	projectForms.title	Project Forms	የፕሮጀክት ቅጾች	Unkaawwan Pirojektii	ናይ ፕሮጀክት ቅጥዒታት	Foomamka Mashruuca
projectForms	projectForms.chooseTemplate	Choose a template	አብነት ይምረጡ	Moodeela fili	ቅዳሕ ምረጽ	Dooro qaab
projectForms	projectForms.chooseTemplateDesc	Select a template to quickly create standardized project items	ደረጃቸውን የጠበቁ የፕሮጀክት ዕቃዎችን በፍጥነት ለመፍጠር አብነት ይምረጡ	Wantoota pirojektii istaandaardii saffisaan uumuuf moodeela fili	ስታንዳርድ ናይ ፕሮጀክት ኣቑሑት ብቕልጡፍ ንምፍጣር ቅዳሕ ምረጽ	Dooro qaab si aad si dhakhso ah u sameyso waxyaabaha caadiga ah ee mashruuca
projectForms	projectForms.bugReport	Bug Report	የስህተት ሪፖርት	Gabaasa Dogoggora	ናይ ጸገም ጸብጻብ	Warbixinta Cilladda
projectForms	projectForms.bugReportDesc	Report bugs and technical issues with detailed reproduction steps	ዝርዝር የመድገሚያ ደረጃዎች ያሉት ስህተቶችን እና ቴክኒካል ችግሮችን ሪፖርት ያድርጉ	Dogoggora fi rakkoo teeknikaalaa tarkaanfii irra deebi'uu bal'aa waliin gabaasi	ምስ ዝርዝር ናይ ምድጋም ስጉምትታት ጸገማት ን ቴክኒካዊ ጉዳያትን ሓብር	Ka warbixin cilladaha iyo dhibaatooyinka farsamada oo leh tillaabooyin faahfaahsan oo dib u soo saarid ah
projectForms	projectForms.featureRequest	Feature Request	የባህሪ ጥያቄ	Gaaffii Amala	ናይ ባህርይ ጠለብ	Codsiga Sifada
projectForms	projectForms.featureRequestDesc	Propose new features and enhancements	አዲስ ባህሪያትን እና ማሻሻያዎችን ያቅርቡ	Amaloota haaraa fi fooyyessa dhiyeessi	ሓደስቲ ባህርያት ን ምምሕያሻትን ኣቕርብ	Soo jeediso sifooyinka cusub iyo horumarinta
projectForms	projectForms.task	Task	ተግባር	Hojii	ተግባር	Hawl
projectForms	projectForms.taskDesc	Create actionable tasks and to-dos	ሊሠሩ የሚችሉ ተግባራትን ይፍጠሩ	Hojiiwwan raawwatamuu danda'an uumi	ተግባራዊ ስራሓት ን ናይ ምግባር ዝርዝርን ፍጠር	Samee hawlo la fulin karo iyo waxyaabaha la qaban doono
projectForms	projectForms.epic	Epic	Epic	Epic	ኤፒክ	Shaqo Weyn
projectForms	projectForms.epicDesc	Large body of work that can be broken down into stories	ወደ ታሪኮች ሊከፋፈል የሚችል ትልቅ የሥራ ክፍል	Hojii guddaa gara seenaatti hiramuu danda'u	ናብ ጽሑፋት ክፈላለ ዝኽእል ዓቢ ስራሕ	Shaqo badan oo loo kala qaybsan karo sheekooyin
projectForms	projectForms.improvement	Improvement	ማሻሻያ	Fooyyessa	ምምሕያሽ	Horumarinta
projectForms	projectForms.improvementDesc	Enhancements to existing features or processes	ያሉ ባህሪያትን ወይም ሂደቶችን ማሻሻል	Amaloota ykn adeemsa jiranii fooyyessuu	ንዘለዉ ባህርያት ወይ ስርሒታት ዝግበሩ ምምሕያሻት	Horumarinta sifooyinka ama habka jira
projectForms	projectForms.fields	fields	መስኮች	dirreewwan	መዳያት	meelaha
securitySettings	securitySettings.title	Security Settings	የደህንነት ቅንብሮች	Qindaa'ina Nageenya	ናይ ድሕነት ቅጥዒታት	Dejinta Amniga
securitySettings	securitySettings.description	Manage your account security and two-factor authentication.	የመለያዎን ደህንነት እና ባለ ሁለት ደረጃ ማረጋገጫን ያስተዳድሩ።	Nageenya herrega keessanii fi mirkaneessa sadarkaa lamaa bulchi.	ናይ ኣካውንትካ ድሕነት ን ክልተ-ደረጃ ምርግጋጽን ኣመሓድር።	Maamul amniga akoontigaaga iyo xaqiijinta laba-tallaabo.
securitySettings	securitySettings.twoFactorAuth	Two-Factor Authentication	ባለ ሁለት ደረጃ ማረጋገጫ	Mirkaneessa Sadarkaa Lamaa	ክልተ-ደረጃ ምርግጋጽ	Xaqiijinta Laba-Tallaabo
securitySettings	securitySettings.accountProtected	Your account is protected with 2FA	መለያዎ በ 2FA ተጠብቋል	Herregni keessan 2FA tiin eegame	ኣካውንትካ ብ 2FA ተሓልዩ ኣሎ	Akoontigaada waxaa ilaaliyaa 2FA
securitySettings	securitySettings.addExtraLayer	Add an extra layer of security to your account	ለመለያዎ ተጨማሪ የደህንነት ሽፋን ይጨምሩ	Herrega keessaniif dabala nageenya dabalata dabali	ንኣካውንትካ ተወሳኺ ደረጃ ድሕነት ወስኽ	Ku dar lakab amni oo dheeraad ah akoontigaada
securitySettings	securitySettings.enabled	Enabled	ነቅቷል	Dandeeffame	ሰሪሑ ኣሎ	Waa la daaday
securitySettings	securitySettings.disabled	Disabled	ተሰናክሏል	Dhaamfame	ጠፊኡ ኣሎ	Waa la damiyey
securitySettings	securitySettings.authenticatorDesc	Use an authenticator app (like Google Authenticator, Authy, or 1Password) to generate one-time codes for signing in. This protects your account even if your password is compromised.	ለመግባት የአንድ ጊዜ ኮዶችን ለማመንጨት የማረጋገጫ መተግበሪያ (እንደ Google Authenticator፣ Authy ወይም 1Password) ይጠቀሙ። ይህ የይለፍ ቃልዎ ቢጠቃም መለያዎን ይጠብቃል።	Seenuuf koodii al-tokkee uumuuf app mirkaneessaa (kan akka Google Authenticator, Authy, ykn 1Password) fayyadami. Kun jecha iccitii keessan utuu miidhameyyuu herrega keessan ni eega.	ንምእታው ናይ ሓደ ግዜ ኮድ ንምፍጣር ናይ ምርግጋጽ ኣፕ (ከም Google Authenticator፣ Authy፣ ወይ 1Password) ተጠቐም። እዚ ፓስዎርድካ እንተተጠሊፉ እውን ኣካውንትካ ይሕልዎ።	Isticmaal abka xaqiijinta (sida Google Authenticator, Authy, ama 1Password) si aad u sameyso koodyo hal-mar ah oo aad ku soo gasho. Tani waxay ilaaliyaa akoontigaada xitaa haddii erayga sirta ah la ogaado.
securitySettings	securitySettings.setUp2FA	Set Up Two-Factor Authentication	ባለ ሁለት ደረጃ ማረጋገጫ አዋቅር	Mirkaneessa Sadarkaa Lamaa Qindeessi	ክልተ-ደረጃ ምርግጋጽ ኣዳሉ	Habeyn Xaqiijinta Laba-Tallaabo
securitySettings	securitySettings.accountProtectedDesc	Your account is protected with two-factor authentication. You will need your authenticator app or a backup code to sign in.	መለያዎ በባለ ሁለት ደረጃ ማረጋገጫ ተጠብቋል። ለመግባት የማረጋገጫ መተግበሪያዎን ወይም የመጠባበቂያ ኮድ ያስፈልግዎታል።	Herregni keessan mirkaneessa sadarkaa lamaatiin eegame. Seenuuf app mirkaneessaa ykn koodii olkaatoo barbaachisa.	ኣካውንትካ ብክልተ-ደረጃ ምርግጋጽ ተሓልዩ ኣሎ። ንምእታው ናይ ምርግጋጽ ኣፕ ወይ ናይ ድጋፍ ኮድ ክትጥቀም ኣለካ።	Akoontigaada waxaa ilaaliyaa xaqiijinta laba-tallaabo. Waxaad u baahan doontaa abkaaga xaqiijinta ama kood kayd ah si aad u soo gasho.
securitySettings	securitySettings.disable2FA	Disable Two-Factor Authentication	ባለ ሁለት ደረጃ ማረጋገጫ አቦዝን	Mirkaneessa Sadarkaa Lamaa Dhaamsi	ክልተ-ደረጃ ምርግጋጽ ኣጥፍእ	Dami Xaqiijinta Laba-Tallaabo
securitySettings	securitySettings.step1ScanQR	Step 1: Scan QR Code	ደረጃ 1: QR ኮድ ይቃኙ	Tarkaanfii 1: Koodii QR Skaanii	ስጉምቲ 1: QR ኮድ ስካን ግበር	Tallaabada 1: Iskaan QR Koodhka
securitySettings	securitySettings.scanQRDesc	Scan this QR code with your authenticator app.	ይህን QR ኮድ በማረጋገጫ መተግበሪያዎ ይቃኙ።	Koodii QR kana app mirkaneessaa keessaniin skaanii godhi.	እዚ QR ኮድ ብናይ ምርግጋጽ ኣፕካ ስካን ግበር።	Ku iskaan QR koodhkan abkaaga xaqiijinta.
securitySettings	securitySettings.orEnterManually	Or enter this code manually:	ወይም ይህን ኮድ በእጅ ያስገቡ:	Ykn koodii kana harkaan galchi:	ወይ እዚ ኮድ ብኢድ ኣእትው:	Ama gacanta ku geli koodhkan:
securitySettings	securitySettings.step2EnterCode	Step 2: Enter Verification Code	ደረጃ 2: የማረጋገጫ ኮድ ያስገቡ	Tarkaanfii 2: Koodii Mirkaneessaa Galchi	ስጉምቲ 2: ናይ ምርግጋጽ ኮድ ኣእቱ	Tallaabada 2: Geli Koodhka Xaqiijinta
securitySettings	securitySettings.enterCodeDesc	Enter the 6-digit code from your authenticator app.	ከማረጋገጫ መተግበሪያዎ ባለ 6 አሃዝ ኮድ ያስገቡ።	Koodii lakkoofsa 6 app mirkaneessaa keessan irraa galchi.	ካብ ናይ ምርግጋጽ ኣፕካ ናይ 6 ቁጽሪ ኮድ ኣእቱ።	Geli koodhka 6 lambar ah ee abkaaga xaqiijinta.
securitySettings	securitySettings.verifyAndEnable	Verify & Enable	አረጋግጥ እና አንቃ	Mirkaneessi fi Dandeessisi	ኣረጋግጽ ን ኣብርህን	Xaqiiji & Daar
securitySettings	securitySettings.cancelSetup	Cancel setup	ማዋቀርን ሰርዝ	Qindaa'ina haqi	ምዕጣቕ ሰርዝ	Ka noqo habeynta
securitySettings	securitySettings.saveBackupCodes	Save Your Backup Codes	የመጠባበቂያ ኮዶችዎን ያስቀምጡ	Koodii Olkaatoo Keessan Olchaa	ናይ ድጋፍ ኮዳትካ ኣቐምጥ	Kaydi Koodyadaada Kaydka
securitySettings	securitySettings.backupCodesDesc	These codes can be used to access your account if you lose your authenticator device. Each code can only be used once. Store them in a safe place.	እነዚህ ኮዶች የማረጋገጫ መሣሪያዎን ካጡ መለያዎን ለመድረስ ሊጠቀሙባቸው ይችላሉ። እያንዳንዱ ኮድ አንድ ጊዜ ብቻ ሊጠቀሙበት ይችላሉ። በደህንነቱ የተጠበቀ ቦታ ያስቀምጧቸው።	Koodiin kun meeshaa mirkaneessaa keessan yoo dhabdan herrega keessanitti argachuuf fayyadamuu ni dandeessu. Koodiin tokko tokko al-tokko qofa fayyadamamuu danda'a. Bakka nageenya qabutti olchaa.	እዞም ኮዳት ናይ ምርግጋጽ መሳርሒኻ እንተስኢንካ ኣካውንትካ ንምእታው ክጥቀሙ ይኽእሉ። ነፍሲ ወከፍ ኮድ ሓንሳብ ጥራይ ይዝቀም። ኣብ ውሑስ ቦታ ኣቐምጦም።	Koodyadani waxa loo isticmaali karaa in lagu galo akoontigaada haddii aad lumiso qalabka xaqiijintaada. Kood walba hal mar oo kaliya ayaa la isticmaali karaa. Meel ammaan ah ku kaydi.
securitySettings	securitySettings.copyAllCodes	Copy All Codes	ሁሉንም ኮዶች ቅዳ	Koodii Hundaa Garagalchi	ኩሎም ኮዳት ቅዳሕ	Koobbi Dhammaan Koodyadda
securitySettings	securitySettings.disableWarning	Disabling two-factor authentication will make your account less secure. Enter your password to confirm.	ባለ ሁለት ደረጃ ማረጋገጫን ማሰናከል መለያዎን ደህንነቱ ያነሰ ያደርገዋል። ለማረጋገጥ የይለፍ ቃልዎን ያስገቡ።	Mirkaneessa sadarkaa lamaa dhaamsuun herrega keessan nageenya gadi buusa. Mirkaneessuuf jecha iccitii keessan galchi.	ክልተ-ደረጃ ምርግጋጽ ምጥፋእ ኣካውንትካ ውሑስ ዘይምዃኑ ይገብሮ። ንምርግጋጽ ፓስዎርድካ ኣእቱ።	Daminta xaqiijinta laba-tallaabo waxay ka dhigaysaa akoontigaada mid aan aad u ammaan ahayn. Geli eraygaaga sirta ah si aad u xaqiijiso.
securitySettings	securitySettings.confirmPassword	Confirm Password	የይለፍ ቃል ያረጋግጡ	Jecha Iccitii Mirkaneessi	ፓስዎርድ ኣረጋግጽ	Xaqiiji Erayga Sirta
securitySettings	securitySettings.enterYourPassword	Enter your password	የይለፍ ቃልዎን ያስገቡ	Jecha iccitii keessan galchi	ፓስዎርድካ ኣእቱ	Geli eraygaaga sirta ah
securitySettings	securitySettings.confirmDisable	Confirm Disable	ማሰናከልን አረጋግጥ	Dhaamsa Mirkaneessi	ምጥፋእ ኣረጋግጽ	Xaqiiji Daminta
securitySettings	securitySettings.twoFactorEnabledSuccess	Two-factor authentication enabled successfully!	ባለ ሁለት ደረጃ ማረጋገጫ በተሳካ ሁኔታ ነቅቷል!	Mirkaneessi sadarkaa lamaa milkaa'inaan dandeeffame!	ክልተ-ደረጃ ምርግጋጽ ብዓወት ሰሪሑ!	Xaqiijinta laba-tallaabo si guul leh ayaa loo daaday!
securitySettings	securitySettings.twoFactorDisabledSuccess	Two-factor authentication has been disabled.	ባለ ሁለት ደረጃ ማረጋገጫ ተሰናክሏል።	Mirkaneessi sadarkaa lamaa dhaamfame.	ክልተ-ደረጃ ምርግጋጽ ጠፊኡ ኣሎ።	Xaqiijinta laba-tallaabo waa la damiyey.
securitySettings	securitySettings.failedSetup2FA	Failed to set up 2FA	2FA ማዋቀር አልተሳካም	2FA qindeessuu hin dandeenye	2FA ምዕጣቕ ኣይከኣለን	Habeynta 2FA way ku guuldareysatay
securitySettings	securitySettings.invalidCode	Invalid code	ልክ ያልሆነ ኮድ	Koodiin sirrii miti	ዘይቅኑዕ ኮድ	Koodh aan sax ahayn
securitySettings	securitySettings.failedDisable2FA	Failed to disable 2FA	2FA ማሰናከል አልተሳካም	2FA dhaamsu hin dandeenye	2FA ምጥፋእ ኣይከኣለን	Daminta 2FA way ku guuldareysatay
securitySettings	securitySettings.networkError	Network error. Please try again.	የአውታረ መረብ ስህተት። እባክዎ እንደገና ይሞክሩ።	Dogoggora neetworkii. Maaloo irra deebi'ii yaali.	ናይ ኔትወርክ ጸገም። ዳግማይ ፈትን።	Khalad shabakad. Fadlan mar kale isku day.
customization	customization.title	Dashboard Customization	ዳሽቦርድ ማበጀት	Jijjiirraa Daashboordii	ናይ ዳሽቦርድ ምዕጣቕ	Habeynta Dashboorkka
customization	customization.description	Configure which features are available for your organization	ለድርጅትዎ የሚገኙ ባህሪያትን ያዋቅሩ	Amaloota dhaabbata keessaniif jiran qindeessi	ንትካልካ ዝቐርቡ ባህርያት ኣወዳድብ	Habeyn sifooyinka loo heli karo ururkiina
customization	customization.loading	Loading...	በመጫን ላይ...	Fe'aa jira...	ይጸዓን ኣሎ...	Waa la soo rarayaa...
customization	customization.unsavedChanges	Unsaved changes	ያልተቀመጡ ለውጦች	Jijjiirama hin olchamin	ዘይተቐመጡ ለውጥታት	Isbedelo aan la kaydin
customization	customization.reset	Reset	ዳግም አስጀምር	Deebi'i	ዳግማይ ጀምር	Dib u bilow
customization	customization.saving	Saving...	በማስቀመጥ ላይ...	Olchaa jira...	ይቕመጥ ኣሎ...	Waa la kaydiyaa...
customization	customization.saveChanges	Save Changes	ለውጦችን አስቀምጥ	Jijjiirama Olchi	ለውጥታት ኣቐምጥ	Kaydi Isbedelada
customization	customization.quickStartPresets	Quick Start Presets	ፈጣን ጅምር ቅድመ-ቅንብሮች	Qindaa'ina Saffisaa	ናይ ቅልጡፍ ጅማሮ ቅድመ-ቅጥዒታት	Habeynta Bilowga Dhakhsaha
customization	customization.quickStartPresetsDesc	Apply a pre-configured template based on your organization type	በድርጅትዎ ዓይነት ላይ የተመሰረተ ቅድመ-ማዋቀር አብነት ይተግብሩ	Gosa dhaabbata keessan irratti hundaa'uun moodeela dursee qindaa'e raawwadhu	ኣብ ዓይነት ትካልካ ዝተመስረተ ቅድመ-ዝተዳለወ ቅዳሕ ተጠቐም	Dabaq qaab hore loo habeeyey oo ku salaysan nooca uruurkaaga
customization	customization.dashboardSections	Dashboard Sections	የዳሽቦርድ ክፍሎች	Kutaalee Daashboordii	ናይ ዳሽቦርድ ክፋላት	Qaybaha Dashboorkka
customization	customization.dashboardSectionsDesc	Enable or disable entire sections of your dashboard	የዳሽቦርድዎን ሙሉ ክፍሎች ያንቁ ወይም ያሰናክሉ	Kutaalee daashboordii keessanii guutummaan dandeessisi ykn dhaamsi	ናይ ዳሽቦርድ ምሉእ ክፋላት ኣብርህ ወይ ኣጥፍእ	Daar ama dami qaybaha oo dhan ee dashboorkkaaga
customization	customization.budgetFeatures	Budget Features	የበጀት ባህሪያት	Amaloota Baajeta	ናይ በጀት ባህርያት	Sifooyinka Miisaaniyada
customization	customization.globalFeatures	Global Features	አጠቃላይ ባህሪያት	Amaloota Waliigalaa	ሓፈሻዊ ባህርያት	Sifooyinka Guud
customization	customization.aiAssistant	AI Assistant	AI ረዳት	Gargaaraa AI	AI ሓጋዚ	Caawiyaha AI
customization	customization.aiAssistantDesc	Enable AI-powered help and suggestions	በ AI የተደገፈ እርዳታ እና ጥቆማዎችን ያንቁ	Gargaarsa fi yaada AI tiin hojjetamu dandeessisi	ብ AI ዝሰርሕ ሓገዝ ን ምኽርን ኣብርህ	Daar caawinta iyo talooyinka AI
customization	customization.advancedAnalytics	Advanced Analytics	የላቀ ትንታኔ	Xiinxala Sadarkaa Olaanaa	ዝማዕበለ ትንተና	Falanqayn Horumarsan
customization	customization.advancedAnalyticsDesc	Detailed insights and data visualization	ዝርዝር ግንዛቤዎች እና የዳታ ምስላዊ ማቅረቢያ	Hubannoo bal'aa fi mul'isa daataa	ዝርዝር ትንተና ን ናይ ዳታ ምስእላዊ ኣቀራርባን	Aragtiyo faahfaahsan iyo muuqaalka xogta
customization	customization.thirdPartyIntegrations	Third-party Integrations	የሶስተኛ ወገን ውህደቶች	Walitti Makamtii Qaama Sadaffaa	ናይ ሳልሳይ ወገን ውህደታት	Isku xidhka Dhinac Saddexaad
customization	customization.thirdPartyIntegrationsDesc	Connect with external tools and services	ከውጫዊ መሣሪያዎች እና አገልግሎቶች ጋር ያገናኙ	Meeshaalee fi tajaajila alaa waliin walitti hidhi	ምስ ናይ ደገ መሳርሒታት ን ኣገልግሎታትን ተኣሳሰር	Ku xidh qalabka iyo adeegyada dibadda
customization	customization.settingsSaved	Settings saved	ቅንብሮች ተቀምጠዋል	Qindaa'inni olchame	ቅጥዒታት ተቐሚጡ	Dejinta waa la kaydiyey
customization	customization.settingsSavedDesc	Dashboard will reload with new configuration.	ዳሽቦርድ በአዲስ ማዋቀር እንደገና ይጫናል።	Daashboordiin qindaa'ina haaraan irra deebiin ni fe'ama.	ዳሽቦርድ ብሓድሽ ኣወዳድባ ዳግማይ ክጸዓን እዩ።	Dashboorkku wuxuu ku soo noqon doonaa habeyn cusub.
customization	customization.saveFailed	Save failed	ማስቀመጥ አልተሳካም	Olchuun hin milkoofne	ምቕማጥ ኣይከኣለን	Kaydinta way ku guuldareysatay
customization	customization.saveFailedDesc	Please try again.	እባክዎ እንደገና ይሞክሩ።	Maaloo irra deebi'ii yaali.	ዳግማይ ፈትን።	Fadlan mar kale isku day.
customization	customization.teams	Teams	ቡድኖች	Gareelee	ጋንታታት	Kooxaha
customization	customization.teamsDesc	Team management, member tracking, and collaboration	የቡድን አስተዳደር፣ የአባላት ክትትል እና ትብብር	Bulchiinsa garee, hordoffii miseensotaa, fi waliin hojjachuu	ናይ ጋንታ ምሕደራ፣ ናይ ኣባላት ክትትል፣ ን ምትሕብባርን	Maaraynta kooxda, la socodka xubnaha, iyo iskaashiga
customization	customization.budget	Budget	በጀት	Baajeta	በጀት	Miisaaniyad
customization	customization.budgetDesc	Financial management, expenses, and forecasting	የፋይናንስ አስተዳደር፣ ወጪዎች እና ትንበያ	Bulchiinsa maallaqaa, baasii, fi tilmaama	ናይ ፋይናንስ ምሕደራ፣ ወጻኢታት፣ ን ትንቢትን	Maaraynta maaliyadda, kharashaadka, iyo saadaalinta
customization	customization.goals	Goals	ግቦች	Galmoota	ዕላማታት	Hadafyada
customization	customization.goalsDesc	OKRs, milestones, and goal tracking	OKR-ዎች፣ ማይልስቶኖች እና የግብ ክትትል	OKR, milestone, fi hordoffii galmoo	OKRs፣ ዓበይቲ ምዕራፋት፣ ን ናይ ዕላማ ክትትልን	OKRs, marxaladaha, iyo raadraacinta hadafka
customization	customization.automations	Automations	አውቶሜሽኖች	Ofumaan Hojjachuu	ኦቶመይሽናት	Otomaatikada
customization	customization.automationsDesc	Workflows, triggers, and automated processes	የሥራ ፍሰቶች፣ ቀስቅሴዎች እና አውቶማቲክ ሂደቶች	Adeemsa hojii, kakaasaa, fi adeemsa ofumaa	ናይ ስራሕ ኣሰራርሓ፣ ኣባራዕቲ፣ ን ኣውቶማቲክ ስርሒታትን	Habka shaqada, kiciyayaasha, iyo habab toos ah
customization	customization.aiDocuments	AI Documents	AI ሰነዶች	Dokumantoota AI	AI ሰነዳት	Dukumentiyada AI
customization	customization.aiDocumentsDesc	Document processing with AI features	በ AI ባህሪያት የሰነድ ማስተናገድ	Gaggeessuu dokumantii amala AI waliin	ብ AI ባህርያት ናይ ሰነድ ምስራሕ	Habeeynta dukumentiyada oo leh sifooyinka AI
customization	customization.docsWiki	Docs & Wiki	ሰነዶች እና ዊኪ	Dokumantoota fi Wiikii	ሰነዳት ን ዊኪን	Dukumentiyo & Wiiki
customization	customization.docsWikiDesc	Knowledge base and documentation	የእውቀት ቋት እና ሰነዶች	Kuusaa beekumsaa fi galmeewwan	ናይ ፍልጠት መሰረት ን ሰነዳትን	Saldhigga aqoonta iyo dukumentiyada
customization	customization.projects	Projects	ፕሮጀክቶች	Pirojektota	ፕሮጀክትታት	Mashruucyo
customization	customization.projectsDesc	Project management and tracking	የፕሮጀክት አስተዳደር እና ክትትል	Bulchiinsa fi hordoffii pirojektii	ናይ ፕሮጀክት ምሕደራ ን ክትትልን	Maaraynta iyo raadraacinta mashruuca
customization	customization.analytics	Analytics	ትንታኔ	Xiinxala	ትንተና	Falanqaynta
customization	customization.analyticsDesc	Data insights and reporting	የዳታ ግንዛቤዎች እና ሪፖርት	Hubannoo daataa fi gabaasa	ናይ ዳታ ትንተና ን ጸብጻባትን	Aragtiyo xogeed iyo warbixinnada
documentsSettings	documentsSettings.title	Documents Settings	የሰነዶች ቅንብሮች	Qindaa'ina Dokumantoota	ናይ ሰነዳት ቅጥዒታት	Dejinta Dukumentiyada
documentsSettings	documentsSettings.generalSettings	General Settings	አጠቃላይ ቅንብሮች	Qindaa'ina Waliigalaa	ሓፈሻዊ ቅጥዒታት	Dejinta Guud
documentsSettings	documentsSettings.enableAutoSave	Enable Auto-Save	ራስ-ሰር ማስቀመጥ አንቃ	Ofumaan Olchuu Dandeessisi	ኣውቶማቲክ ምቕማጥ ኣብርህ	Daar Kaydinta Tooska ah
documentsSettings	documentsSettings.autoSaveDesc	Automatically save document changes	የሰነድ ለውጦችን በራስ-ሰር ያስቀምጡ	Jijjiirama dokumantii ofumaan olchi	ናይ ሰነድ ለውጥታት ብኣውቶማቲክ ኣቐምጥ	Si toos ah u kaydi isbedelada dukumentiga
documentsSettings	documentsSettings.enableVersionControl	Enable Version Control	የስሪት ቁጥጥር አንቃ	To'annoo Gosa Dandeessisi	ናይ ሕታም ቁጽጽር ኣብርህ	Daar Xakamaynta Nooca
documentsSettings	documentsSettings.versionControlDesc	Track document version history	የሰነድ ስሪት ታሪክ ይከታተሉ	Seenaa gosa dokumantii hordofi	ናይ ሰነድ ናይ ሕታም ታሪኽ ተኸታተል	Raadraac taariikhda noocyada dukumentiga
documentsSettings	documentsSettings.saveSettings	Save Settings	ቅንብሮችን አስቀምጥ	Qindaa'ina Olchi	ቅጥዒታት ኣቐምጥ	Kaydi Dejinta
goalSettings	goalSettings.title	Goal Settings	የግብ ቅንብሮች	Qindaa'ina Galmoo	ናይ ዕላማ ቅጥዒታት	Dejinta Hadafka
goalSettings	goalSettings.saveChanges	Save Changes	ለውጦችን አስቀምጥ	Jijjiirama Olchi	ለውጥታት ኣቐምጥ	Kaydi Isbedelada
goalSettings	goalSettings.general	General	አጠቃላይ	Waliigalaa	ሓፈሻዊ	Guud
goalSettings	goalSettings.notifications	Notifications	ማሳወቂያዎች	Beeksisa	ሓበሬታታት	Ogeysiisyada
goalSettings	goalSettings.okrSettings	OKR Settings	የ OKR ቅንብሮች	Qindaa'ina OKR	ናይ OKR ቅጥዒታት	Dejinta OKR
goalSettings	goalSettings.security	Security	ደህንነት	Nageenya	ድሕነት	Amniga
goalSettings	goalSettings.generalSettings	General Settings	አጠቃላይ ቅንብሮች	Qindaa'ina Waliigalaa	ሓፈሻዊ ቅጥዒታት	Dejinta Guud
goalSettings	goalSettings.generalSettingsDesc	Configure goal and OKR settings	የግብ እና OKR ቅንብሮችን ያዋቅሩ	Qindaa'ina galmoo fi OKR qindeessi	ናይ ዕላማ ን OKR ቅጥዒታትን ኣወዳድብ	Habeyn dejinta hadafka iyo OKR
goalSettings	goalSettings.defaultGoalCycle	Default Goal Cycle	ነባሪ የግብ ዑደት	Marsaa Galmoo Durtii	ነባሪ ናይ ዕላማ ዑደት	Wareegga Caadiga ah ee Hadafka
goalSettings	goalSettings.monthly	Monthly	ወርሃዊ	Ji'aan	ወርሓዊ	Bilaha
goalSettings	goalSettings.quarterly	Quarterly	ሩብ ዓመታዊ	Kurmaana Waggaan	ሩብ ዓመታዊ	Rubuc-sannadlaha
goalSettings	goalSettings.yearly	Yearly	ዓመታዊ	Waggaan	ዓመታዊ	Sannadlaha
goalSettings	goalSettings.autoRollover	Auto-rollover incomplete goals	ያልተጠናቀቁ ግቦችን ራስ-ሰር ማዛወር	Galmoota hin xumuramne ofumaan dabarsi	ዘይተወድኡ ዕላማታት ብኣውቶማቲክ ኣስግር	Si toos ah u gudbi hadafyada aan la dhammeeyn
goalSettings	goalSettings.autoRolloverDesc	Automatically carry over incomplete goals to next cycle	ያልተጠናቀቁ ግቦችን ወደ ቀጣዩ ዑደት በራስ-ሰር ያዛውሩ	Galmoota hin xumuramne gara marsaa itti aanuutti ofumaan dabarsi	ዘይተወድኡ ዕላማታት ናብ ዝቕጽል ዑደት ብኣውቶማቲክ ኣሰጋግር	Si toos ah u gudbi hadafyada aan la dhammeeyn wareegga xiga
goalSettings	goalSettings.requireGoalOwner	Require goal owner	የግብ ባለቤት ያስፈልጋል	Abbaa galmoo barbaachisa	ናይ ዕላማ ዋና ግዴታ	U baahan milkiilaha hadafka
goalSettings	goalSettings.requireGoalOwnerDesc	All goals must have an assigned owner	ሁሉም ግቦች የተመደበ ባለቤት ሊኖራቸው ይገባል	Galmootni hunduu abbaa ramadame qabaachuu qabu	ኩሎም ዕላማታት ዝተመደበ ዋና ክህልዎም ኣለዎ	Dhammaan hadafyadu waa inay leeyihiin milkiila loo xilsaaray
goalSettings	goalSettings.notificationPreferences	Notification Preferences	የማሳወቂያ ምርጫዎች	Filannoo Beeksisaa	ናይ ሓበሬታ ምርጫታት	Doorashada Ogeysiisyada
goalSettings	goalSettings.notificationPreferencesDesc	Manage goal notifications	የግብ ማሳወቂያዎችን ያስተዳድሩ	Beeksisa galmoo bulchi	ናይ ዕላማ ሓበሬታታት ኣመሓድር	Maamul ogeysiisyada hadafka
goalSettings	goalSettings.emailNotifications	Email notifications	የኢሜይል ማሳወቂያዎች	Beeksisa imeelii	ናይ ኢመይል ሓበሬታታት	Ogeysiisyada iimayl
goalSettings	goalSettings.emailNotificationsDesc	Receive email updates for goal activity	ለግብ እንቅስቃሴ የኢሜይል ዝመናዎችን ይቀበሉ	Sochii galmootiif haaromsa imeelii fudhacchuu	ንናይ ዕላማ ንጥፈት ናይ ኢመይል ሓበሬታ ተቐበል	Ku hel cusboonaysiinta hadafka iimayl
goalSettings	goalSettings.notifyOnProgress	Notify on progress updates	በእድገት ዝመናዎች ላይ ያሳውቁ	Haaromsa adeemsa irratti beeksisi	ኣብ ናይ ግስጋሰ ምሕዳስ ሓብር	Ogeysii cusboonaysiinta horumarka
goalSettings	goalSettings.notifyOnProgressDesc	Get notified when goal progress is updated	የግብ እድገት ሲዘመን ማሳወቂያ ይቀበሉ	Adeemsi galmoo yeroo haaromu beeksisa argattu	ናይ ዕላማ ግስጋሰ ክሕደስ ከሎ ሓበሬታ ተቐበል	Hel ogeysiis markii horumarka hadafka la cusboonaysiiyo
goalSettings	goalSettings.weeklyGoalReminders	Weekly goal reminders	ሳምንታዊ የግብ ማስታወሻዎች	Yaadachiisa galmoo torbaniin	ሰሙናዊ ናይ ዕላማ ኣዘካሪ	Xasuusin toddobaadlaha ah ee hadafka
goalSettings	goalSettings.weeklyGoalRemindersDesc	Receive weekly reminders to update goal progress	የግብ እድገትን ለማዘመን ሳምንታዊ ማስታወሻዎችን ይቀበሉ	Adeemsa galmoo haaromsuuf yaadachiisa torbaniin fudhacchuu	ናይ ዕላማ ግስጋሰ ንምሕዳስ ሰሙናዊ ኣዘካሪ ተቐበል	Hel xasuusin toddobaadlaha ah si aad u cusboonaysii horumarka hadafka
teamSettings	teamSettings.title	Team Settings	የቡድን ቅንብሮች	Qindaa'ina Garee	ናይ ጋንታ ቅጥዒታት	Dejinta Kooxda
teamSettings	teamSettings.saveChanges	Save Changes	ለውጦችን አስቀምጥ	Jijjiirama Olchi	ለውጥታት ኣቐምጥ	Kaydi Isbedelada
teamSettings	teamSettings.general	General	አጠቃላይ	Waliigalaa	ሓፈሻዊ	Guud
teamSettings	teamSettings.notifications	Notifications	ማሳወቂያዎች	Beeksisa	ሓበሬታታት	Ogeysiisyada
teamSettings	teamSettings.members	Members	አባላት	Miseensota	ኣባላት	Xubnaha
teamSettings	teamSettings.security	Security	ደህንነት	Nageenya	ድሕነት	Amniga
teamSettings	teamSettings.generalSettings	General Settings	አጠቃላይ ቅንብሮች	Qindaa'ina Waliigalaa	ሓፈሻዊ ቅጥዒታት	Dejinta Guud
teamSettings	teamSettings.generalSettingsDesc	Configure team settings	የቡድን ቅንብሮችን ያዋቅሩ	Qindaa'ina garee qindeessi	ናይ ጋንታ ቅጥዒታት ኣወዳድብ	Habeyn dejinta kooxda
teamSettings	teamSettings.maxTeamSize	Maximum Team Size	ከፍተኛ የቡድን መጠን	Hanga Garee Ol'aanaa	ዝለዓለ ብዝሒ ጋንታ	Tirada Ugu Badan ee Kooxda
teamSettings	teamSettings.allowSelfJoin	Allow self-join	በራስ መቀላቀልን ፍቀድ	Ofiin makamuu hayyami	ባዕልኻ ምጽንባር ፍቐድ	U oggolow is-ku-biirista
teamSettings	teamSettings.allowSelfJoinDesc	Team members can join teams without invitation	የቡድን አባላት ያለ ግብዣ ቡድኖችን መቀላቀል ይችላሉ	Miseensotni garee afeerraa malee garee makamuu ni danda'u	ኣባላት ጋንታ ብዘይ ዕድመ ናብ ጋንታታት ክጽንበሩ ይኽእሉ	Xubnaha kooxda waxay ku biiri karaan kooxo la'aantii casuumaad
teamSettings	teamSettings.requireApproval	Require approval for new teams	ለአዲስ ቡድኖች ማጽደቂያ ያስፈልጋል	Garee haaraaf hayyama barbaachisa	ንሓደስቲ ጋንታታት ምጽዳቕ ግዴታ	U baahan ansixinta kooxaha cusub
teamSettings	teamSettings.requireApprovalDesc	New teams must be approved before activation	አዲስ ቡድኖች ከመነቃቃታቸው በፊት መጽደቅ አለባቸው	Gareeleen haaraan osoo hin hojii irra ooliin hayyamuu qabu	ሓደስቲ ጋንታታት ቅድሚ ምንቅስቓሶም ክጸድቑ ኣለዎም	Kooxaha cusub waa in la ansixiyaa ka hor inta aysan firfircoonaanin
teamSettings	teamSettings.notificationPreferences	Notification Preferences	የማሳወቂያ ምርጫዎች	Filannoo Beeksisaa	ናይ ሓበሬታ ምርጫታት	Doorashada Ogeysiisyada
teamSettings	teamSettings.notificationPreferencesDesc	Manage team notifications	የቡድን ማሳወቂያዎችን ያስተዳድሩ	Beeksisa garee bulchi	ናይ ጋንታ ሓበሬታታት ኣመሓድር	Maamul ogeysiisyada kooxda
teamSettings	teamSettings.emailNotifications	Email notifications	የኢሜይል ማሳወቂያዎች	Beeksisa imeelii	ናይ ኢመይል ሓበሬታታት	Ogeysiisyada iimayl
teamSettings	teamSettings.emailNotificationsDesc	Receive email updates for team activity	ለቡድን እንቅስቃሴ የኢሜይል ዝመናዎችን ይቀበሉ	Sochii gareef haaromsa imeelii fudhacchuu	ንናይ ጋንታ ንጥፈት ናይ ኢመይል ሓበሬታ ተቐበል	Ku hel cusboonaysiinta dhaqdhaqaaqa kooxda iimayl
teamSettings	teamSettings.notifyOnInvite	Notify on team invite	በቡድን ግብዣ ላይ ያሳውቁ	Afeerraa garee irratti beeksisi	ኣብ ናይ ጋንታ ዕድመ ሓብር	Ogeysii casuumaadda kooxda
teamSettings	teamSettings.notifyOnInviteDesc	Get notified when invited to a team	ወደ ቡድን ሲጋበዙ ማሳወቂያ ይቀበሉ	Gara garee yeroo affeeramtanitti beeksisa argattu	ናብ ጋንታ ክትዕደም ከለኻ ሓበሬታ ተቐበል	Hel ogeysiis markaad koox lagu casuumo
underConstruction	underConstruction.title	Under Construction	በግንባታ ላይ	Ijaarsa Irra	ኣብ ህንጸት ኣሎ	Waa la Dhisayaa
underConstruction	underConstruction.description	This page is under construction and will be available soon.	ይህ ገጽ በግንባታ ላይ ነው እና በቅርቡ ይገኛል።	Fuulli kun ijaarsa irra jira, dhiyootti ni argama.	እዚ ገጽ ኣብ ህንጸት ኣሎ ኣብ ቀረባ ክቐርብ እዩ።	Boggan waa la dhisayaa waxaana loo heli doonaa dhowaan.
compliancePage	compliancePage.title	Compliance	ተገዢነት	Hordoffii	ምእዛዝ	Waafaqsanaan
compliancePage	compliancePage.description	Track regulatory requirements and audit documentation	የቁጥጥር መስፈርቶችን እና የኦዲት ሰነዶችን ይከታተሉ	Ulaagaalee to'annoo fi sanadoota oddeetii hordofi	ናይ ቁጽጽር ረቛሒታት ከምኡ'ውን ናይ ኦዲት ሰነዳት ተኸታተሉ	Shuruudaha xeerarka iyo dukumentiyada baadhitaanka la soco
procurementPage	procurementPage.title	Procurement	ግዥ	Bittaa	ግዝኢ	Iibsasho
procurementPage	procurementPage.description	Manage purchase orders, vendors, and procurement workflows	የግዥ ትዕዛዞችን፣ አቅራቢዎችን እና የግዥ ሂደቶችን ያስተዳድሩ	Ajaja bittaa, dhiyeessituu fi adeemsa bittaa bulchi	ናይ ግዝኢ ትእዛዛት፣ ኣቕረብቲ ከምኡ'ውን ናይ ግዝኢ ኣገባብ ኣመሓድሩ	Dalbadaha iibsashada, bixiyeyaasha iyo habka iibsashada maamul
equipmentPage	equipmentPage.title	Equipment	መሳሪያዎች	Meeshaalee	መሳርሒታት	Qalabka
equipmentPage	equipmentPage.description	Track equipment inventory, maintenance, and utilization	የመሳሪያ ቆጠራ፣ ጥገና እና አጠቃቀምን ይከታተሉ	Herrega meeshaa, suphaa fi itti fayyadama hordofi	ናይ መሳርሒ ቆጸራ፣ ጽገና ከምኡ'ውን ኣጠቓቕማ ተኸታተሉ	Liiska qalabka, dayactirka iyo isticmaalka la soco
facilitiesPage	facilitiesPage.title	Facilities	ተቋማት	Dhaabbileen	ትካላት	Xaruumaha
facilitiesPage	facilitiesPage.description	Manage buildings, rooms, and facility maintenance	ህንፃዎችን፣ ክፍሎችን እና የተቋም ጥገናን ያስተዳድሩ	Gamoo, kutaa fi suphaa dhaabbataa bulchi	ህንጻታት፣ ክፍልታት ከምኡ'ውን ናይ ትካል ጽገና ኣመሓድሩ	Dhismayaasha, qolalka iyo dayactirka xarunta maamul
grantsPage	grantsPage.title	Grants	ድጋፎች	Deeggarsa	ሓገዛት	Deeqaha
grantsPage	grantsPage.description	Track grant applications, funding sources, and disbursements	የድጋፍ ማመልከቻዎችን፣ የገንዘብ ምንጮችን እና ስርጭቶችን ይከታተሉ	Iyyannoo deeggarsa, madda maallaqaa fi raabsaa hordofi	ናይ ሓገዝ ምልክታታት፣ ናይ ገንዘብ ምንጭታት ከምኡ'ውን ምዝርጋሕ ተኸታተሉ	Codsiyada deeqda, ilaha dhaqaalaha iyo qaybinta la soco
impactPage	impactPage.title	Impact Measurement	የተፅዕኖ ልኬት	Safara Dhiibbaa	ልኬት ጽልዋ	Cabbirka Saamaynta
impactPage	impactPage.description	Measure and report on project outcomes and KPIs	በፕሮጀክት ውጤቶች እና KPIs ላይ ይለኩ እና ያሳውቁ	Bu'aa pirojektii fi KPIs irratti safari fi gabaasi	ኣብ ውጽኢታት ፕሮጀክት ከምኡ'ውን KPIs ልኸዩ ከምኡ'ውን ሓብሩ	Natiijooyinka mashruuca iyo KPIs ku cabbir oo ka warbixin
safetyPage	safetyPage.title	Safety Management	የደህንነት አስተዳደር	Bulchiinsa Nageenyaa	ምሕደራ ድሕነት	Maamulka Badbaadada
safetyPage	safetyPage.description	Monitor safety incidents, inspections, and compliance	የደህንነት ክስተቶችን፣ ፍተሻዎችን እና ተገዢነትን ይከታተሉ	Balaa nageenyaa, sakatta'iinsa fi hordoffii hordofi	ናይ ድሕነት ፍጻመታት፣ መርመራታት ከምኡ'ውን ምእዛዝ ተኸታተሉ	Dhacdooyinka badbaadada, baadhitaannada iyo waafaqsanaan la soco
coursesPage	coursesPage.title	Courses	ትምህርቶች	Barnoota	ኮርሳት	Koorsooyin
coursesPage	coursesPage.description	Course management features are coming soon	የትምህርት አስተዳደር ባህሪያት በቅርቡ ይመጣሉ	Amaloota bulchiinsa barnootaa dhiyootti ni dhufu	ናይ ኮርስ ምሕደራ ባህርያት ቀረባ ግዜ ክመጽእ እዩ	Astaamaha maamulka koorsada dhowaan waa imanayaan
sitesPage	sitesPage.title	Sites	ቦታዎች	Bakkeewwan	ቦታታት	Goobaha
sitesPage	sitesPage.description	Track project sites and geographic operations	የፕሮጀክት ቦታዎችን እና ጂኦግራፊያዊ ስራዎችን ይከታተሉ	Bakka pirojektii fi hojii jiyoogiraafii hordofi	ናይ ፕሮጀክት ቦታታት ከምኡ'ውን ጂኦግራፊያዊ ስራሕ ተኸታተሉ	Goobaha mashruuca iyo howlaha juquraafiga la soco
patientsPage	patientsPage.title	Patients	ታካሚዎች	Dhukkubsattoota	ሕሙማት	Bukaan-socodka
patientsPage	patientsPage.description	Track patient records and medical history	የታካሚ መዝገቦችን እና የሕክምና ታሪክን ይከታተሉ	Galmee dhukkubsataa fi seenaa yaalaa hordofi	ናይ ሕሙም መዛግብቲ ከምኡ'ውን ናይ ሕክምና ታሪኽ ተኸታተሉ	Diiwaanka bukaan-socodka iyo taariikhda caafimaad la soco
resourcesPage	resourcesPage.title	Resources	ሀብቶች	Qabeenyaa	ጸጋታት	Kheyraadka
resourcesPage	resourcesPage.description	Manage resource allocation and capacity planning	የሀብት ምደባ እና የአቅም ዕቅድን ያስተዳድሩ	Ramaddii qabeenyaa fi karoora dandeettii bulchi	ናይ ጸጋ ምምዳብ ከምኡ'ውን ናይ ዓቕሚ ዕቅዲ ኣመሓድሩ	Qoondeynta kheyraadka iyo qorsheynta awoodda maamul
issuesList	issuesList.loadingIssues	Loading issues...	ጉዳዮችን በመጫን ላይ...	Dhimmoota fe'aa jira...	ጉዳያት ይጽዕን ኣሎ...	Arrimaha soo raraya...
issuesList	issuesList.noIssues	No issues	ጉዳዮች የሉም	Dhimmootni hin jiran	ጉዳያት የለዉን	Arrimo ma jiraan
issuesList	issuesList.getStarted	Get started by creating a new issue.	አዲስ ጉዳይ በመፍጠር ይጀምሩ።	Dhimma haaraa uumuudhaan eegali.	ሓድሽ ጉዳይ ብምፍጣር ጀምሩ።	Arrin cusub samee si aad u bilowdo.
issuesList	issuesList.noMatchSearch	No issues match your search.	ከፍለጋዎ ጋር የሚዛመድ ጉዳይ የለም።	Barbaachaa kee waliin kan walsimatu hin jiru.	ምስ ድልየትኩም ዝሰማማዕ ጉዳይ የለን።	Raadintaada la waafaqsan arrimo ma jiraan.
